date,sh_index_000001,fund_050002,bond_pure_000015,bond_qdii_004998,dividend_100032,money_market_000198,quant_a_001917,gold_000216,nasdaq_000834,global_tech_017730,oil_501018
2015-01-05,3350.519,1.0689,1.052,,1.507,1.020221379415998,,0.898,0.982,,
2015-01-06,3351.446,1.0711,1.053,,1.518,1.020276731777073,,0.905,0.974,,
2015-01-07,3373.954,1.0713,1.054,,1.515,1.0203320871413035,,0.907,0.98,,
2015-01-08,3293.456,1.0493,1.056,,1.487,1.020387445508853,,0.905,0.995,,
2015-01-09,3285.412,1.0481,1.057,,1.481,1.0204428068798845,,0.906,0.99,,
2015-01-12,3229.316,1.0402,1.058,,1.456,1.020608909015499,,0.917,0.981,,
2015-01-13,3235.301,1.0397,1.06,,1.467,1.0206642824020873,,0.922,0.979,,
2015-01-14,3222.437,1.0362,1.063,,1.463,1.020719658792972,,0.923,0.976,,
2015-01-15,3336.455,1.0662,1.063,,1.497,1.0207750381883167,,0.914,0.964,,
2015-01-16,3376.495,1.074,1.065,,1.507,1.0208304205882839,,0.939,0.975,,
2015-01-19,3116.351,0.9946,1.066,,1.41,1.0209965858175518,,0.953,0.975,,
2015-01-20,3173.052,1.0058,1.066,,1.385,1.02105198023764,,0.954,0.981,,
2015-01-21,3323.611,1.0487,1.067,,1.429,1.021107377663166,,0.969,0.986,,
2015-01-22,3343.344,1.0522,1.067,,1.437,1.0211627780942931,,0.958,1.001,,
2015-01-23,3351.764,1.053,1.068,,1.43,1.0212181815311838,,0.967,1.004,,
2015-01-26,3383.182,1.0589,1.068,,1.448,1.0213844098780713,,0.971,1.004,,
2015-01-27,3352.96,1.0512,1.068,,1.446,1.021439825339649,,0.962,0.982,,
2015-01-28,3305.738,1.0378,1.068,,1.435,1.021495243807806,,0.965,0.975,,
2015-01-29,3262.305,1.0236,1.068,,1.427,1.0215506652827058,,0.959,0.984,,
2015-01-30,3210.363,1.012,1.068,,1.412,1.0216060897645112,,0.944,0.978,,
2015-02-02,3128.3,0.9917,1.068,,1.387,1.021772381252993,,0.961,0.986,,
2015-02-03,3204.907,1.0147,1.067,,1.408,1.0218278177640527,,0.962,0.995,,
2015-02-04,3174.126,1.0068,1.067,,1.399,1.021883257282834,,0.95,0.992,,
2015-02-05,3136.531,0.9985,1.068,,1.381,1.0219386998095,,0.951,1.001,,
2015-02-06,3075.907,0.9849,1.069,,1.354,1.0219941453442138,,0.95,0.993,,
2015-02-09,3095.124,0.9943,1.07,,1.353,1.0221604999982745,,0.935,0.991,,
2015-02-10,3141.593,1.0118,1.07,,1.376,1.022215957566812,,0.937,1.005,,
2015-02-11,3157.704,1.0205,1.073,,1.381,1.0222714181442134,,0.932,1.008,,
2015-02-12,3173.416,1.0251,1.074,,1.384,1.022326881730642,,0.922,1.019,,
2015-02-13,3203.827,1.0317,1.074,,1.401,1.022382348326261,,0.928,1.026,,
2015-02-16,3222.363,1.04,1.076,,1.41,1.022548766169894,,0.931,1.026,,
2015-02-17,3246.906,1.0468,1.077,,1.421,1.0226042448039077,,0.926,1.027,,
2015-02-25,3228.843,1.0346,1.079,,1.416,1.0230481822499848,,0.917,1.041,,
2015-02-26,3298.359,1.0592,1.079,,1.441,1.0231036879799404,,0.917,1.046,,
2015-02-27,3310.303,1.061,1.08,,1.442,1.023159196721373,,0.918,1.042,,
2015-03-02,3336.285,1.0672,1.08,,1.463,1.0233257410161667,,0.927,1.053,,
2015-03-03,3263.052,1.0407,1.079,,1.443,1.0233812618051412,,0.918,1.048,,
2015-03-04,3279.533,1.0483,1.079,,1.453,1.0234367856064097,,0.916,1.044,,
2015-03-05,3248.476,1.0375,1.078,,1.44,1.0234923124201358,,0.911,1.047,,
2015-03-06,3241.187,1.0347,1.077,,1.438,1.0235478422464828,,0.909,1.035,,
2015-03-09,3302.408,1.0539,1.078,,1.463,1.0237144498028832,,0.892,1.04,,
2015-03-10,3286.068,1.0492,1.077,,1.463,1.0237699916813483,,0.885,1.024,,
2015-03-11,3290.9,1.0523,1.078,,1.468,1.0238255365732516,,0.884,1.019,,
2015-03-12,3349.323,1.0737,1.079,,1.485,1.0238810844787567,,0.886,1.027,,
2015-03-13,3372.911,1.0809,1.078,,1.498,1.0239366353980268,,0.882,1.023,,
2015-03-16,3449.305,1.107,1.079,,1.528,1.0241033062400642,,0.883,1.036,,
2015-03-17,3502.847,1.1211,1.078,,1.55,1.0241588692160306,,0.876,1.037,,
2015-03-18,3577.301,1.1456,1.077,,1.585,1.0242144352065798,,0.869,1.046,,
2015-03-19,3582.271,1.1434,1.077,,1.593,1.0242700042118755,,0.882,1.046,,
2015-03-20,3617.318,1.1571,1.078,,1.606,1.0243255762320813,,0.882,1.054,,
2015-03-23,3687.728,1.1806,1.078,,1.636,1.0244923103837944,,0.89,1.05,,
2015-03-24,3691.41,1.176,1.077,,1.642,1.024547894465276,,0.894,1.047,,
2015-03-25,3660.727,1.1659,1.075,,1.635,1.0246034815624856,,0.895,1.021,,
2015-03-26,3682.095,1.172,1.072,,1.639,1.0246590716755866,,0.905,1.016,,
2015-03-27,3691.096,1.1793,1.07,,1.653,1.024714664804743,,0.904,1.022,,
2015-03-30,3786.568,1.2149,1.068,,1.691,1.0248814622901798,,0.898,1.033,,
2015-03-31,3747.899,1.2059,1.065,,1.681,1.0249370674851934,,0.886,1.023,,
2015-04-01,3810.294,1.2275,1.066,,1.712,1.0249926756970806,,0.89,1.021,,
2015-04-02,3825.784,1.2294,1.068,,1.737,1.025048286926005,,0.903,1.021,,
2015-04-03,3863.929,1.2415,1.068,,1.768,1.0251039011721301,,0.9,1.021,,
2015-04-07,3961.378,1.2689,1.069,,1.818,1.0253263883319137,,0.907,1.026,,
2015-04-08,3994.811,1.2846,1.068,,1.827,1.025382017666499,,0.909,1.033,,
2015-04-09,3957.534,1.2761,1.069,,1.814,1.0254376500192672,,0.896,1.04,,
2015-04-10,4034.31,1.3028,1.07,,1.858,1.0254932853903824,,0.897,1.045,,
2015-04-13,4121.715,1.3226,1.071,,1.891,1.0256602096154477,,0.906,1.043,,
2015-04-14,4135.565,1.3226,1.073,,1.893,1.0257158570615883,,0.898,1.04,,
2015-04-15,4084.163,1.3053,1.075,,1.85,1.025771507526895,,0.894,1.046,,
2015-04-16,4194.823,1.3428,1.076,,1.887,1.0258271610115313,,0.902,1.044,,
2015-04-17,4287.296,1.3633,1.076,,1.905,1.025882817515661,,0.901,1.029,,
2015-04-20,4217.077,1.3399,1.081,,1.869,1.026049805146649,,0.907,1.045,,
2015-04-21,4293.623,1.3685,1.084,,1.909,1.0261054737303907,,0.895,1.05,,
2015-04-22,4398.494,1.4022,1.083,,1.961,1.0261611453344452,,0.901,1.055,,
2015-04-23,4414.508,1.4027,1.083,,1.965,1.026216819958976,,0.889,1.06,,
2015-04-24,4393.686,1.3897,1.082,,1.946,1.0262724976041475,,0.896,1.074,,
2015-04-27,4527.396,1.4215,1.083,,1.975,1.026439548665143,,0.888,1.072,,
2015-04-28,4476.215,1.4057,1.084,,1.939,1.026495238394515,,0.902,1.07,,
2015-04-29,4476.62,1.4151,1.085,,1.956,1.026550931145347,,0.906,1.062,,
2015-04-30,4441.655,1.4097,1.086,,1.958,1.0266066269178027,,0.901,1.045,,
2015-05-04,4480.464,1.4224,1.088,,1.984,1.026829440227143,,0.889,1.064,,
2015-05-05,4298.706,1.3657,1.088,,1.905,1.0268851511101773,,0.892,1.047,,
2015-05-06,4229.266,1.3554,1.088,,1.868,1.0269408650158192,,0.896,1.04,,
2015-05-07,4112.214,1.3362,1.089,,1.827,1.0269965819442326,,0.889,1.046,,
2015-05-08,4205.917,1.3617,1.091,,1.87,1.0270523018955817,,0.891,1.059,,
2015-05-11,4333.584,1.3979,1.093,,1.934,1.0272194798888827,,0.89,1.054,,
2015-05-12,4401.219,1.4134,1.094,,1.962,1.0272752119336146,,0.889,1.053,,
2015-05-13,4375.76,1.4064,1.096,,1.957,1.027330947002102,,0.895,1.054,,
2015-05-14,4378.311,1.3972,1.1,,1.958,1.0273866850945093,,0.909,1.069,,
2015-05-15,4308.691,1.3745,1.101,,1.929,1.0274424262110005,,0.911,1.069,,
2015-05-18,4283.491,1.3637,1.103,,1.928,1.0276096677066178,,0.918,1.073,,
2015-05-19,4417.552,1.4097,1.102,,1.985,1.0276654209210854,,0.912,1.072,,
2015-05-20,4446.288,1.4194,1.102,,2.012,1.027721177160457,,0.902,1.075,,
2015-05-21,4529.422,1.4494,1.102,,2.07,1.0277769364248972,,0.905,1.081,,
2015-05-22,4657.596,1.4846,1.103,,2.118,1.02783269871457,,0.904,1.081,,
2015-05-25,4813.798,1.5316,1.102,,2.178,1.028000003736625,,0.9,1.081,,
2015-05-26,4910.897,1.5604,1.102,,2.224,1.0280557781288695,,0.895,1.069,,
2015-05-27,4941.714,1.5545,1.102,,2.232,1.0281115555471674,,0.889,1.087,,
2015-05-28,4620.266,1.4515,1.1,,2.098,1.0281673359916825,,0.887,1.084,,
2015-05-29,4611.744,1.4538,1.097,,2.101,1.0282231194625795,,0.888,1.078,,
2015-06-01,4828.738,1.5235,1.097,,2.213,1.0283904880352026,,0.885,1.084,,
2015-06-02,4910.527,1.547,1.097,,2.273,1.0284462836132684,,0.888,1.081,,
2015-06-03,4909.978,1.5455,1.098,,2.278,1.0285020822185371,,0.888,1.084,,
2015-06-04,4947.102,1.5555,1.099,,2.297,1.0285578838511726,,0.882,1.076,,
2015-06-05,5023.096,1.5746,1.099,,2.337,1.0286136885113395,,0.879,1.074,,
2015-06-08,5131.881,1.6063,1.1,,2.379,1.0287811206586701,,0.877,1.064,,
2015-06-09,5113.534,1.5843,1.1,,2.377,1.0288369374306048,,0.879,1.062,,
2015-06-10,5106.036,1.5868,1.1,,2.38,1.028892757230892,,0.885,1.075,,
2015-06-11,5121.593,1.588,1.1,,2.382,1.0289485800596962,,0.884,1.075,,
2015-06-12,5166.35,1.599,1.1,,2.424,1.0290044059171817,,0.883,1.067,,
2015-06-15,5062.993,1.5636,1.1,,2.397,1.0291719016633687,,0.884,1.063,,
2015-06-16,4887.432,1.5174,1.101,,2.315,1.0292277396372225,,0.887,1.068,,
2015-06-17,4967.898,1.5409,1.101,,2.364,1.0292835806405793,,0.881,1.071,,
2015-06-18,4785.356,1.4847,1.101,,2.315,1.0293394246736034,,0.887,1.085,,
2015-06-19,4478.364,1.4066,1.101,,2.185,1.0293952717364592,,0.894,1.08,,
2015-06-23,4576.492,1.4548,1.101,,2.212,1.029618690289487,,0.886,1.089,,
2015-06-24,4690.15,1.4829,1.101,,2.266,1.0296745525039674,,0.875,1.084,,
2015-06-25,4527.779,1.4342,1.102,,2.198,1.0297304177492657,,0.878,1.081,,
2015-06-26,4192.873,1.3302,1.102,,2.05,1.0297862860255467,,0.877,1.074,,
2015-06-29,4053.03,1.2918,1.102,,1.989,1.0299539090419296,,0.879,1.05,,
2015-06-30,4277.222,1.3737,1.102,,2.082,1.0300097894437854,,0.877,1.053,,
2015-07-01,4053.7,1.3058,1.102,,1.983,1.0300656728774462,,0.875,1.062,,
2015-07-02,3912.767,1.2644,1.102,,1.89,1.0301215593430764,,0.869,1.063,,
2015-07-03,3686.915,1.1956,1.102,,1.783,1.0301774488408404,,0.872,1.063,,
2015-07-06,3775.912,1.2297,1.105,,1.801,1.0303451355285809,,0.872,1.059,,
2015-07-07,3727.125,1.212,1.11,,1.735,1.0304010371565258,,0.873,1.062,,
2015-07-08,3507.192,1.1273,1.114,,1.654,1.0304569418174272,,0.856,1.045,,
2015-07-09,3709.33,1.2017,1.113,,1.755,1.0305128495114495,,0.868,1.044,,
2015-07-10,3877.803,1.2686,1.113,,1.852,1.0305687602387577,,0.868,1.06,,
2015-07-13,3970.388,1.3028,1.113,,1.925,1.0307365106220414,,0.865,1.076,,
2015-07-14,3924.487,1.2694,1.114,,1.905,1.0307924334841378,,0.861,1.084,,
2015-07-15,3805.703,1.2263,1.114,,1.825,1.0308483593803428,,0.863,1.085,,
2015-07-16,3823.176,1.2364,1.114,,1.842,1.030904288310821,,0.857,1.1,,
2015-07-17,3957.352,1.2828,1.113,,1.912,1.0309602202757373,,0.856,1.116,,
2015-07-20,3992.11,1.287,1.114,,1.922,1.0311280343787588,,0.835,1.12,,
2015-07-21,4017.675,1.292,1.115,,1.938,1.0311839784830727,,0.828,1.119,,
2015-07-22,4026.045,1.2899,1.115,,1.944,1.0312399256226477,,0.818,1.106,,
2015-07-23,4123.923,1.3199,1.116,,1.984,1.0312958757976485,,0.82,1.102,,
2015-07-24,4070.908,1.2983,1.118,,1.951,1.0313518290082395,,0.812,1.091,,
2015-07-27,3725.558,1.1921,1.118,,1.812,1.031519706855203,,0.826,1.081,,
2015-07-28,3663.002,1.1867,1.119,,1.799,1.031575672209803,,0.82,1.09,,
2015-07-29,3789.168,1.2233,1.12,,1.862,1.0316316406008172,,0.82,1.095,,
2015-07-30,3705.766,1.1886,1.12,,1.818,1.0316876120284102,,0.812,1.099,,
2015-07-31,3663.726,1.1865,1.12,,1.817,1.0317435864927467,,0.81,1.096,,
2015-08-03,3622.905,1.1856,1.121,,1.822,1.0319115281078646,,0.819,1.096,,
2015-08-04,3756.545,1.2231,1.121,,1.881,1.031967514720823,,0.815,1.094,,
2015-08-05,3694.573,1.2035,1.122,,1.862,1.0320235043713486,,0.813,1.102,,
2015-08-06,3661.539,1.1939,1.123,,1.852,1.0320794970596063,,0.813,1.086,,
2015-08-07,3744.205,1.2187,1.124,,1.888,1.0321354927857613,,0.817,1.084,,
2015-08-10,3928.415,1.2753,1.125,,1.964,1.0323034981932564,,0.822,1.095,,
2015-08-11,3927.908,1.2704,1.124,,1.965,1.0323595060726478,,0.84,1.101,,
2015-08-12,3886.32,1.2551,1.124,,1.936,1.0324155169907603,,0.868,1.123,,
2015-08-13,3954.556,1.2731,1.123,,1.975,1.0324715309477588,,0.864,1.133,,
2015-08-14,3965.335,1.2748,1.123,,1.97,1.0325275479438085,,0.86,1.135,,
2015-08-17,3993.668,1.2772,1.124,,1.993,1.032695617167912,,0.862,1.143,,
2015-08-18,3748.164,1.1963,1.125,,1.868,1.0327516463218145,,0.864,1.137,,
2015-08-19,3794.109,1.2161,1.125,,1.895,1.0328076785155924,,0.866,1.13,,
2015-08-20,3664.291,1.1777,1.125,,1.833,1.0328637137494108,,0.877,1.1,,
2015-08-21,3507.744,1.1253,1.126,,1.747,1.0329197520234343,,0.89,1.055,,
2015-08-24,3209.905,1.0284,1.127,,1.618,1.033087885088387,,0.894,1.017,,
2015-08-25,2964.967,0.9533,1.128,,1.507,1.0331439355248815,,0.89,1.014,,
2015-08-26,2927.288,0.9491,1.128,,1.494,1.0331999890024064,,0.884,1.068,,
2015-08-27,3083.591,1.0078,1.128,,1.561,1.0332560455211264,,0.876,1.099,,
2015-08-28,3232.35,1.0513,1.128,,1.632,1.0333121050812064,,0.876,1.098,,
2015-08-31,3205.986,1.0554,1.129,,1.612,1.033480302011258,,0.877,1.083,,
2015-09-01,3166.624,1.0514,1.129,,1.576,1.0335363737384289,,0.881,1.049,,
2015-09-02,3160.167,1.0543,1.13,,1.575,1.0335924485077852,,0.882,1.069,,
2015-09-07,3080.42,1.0187,1.13,,1.546,1.0338728679931235,,0.867,1.069,,
2015-09-08,3170.452,1.0461,1.131,,1.593,1.033928961019058,,0.866,1.079,,
2015-09-09,3243.089,1.0667,1.131,,1.626,1.0339850570883335,,0.868,1.066,,
2015-09-10,3197.893,1.0543,1.13,,1.605,1.034041156201115,,0.856,1.078,,
2015-09-11,3200.234,1.0511,1.13,,1.607,1.0340972583575676,,0.857,1.083,,
2015-09-14,3114.798,1.0282,1.131,,1.539,1.0342655830906033,,0.855,1.079,,
2015-09-15,3005.172,0.9882,1.131,,1.463,1.0343216974233918,,0.856,1.09,,
2015-09-16,3152.263,1.0382,1.132,,1.535,1.0343778148006773,,0.856,1.096,,
2015-09-17,3086.061,1.0165,1.133,,1.503,1.0344339352226246,,0.865,1.095,,
2015-09-18,3097.917,1.0223,1.133,,1.513,1.0344900586893993,,0.87,1.08,,
2015-09-21,3156.54,1.0409,1.133,,1.546,1.0346584473603389,,0.878,1.084,,
2015-09-22,3185.619,1.0521,1.133,,1.557,1.0347145830080746,,0.876,1.069,,
2015-09-23,3115.888,1.0275,1.133,,1.532,1.0347707217014637,,0.873,1.07,,
2015-09-24,3142.687,1.0353,1.133,,1.546,1.0348268634406712,,0.878,1.067,,
2015-09-25,3092.347,1.0177,1.134,,1.519,1.0348830082258629,,0.883,1.058,,
2015-09-28,3100.756,1.0224,1.135,,1.536,1.035051460858993,,0.877,1.028,,
2015-09-29,3038.137,1.0037,1.136,,1.512,1.0351076178297722,,0.865,1.022,,
2015-09-30,3052.781,1.0134,1.136,,1.519,1.0351637778473621,,0.864,1.044,,
2015-10-08,3143.357,1.0434,1.138,,1.564,1.035613167693086,,0.881,1.082,,
2015-10-09,3183.152,1.0574,1.138,,1.581,1.0356693551394074,,0.88,1.086,,
2015-10-12,3287.662,1.0938,1.139,,1.636,1.0358379357698155,,0.89,1.087,,
2015-10-13,3293.23,1.0942,1.14,,1.637,1.035894135410984,,0.886,1.077,,
2015-10-14,3262.441,1.0846,1.142,,1.611,1.035950338101278,,0.899,1.078,,
2015-10-15,3338.073,1.1099,1.142,,1.656,1.0360065438408628,,0.906,1.095,,
2015-10-16,3391.352,1.1266,1.142,,1.679,1.0360627526299035,,0.902,1.1,,
2015-10-19,3386.7,1.1268,1.142,,1.69,1.0362313972954176,,0.899,1.107,,
2015-10-20,3425.33,1.1401,1.143,,1.709,1.0362876182839378,,0.9,1.102,,
2015-10-21,3320.676,1.1068,1.144,,1.631,1.0363438423227413,,0.901,1.094,,
2015-10-22,3368.739,1.1245,1.144,,1.667,1.0364000694119941,,0.896,1.115,,
2015-10-23,3412.434,1.1429,1.145,,1.698,1.0364562995518611,,0.901,1.146,,
2015-10-26,3429.581,1.1484,1.148,,1.712,1.036625008276805,,0.893,1.146,,
2015-10-27,3434.336,1.1508,1.149,,1.717,1.0366812506207854,,0.894,1.147,,
2015-10-28,3375.196,1.1289,1.151,,1.687,1.036737496016208,,0.899,1.157,,
2015-10-29,3387.315,1.1322,1.152,,1.693,1.0367937444632382,,0.89,1.156,,
2015-10-30,3382.561,1.1327,1.152,,1.687,1.0368499959620419,,0.877,1.148,,
2015-11-02,3325.085,1.1152,1.152,,1.659,1.0370187687707482,,0.875,1.155,,
2015-11-03,3316.695,1.1132,1.152,,1.651,1.0370750324783007,,0.871,1.162,,
2015-11-04,3459.64,1.1657,1.152,,1.723,1.0371312992384545,,0.859,1.162,,
2015-11-05,3522.819,1.193,1.152,,1.747,1.0371875690513752,,0.852,1.16,,
2015-11-06,3590.032,1.2205,1.152,,1.78,1.0372438419172285,,0.853,1.162,,
2015-11-09,3646.881,1.2356,1.149,,1.803,1.0374126788340394,,0.843,1.152,,
2015-11-10,3640.485,1.2329,1.147,,1.804,1.037468963913279,,0.842,1.15,,
2015-11-11,3650.249,1.2335,1.147,,1.811,1.0375252520462794,,0.842,1.149,,
2015-11-12,3632.902,1.2226,1.147,,1.799,1.0375815432332063,,0.839,1.138,,
2015-11-13,3580.839,1.2059,1.148,,1.78,1.0376378374742252,,0.838,1.117,,
2015-11-16,3606.957,1.2164,1.148,,1.8,1.0378067385234924,,0.846,1.133,,
2015-11-17,3604.795,1.2155,1.148,,1.801,1.037863044982537,,0.835,1.134,,
2015-11-18,3568.468,1.2028,1.148,,1.779,1.0379193544965024,,0.83,1.155,,
2015-11-19,3617.062,1.2195,1.147,,1.809,1.0379756670655542,,0.832,1.155,,
2015-11-20,3630.5,1.2217,1.147,,1.821,1.0380319826898585,,0.838,1.162,,
2015-11-23,3610.315,1.2171,1.147,,1.817,1.0382009478959422,,0.829,1.16,,
2015-11-24,3616.113,1.2183,1.148,,1.827,1.038257275742913,,0.831,1.159,,
2015-11-25,3647.93,1.2286,1.149,,1.854,1.0383136066459648,,0.837,1.16,,
2015-11-26,3635.552,1.221,1.149,,1.846,1.038369940605264,,0.833,1.16,,
2015-11-27,3436.303,1.1571,1.15,,1.763,1.0384262776209756,,0.829,1.162,,
2015-11-30,3445.405,1.1629,1.151,,1.777,1.0385953070082456,,0.819,1.159,,
2015-12-01,3456.309,1.1734,1.153,,1.782,1.0386516562512669,,0.832,1.171,,
2015-12-02,3536.905,1.2138,1.153,,1.809,1.0387080085515301,,0.828,1.163,,
2015-12-03,3584.824,1.2233,1.155,,1.829,1.0387643639092012,,0.819,1.145,,
2015-12-04,3524.992,1.2015,1.157,,1.802,1.0388207223244459,,0.825,1.168,,
2015-12-07,3536.927,1.2029,1.159,,1.808,1.0389898159172817,,0.844,1.165,,
2015-12-08,3470.07,1.1819,1.16,,1.774,1.0390461865644804,,0.843,1.166,,
2015-12-09,3472.439,1.1859,1.161,,1.781,1.0391025602700825,,0.838,1.15,,
2015-12-10,3455.495,1.183,1.162,,1.776,1.0391589370342538,,0.836,1.157,,
2015-12-11,3434.581,1.1784,1.162,,1.761,1.0392153168571603,,0.837,1.133,,
2015-12-14,3520.668,1.212,1.162,,1.792,1.03938447467995,,0.841,1.143,,
2015-12-15,3510.354,1.207,1.162,,1.792,1.0394408667394568,,0.832,1.151,,
2015-12-16,3516.187,1.205,1.163,,1.791,1.0394972618585285,,0.834,1.168,,
2015-12-17,3579.999,1.2278,1.164,,1.826,1.0395536600373312,,0.838,1.155,,
2015-12-18,3578.964,1.2312,1.164,,1.827,1.0396100612760308,,0.831,1.135,,
2015-12-21,3642.472,1.2633,1.166,,1.868,1.0397792833531725,,0.84,1.145,,
2015-12-22,3651.767,1.2656,1.168,,1.877,1.0398356968331204,,0.845,1.152,,
2015-12-23,3636.089,1.264,1.168,,1.872,1.0398921133737957,,0.843,1.16,,
2015-12-24,3612.485,1.2528,1.17,,1.854,1.0399485329753642,,0.843,1.16,,
2015-12-25,3627.914,1.2581,1.171,,1.864,1.040004955637992,,0.844,1.159,,
2015-12-28,3533.779,1.2232,1.171,,1.822,1.0401742419938922,,0.844,1.159,,
2015-12-29,3563.736,1.2363,1.172,,1.839,1.040230676902418,,0.844,1.178,,
2015-12-30,3572.876,1.2375,1.172,,1.841,1.0402871148728339,,0.842,1.169,,
2015-12-31,3539.182,1.227,1.172,,1.826,1.0403435559053054,,0.837,1.156,,
2016-01-04,3296.258,1.1441,1.172,,1.707,1.040569350659074,,0.843,1.135,,
2016-01-05,3287.711,1.15,1.172,,1.716,1.0406258070043175,,0.85,1.134,,
2016-01-06,3361.84,1.1718,1.142,,1.755,1.0406822664126139,,0.855,1.126,,
2016-01-07,3125.002,1.0936,1.143,,1.636,1.0407387288841292,,0.874,1.098,,
2016-01-08,3186.412,1.1167,1.144,,1.674,1.0407951944190297,,0.875,1.09,,
2016-01-11,3016.704,1.0622,1.144,,1.589,1.040964609405705,,0.88,1.092,,
2016-01-12,3022.861,1.0665,1.146,,1.589,1.0410210871958085,,0.872,1.104,,
2016-01-13,2949.597,1.0473,1.147,,1.56,1.0410775680501285,,0.862,1.068,,
2016-01-14,3007.649,1.0688,1.148,,1.593,1.0411340519688312,,0.869,1.09,,
2016-01-15,2900.97,1.0331,1.148,,1.539,1.0411905389520826,,0.866,1.058,,
2016-01-18,2913.837,1.0371,1.149,,1.544,1.041360018290793,,0.87,1.058,,
2016-01-19,3007.739,1.0565,1.148,,1.59,1.0414165175339025,,0.869,1.059,,
2016-01-20,2976.694,1.0424,1.148,,1.572,1.0414730198423925,,0.872,1.055,,
2016-01-21,2880.482,1.0114,1.147,,1.529,1.041529525216429,,0.879,1.057,,
2016-01-22,2916.562,1.023,1.148,,1.544,1.0415860336561784,,0.873,1.084,,
2016-01-25,2938.515,1.0283,1.148,,1.554,1.0417555773713678,,0.877,1.068,,
2016-01-26,2749.785,0.9662,1.147,,1.461,1.0418120980756322,,0.889,1.077,,
2016-01-27,2735.558,0.9633,1.145,,1.452,1.0418686218464415,,0.89,1.051,,
2016-01-28,2655.661,0.9403,1.144,,1.416,1.0419251486839618,,0.889,1.065,,
2016-01-29,2737.6,0.9719,1.145,,1.456,1.0419816785883596,,0.887,1.087,,
2016-02-01,2688.854,0.9592,1.146,,1.443,1.042151286704481,,0.893,1.089,,
2016-02-02,2749.57,0.9794,1.146,,1.118,1.0422078288780525,,0.894,1.066,,
2016-02-03,2739.247,0.977,1.145,,1.115,1.0422643741193334,,0.895,1.061,,
2016-02-04,2781.023,0.9899,1.145,,1.128,1.0423209224284904,,0.906,1.059,,
2016-02-05,2763.492,0.9842,1.146,,1.125,1.0423774738056895,,0.914,1.022,,
2016-02-15,2746.196,0.9791,1.148,,1.118,1.0429431563566378,,0.947,1.017,,
2016-02-16,2836.571,1.009,1.148,,1.152,1.0429997414932914,,0.942,1.038,,
2016-02-17,2867.338,1.0173,1.148,,1.162,1.0430563296999853,,0.95,1.062,,
2016-02-18,2862.893,1.0139,1.148,,1.161,1.0431129209768863,,0.946,1.049,,
2016-02-19,2860.021,1.0133,1.149,,1.16,1.0431695153241611,,0.959,1.053,,
2016-02-22,2927.175,1.0367,1.149,,1.184,1.0433393167898926,,0.953,1.068,,
2016-02-23,2903.331,1.0265,1.15,,1.176,1.0433959234203276,,0.957,1.053,,
2016-02-24,2928.896,1.034,1.15,,1.187,1.0434525331219693,,0.96,1.063,,
2016-02-25,2741.245,0.9689,1.15,,1.117,1.0435091458949841,,0.972,1.073,,
2016-02-26,2767.21,0.9791,1.15,,1.128,1.0435657617395389,,0.972,1.072,,
2016-02-29,2687.979,0.9565,1.15,,1.104,1.0437356277041088,,0.967,1.065,,
2016-03-01,2733.17,0.9742,1.15,,1.124,1.0437922558364896,,0.975,1.095,,
2016-03-02,2849.681,1.018,1.151,,1.171,1.0438488870412437,,0.966,1.097,,
2016-03-03,2859.758,1.0204,1.151,,1.171,1.0439055213185375,,0.975,1.093,,
2016-03-04,2874.147,1.0295,1.151,,1.174,1.0439621586685381,,0.987,1.092,,
2016-03-07,2897.34,1.0337,1.151,,1.184,1.0441320891564463,,0.988,1.083,,
2016-03-08,2901.387,1.0347,1.152,,1.182,1.0441887387989406,,0.992,1.073,,
2016-03-09,2862.556,1.0236,1.153,,1.167,1.0442453915149748,,0.984,1.08,,
2016-03-10,2804.726,1.0047,1.154,,1.151,1.0443020473047162,,0.976,1.079,,
2016-03-11,2810.307,1.004,1.154,,1.15,1.0443587061683313,,0.989,1.093,,
2016-03-14,2859.499,1.0194,1.155,,1.17,1.0445287012040871,,0.978,1.094,,
2016-03-15,2864.368,1.0224,1.155,,1.174,1.044585372364865,1.0,0.962,1.097,,
2016-03-16,2870.43,1.0262,1.155,,1.177,1.0446420466003508,1.0,0.967,1.107,,
2016-03-17,2904.832,1.0377,1.156,,1.19,1.044698723910711,1.0,0.986,1.102,,
2016-03-18,2955.15,1.0556,1.156,,1.208,1.0447554042961127,1.001,0.98,1.099,,
2016-03-21,3018.802,1.0821,1.157,,1.226,1.0449254639042342,1.001,0.97,1.106,,
2016-03-22,2999.363,1.0737,1.156,,1.222,1.0449821565914699,1.001,0.979,1.111,,
2016-03-23,3009.96,1.0773,1.157,,1.222,1.045038852354581,1.001,0.964,1.102,,
2016-03-24,2960.97,1.0606,1.157,,1.206,1.0450955511937348,1.001,0.952,1.106,,
2016-03-25,2979.434,1.0665,1.157,,1.215,1.045152253109098,1.001,0.956,1.106,,
2016-03-28,2957.82,1.0567,1.157,,1.21,1.045322377314113,1.001,0.954,1.105,,
2016-03-29,2919.832,1.0458,1.157,,1.198,1.0453790915359829,1.001,0.952,1.119,,
2016-03-30,3000.645,1.0729,1.157,,1.225,1.045435808834897,1.001,0.965,1.12,,
2016-03-31,3003.915,1.073,1.157,,1.226,1.0454925292110218,1.001,0.954,1.115,,
2016-04-01,3009.53,1.0758,1.157,,1.228,1.0455492526645247,1.004,0.959,1.125,,
2016-04-05,3053.065,1.0907,1.157,,1.246,1.0457761772556544,1.004,0.953,1.111,,
2016-04-06,3050.592,1.0899,1.157,,1.246,1.0458329160985516,1.004,0.955,1.13,,
2016-04-07,3008.42,1.0753,1.157,,1.229,1.0458896580198285,1.004,0.953,1.113,,
2016-04-08,2984.958,1.0683,1.157,,1.223,1.0459464030196521,1.007,0.96,1.113,,
2016-04-11,3033.957,1.0856,1.156,,1.241,1.0461166564920747,1.007,0.973,1.108,,
2016-04-12,3023.646,1.0811,1.155,,1.238,1.046173413807756,1.007,0.975,1.116,,
2016-04-13,3066.638,1.0946,1.153,,1.252,1.0462301742028197,1.007,0.969,1.129,,
2016-04-14,3082.362,1.0997,1.151,,1.257,1.0462869376774324,1.036,0.962,1.134,,
2016-04-15,3078.117,1.0997,1.15,,1.254,1.0463437042317614,1.034,0.959,1.131,,
2016-04-18,3033.66,1.0857,1.151,,1.243,1.0465140223747165,1.023,0.9633,1.134,,
2016-04-19,3042.823,1.0885,1.15,,1.246,1.0465708012495814,1.027,0.9691,1.126,,
2016-04-20,2972.584,1.0684,1.149,,1.219,1.046627583204998,0.985,0.97,1.124,,
2016-04-21,2952.891,1.0628,1.147,,1.213,1.0466843682411335,0.975,0.9797,1.128,,
2016-04-22,2959.24,1.0686,1.144,,1.221,1.0467411563581552,0.984,0.9718,1.115,,
2016-04-25,2946.67,1.065,1.14,,1.223,1.046911539196208,0.982,0.9662,1.118,,
2016-04-26,2964.7,1.0715,1.139,,1.228,1.0469683396384455,0.992,0.9639,1.109,,
2016-04-27,2953.671,1.0679,1.141,,1.225,1.047025143162405,0.991,0.9717,1.1,,
2016-04-28,2945.589,1.0662,1.142,,1.224,1.0470819497682535,0.99,0.9749,1.089,,
2016-04-29,2938.324,1.0661,1.142,,1.223,1.0471387594561583,0.991,0.9928,1.077,,
2016-05-03,2992.643,1.0852,1.143,,1.243,1.0473660290316855,1.018,1.0104,1.076,,
2016-05-04,2991.272,1.0852,1.144,,1.24,1.0474228541323805,1.018,1.0014,1.076,,
2016-05-05,2997.842,1.0865,1.145,,1.24,1.047479682316135,1.027,0.9987,1.079,,
2016-05-06,2913.248,1.0572,1.145,,1.209,1.0475365135831167,0.989,1.0008,1.085,,
2016-05-09,2832.113,1.0346,1.147,,1.183,1.0477070258850971,0.952,1.0007,1.085,,
2016-05-10,2832.591,1.0342,1.149,,1.187,1.04776386948666,0.948,0.9931,1.102,,
2016-05-11,2837.037,1.0397,1.149,,1.195,1.0478207161722863,0.945,0.9961,1.091,,
2016-05-12,2835.862,1.0419,1.15,,1.197,1.0478775659421435,0.946,0.9946,1.083,,
2016-05-13,2827.109,1.0364,1.151,,1.194,1.047934418796399,0.944,0.9982,1.083,,
2016-05-16,2850.862,1.0435,1.151,,1.201,1.048104995867228,0.965,1.0051,1.097,,
2016-05-17,2843.684,1.0401,1.151,,1.197,1.0481618610607497,0.964,0.9999,1.082,,
2016-05-18,2807.514,1.0314,1.151,,1.181,1.0482187293395067,0.936,0.9999,1.085,,
2016-05-19,2806.906,1.0282,1.15,,1.181,1.0482756007036658,0.943,0.9875,1.085,,
2016-05-20,2825.483,1.0338,1.15,,1.186,1.0483324751533947,0.95,0.9872,1.096,,
2016-05-23,2843.645,1.039,1.15,,1.192,1.0485031170176748,0.968,0.9858,1.093,,
2016-05-24,2821.666,1.0315,1.151,,1.183,1.0485600038113572,0.959,0.9795,1.114,,
2016-05-25,2815.086,1.0299,1.152,,1.184,1.0486168936914464,0.956,0.9645,1.125,,
2016-05-26,2822.443,1.0311,1.151,,1.185,1.0486737866581102,0.962,0.9695,1.125,,
2016-05-27,2821.046,1.0295,1.152,,1.187,1.0487306827115157,0.96,0.9629,1.13,,
2016-05-30,2822.451,1.031,1.152,,1.188,1.0489013893938586,0.953,0.9527,1.135,,
2016-05-31,2916.616,1.0656,1.152,,1.22,1.0489582977959062,0.994,0.9588,1.137,,
2016-06-01,2913.508,1.0627,1.151,,1.22,1.0490152092855334,1.005,0.964,1.138,,
2016-06-02,2925.229,1.0649,1.151,,1.223,1.0490721238629073,1.015,0.9628,1.137,,
2016-06-03,2938.682,1.0728,1.151,,1.231,1.0491290415281957,1.018,0.9607,1.133,,
2016-06-06,2934.098,1.0717,1.152,,1.23,1.049299813053222,1.02,0.9796,1.131,,
2016-06-07,2936.045,1.07,1.152,,1.229,1.0493567430718431,1.026,0.9811,1.131,,
2016-06-08,2927.159,1.0661,1.153,,1.225,1.0494136761792165,1.023,0.9889,1.132,,
2016-06-13,2833.071,1.0371,1.153,,1.193,1.0496983880532302,0.973,1.0133,1.112,,
2016-06-14,2842.189,1.0403,1.154,,1.197,1.0497553396966357,0.975,1.0126,1.112,,
2016-06-15,2887.21,1.0544,1.155,,1.214,1.0498122944299666,1.009,1.0174,1.111,,1.0
2016-06-16,2872.817,1.0497,1.155,,1.206,1.0498692522533903,1.009,1.035,1.11,,1.0
2016-06-17,2885.105,1.0561,1.156,,1.217,1.049926213167075,1.017,1.0181,1.099,,1.0
2016-06-20,2888.809,1.0576,1.157,,1.218,1.0500971144513693,1.026,1.015,1.104,,0.9999
2016-06-21,2878.558,1.0544,1.157,,1.214,1.0501540877277733,1.014,1.0137,1.106,,0.9999
2016-06-22,2905.55,1.0639,1.157,,1.225,1.0502110640952764,1.032,1.0015,1.108,,0.9999
2016-06-23,2891.96,1.0609,1.157,,1.219,1.0502680435540463,1.027,1.0027,1.118,,1.0
2016-06-24,2854.286,1.0492,1.158,,1.207,1.0503250261042507,1.018,1.0487,1.077,,1.0001
2016-06-27,2895.703,1.0641,1.16,,1.222,1.050495992305148,1.041,1.0533,1.067,,1.0
2016-06-28,2912.557,1.0693,1.16,,1.227,1.0505529872227677,1.051,1.0501,1.09,,1.0
2016-06-29,2931.592,1.0745,1.16,,1.232,1.0506099852326607,1.054,1.0542,1.104,,0.9998
2016-06-30,2929.606,1.0765,1.161,,1.234,1.0506669863349947,1.057,1.0489,1.115,,0.9998
2016-07-01,2932.476,1.0789,1.162,,1.237,1.0507239905299375,1.054,1.0645,1.123,,0.9998
2016-07-04,2988.604,1.1005,1.163,,1.257,1.0508950216720963,1.071,1.0795,1.123,,0.9998
2016-07-05,3006.392,1.1043,1.163,,1.261,1.0509520382391522,1.076,1.0753,1.118,,0.9956
2016-07-06,3017.292,1.1091,1.164,,1.266,1.0510090578996558,1.08,1.0932,1.13,,1.0009
2016-07-07,3016.847,1.109,1.165,,1.264,1.0510660806537753,1.084,1.0952,1.132,,0.9758
2016-07-08,2988.094,1.1044,1.166,,1.261,1.0511231065016782,1.081,1.0861,1.149,,0.9728
2016-07-11,2994.917,1.1086,1.166,,1.265,1.0512942026097662,1.074,1.0903,1.155,,0.966
2016-07-12,3049.381,1.1295,1.167,,1.292,1.0513512408344818,1.081,1.0883,1.162,,1.0014
2016-07-13,3060.689,1.1359,1.166,,1.299,1.0514082821538202,1.091,1.0773,1.158,,0.9684
2016-07-14,3054.018,1.1348,1.167,,1.295,1.0514653265679492,1.092,1.0702,1.164,,0.9795
2016-07-15,3054.296,1.1365,1.167,,1.3,1.0515223740770372,1.089,1.0684,1.162,,0.9859
2016-07-18,3043.564,1.1335,1.168,,1.303,1.051693535175732,1.087,1.0658,1.171,,0.975
2016-07-19,3036.598,1.1283,1.168,,1.297,1.0517505950663337,1.092,1.0685,1.167,,0.9712
2016-07-20,3027.9,1.1258,1.169,,1.293,1.0518076580527338,1.093,1.0644,1.179,,0.9734
2016-07-21,3039.009,1.1324,1.171,,1.301,1.0518647241351002,1.095,1.0548,1.175,,0.9563
2016-07-22,3012.816,1.1223,1.171,,1.289,1.051921793313601,1.087,1.0608,1.176,,0.9427
2016-07-25,3015.828,1.1245,1.171,,1.293,1.0520930194275888,1.089,1.0543,1.179,,0.9263
2016-07-26,3050.166,1.1379,1.171,,1.309,1.0521501009923067,1.103,1.0567,1.179,,0.9205
2016-07-27,2991.999,1.1215,1.171,,1.293,1.0522071856539987,1.056,1.0555,1.184,,0.9039
2016-07-28,2994.323,1.1235,1.171,,1.308,1.0522642734128331,1.057,1.0704,1.188,,0.8874
2016-07-29,2979.339,1.1205,1.172,,1.307,1.052321364268978,1.051,1.0639,1.188,,0.8908
2016-08-01,2953.385,1.1133,1.173,,1.298,1.0524926554229548,1.038,1.0723,1.19,,0.8667
2016-08-02,2971.279,1.1172,1.173,,1.303,1.0525497586700217,1.046,1.0791,1.184,,0.8624
2016-08-03,2978.461,1.1187,1.174,,1.306,1.052606865015239,1.052,1.0857,1.183,,0.8742
2016-08-04,2982.426,1.1201,1.174,,1.307,1.0526639744587751,1.058,1.0756,1.189,,0.8837
2016-08-05,2976.696,1.1211,1.175,,1.31,1.0527210870007981,1.053,1.0865,1.2,,0.8856
2016-08-08,3004.277,1.1304,1.176,,1.322,1.0528924432194695,1.065,1.0659,1.201,,0.9027
2016-08-09,3025.681,1.1365,1.176,,1.329,1.052949568157121,1.074,1.0742,1.203,,0.9011
2016-08-10,3018.746,1.1307,1.177,,1.323,1.0530066961941003,1.072,1.077,1.199,,0.8798
2016-08-11,3002.638,1.1279,1.177,,1.319,1.053063827330575,1.058,1.071,1.199,,0.9082
2016-08-12,3050.667,1.1494,1.178,,1.341,1.0531209615667136,1.068,1.0673,1.205,,0.9312
2016-08-15,3125.195,1.1799,1.179,,1.369,1.0532923828747942,1.092,1.0692,1.207,,0.9516
2016-08-16,3110.037,1.1747,1.179,,1.364,1.0533495295112698,1.099,1.0713,1.197,,0.963
2016-08-17,3109.555,1.174,1.179,,1.365,1.0534066792482504,1.102,1.0673,1.195,,0.9655
2016-08-18,3104.114,1.1709,1.179,,1.361,1.0534638320859038,1.103,1.0748,1.199,,0.9921
2016-08-19,3108.102,1.1734,1.179,,1.363,1.0535209880243985,1.105,1.0725,1.197,,0.9896
2016-08-22,3084.805,1.1639,1.179,,1.356,1.0536924744466123,1.094,1.0658,1.206,,0.9746
2016-08-23,3089.706,1.1659,1.179,,1.357,1.0537496427901543,1.095,1.0674,1.207,,0.9829
2016-08-24,3085.88,1.1629,1.178,,1.353,1.0538068142353787,1.098,1.067,1.195,,0.9601
2016-08-25,3068.329,1.1571,1.178,,1.349,1.0538639887824541,1.093,1.0603,1.197,,0.9728
2016-08-26,3070.309,1.1569,1.179,,1.348,1.0539211664315484,1.096,1.06,1.197,,0.9766
2016-08-29,3070.027,1.1577,1.179,,1.347,1.054092717992629,1.1,1.0555,1.205,,0.9751
2016-08-30,3074.677,1.1584,1.177,,1.35,1.0541499080514827,1.1,1.057,1.2,,0.9605
2016-08-31,3085.491,1.1616,1.178,,1.355,1.054207101213197,1.1,1.054,1.201,,0.9308
2016-09-01,3063.305,1.1528,1.178,,1.344,1.0542642974779406,1.093,1.0478,1.201,,0.907
2016-09-02,3067.352,1.1555,1.178,,1.346,1.0543214968458814,1.09,1.051,1.203,,0.9182
2016-09-05,3072.095,1.156,1.179,,1.351,1.0544931135705715,1.099,1.0616,1.203,,0.9182
2016-09-06,3090.713,1.1617,1.178,,1.36,1.0545503253529855,1.116,1.0651,1.209,,0.924
2016-09-07,3091.928,1.1617,1.178,,1.361,1.0546075402394388,1.116,1.0764,1.208,,0.9318
2016-09-08,3095.954,1.1627,1.178,,1.362,1.0546647582300999,1.119,1.0758,1.202,,0.9658
2016-09-09,3078.855,1.1564,1.179,,1.354,1.0547219793251368,1.116,1.0704,1.175,,0.9412
2016-09-12,3021.977,1.1372,1.179,,1.333,1.0548936612381892,1.087,1.0655,1.198,,0.9447
2016-09-13,3023.51,1.1353,1.179,,1.335,1.0549508947524149,1.094,1.0645,1.185,,0.9225
2016-09-14,3002.849,1.1273,1.179,,1.325,1.0550081313718591,1.088,1.0602,1.193,,0.9054
2016-09-19,3026.051,1.1368,1.18,,1.335,1.0552943610532526,1.098,1.0559,1.202,,0.9005
2016-09-20,3023.0,1.1352,1.18,,1.337,1.0553516163075451,1.097,1.055,1.201,,0.8975
2016-09-21,3025.874,1.1369,1.18,,1.339,1.0554088746682357,1.098,1.0581,1.215,,0.9181
2016-09-22,3042.313,1.1447,1.181,,1.348,1.0554661361354924,1.107,1.0671,1.22,,0.9269
2016-09-23,3033.896,1.1402,1.181,,1.342,1.0555234007094842,1.106,1.0671,1.215,,0.9088
2016-09-26,2980.43,1.1217,1.182,,1.324,1.055695213073555,1.083,1.0682,1.206,,0.9218
2016-09-27,2998.172,1.1287,1.182,,1.333,1.0557524900761723,1.088,1.0695,1.215,,0.8993
2016-09-28,2987.858,1.1256,1.182,,1.331,1.0558097701863673,1.085,1.0603,1.218,,0.9295
2016-09-29,2998.483,1.1296,1.182,,1.335,1.0558670534043089,1.088,1.0589,1.209,,0.9543
2016-09-30,3004.703,1.1334,1.183,,1.339,1.0559243397301654,1.092,1.0603,1.219,,0.9603
2016-10-10,3048.143,1.1459,1.185,,1.355,1.0564973739611585,1.113,1.0178,1.226,,0.9603
2016-10-11,3065.25,1.149,1.185,,1.359,1.0565546944852113,1.121,1.0179,1.211,,1.0128
2016-10-12,3058.498,1.1466,1.185,,1.357,1.0566120181192034,1.122,1.0155,1.213,,1.0049
2016-10-13,3061.346,1.1461,1.186,,1.359,1.056669344863303,1.122,1.0174,1.21,,1.005
2016-10-14,3063.809,1.1487,1.187,,1.358,1.0567266747176796,1.119,1.0161,1.209,,1.0033
2016-10-17,3041.166,1.14,1.187,,1.349,1.0568986829441553,1.11,1.0168,1.209,,1.0018
2016-10-18,3083.875,1.1554,1.187,,1.364,1.0569560252413255,1.126,1.0238,1.217,,1.0057
2016-10-19,3084.719,1.155,1.187,,1.362,1.057013370649616,1.125,1.0226,1.217,,1.0226
2016-10-20,3084.458,1.1554,1.188,,1.363,1.0570707191691957,1.129,1.0278,1.215,,1.0056
2016-10-21,3090.941,1.1594,1.189,,1.368,1.0571280708002335,1.125,1.026,1.224,,1.0132
2016-10-24,3128.247,1.1715,1.189,,1.381,1.0573001443637828,1.135,1.0308,1.24,,1.0137
2016-10-25,3131.939,1.1733,1.189,,1.386,1.0573575084423406,1.139,1.0325,1.237,,1.0036
2016-10-26,3116.312,1.1683,1.188,,1.378,1.0574148756332007,1.134,1.0379,1.229,,0.9912
2016-10-27,3112.35,1.1652,1.187,,1.375,1.0574722459365318,1.134,1.0339,1.223,,0.9977
2016-10-28,3104.27,1.1635,1.187,,1.37,1.0575296193525026,1.124,1.0334,1.218,,0.9889
2016-10-31,3100.492,1.1642,1.187,,1.37,1.0577017582779435,1.126,1.0385,1.213,,0.9488
2016-11-01,3122.436,1.1715,1.186,,1.378,1.0577591441461627,1.137,1.0428,1.206,,0.9452
2016-11-02,3102.733,1.1625,1.187,,1.365,1.0578165331278664,1.131,1.0519,1.194,,0.9211
2016-11-03,3128.936,1.173,1.187,,1.373,1.0578739252232232,1.137,1.0564,1.183,,0.9113
2016-11-04,3125.317,1.1707,1.187,,1.37,1.0579313204324023,1.14,1.0534,1.178,,0.9015
2016-11-07,3133.333,1.1731,1.187,,1.372,1.0581035247445623,1.141,1.048,1.209,,0.91
2016-11-08,3147.888,1.1773,1.187,,1.378,1.0581609324107197,1.148,1.0451,1.217,,0.9101
2016-11-09,3128.37,1.1695,1.187,,1.371,1.0582183431915442,1.137,1.0729,1.222,,0.9166
2016-11-10,3171.282,1.1822,1.186,,1.386,1.0582757570872046,1.157,1.0528,1.205,,0.9085
2016-11-11,3196.044,1.1905,1.185,,1.391,1.05833317409787,1.096,1.0373,1.209,,0.8915
2016-11-14,3210.371,1.1948,1.184,,1.391,1.0585054438215862,1.098,1.013,1.2,,0.8921
2016-11-15,3206.986,1.1938,1.183,,1.392,1.0585628732939616,1.108,1.0191,1.218,,0.9247
2016-11-16,3205.057,1.1933,1.182,,1.391,1.0586203058821873,1.112,1.0179,1.226,,0.9252
2016-11-17,3208.453,1.1952,1.181,,1.397,1.058677741586432,1.109,1.0186,1.235,,0.92
2016-11-18,3192.856,1.1888,1.18,,1.393,1.058735180406865,1.108,1.0087,1.233,,0.9274
2016-11-21,3218.148,1.1983,1.18,,1.403,1.0589075155669838,1.117,1.016,1.247,,0.9669
2016-11-22,3248.352,1.2088,1.18,,1.412,1.0589649668538605,1.13,1.015,1.247,,0.9611
2016-11-23,3241.137,1.2123,1.18,,1.418,1.0590224212577708,1.123,1.0171,1.244,,0.9655
2016-11-24,3241.736,1.2164,1.18,,1.424,1.0590798787788838,1.116,1.0075,1.247,,0.9668
2016-11-25,3261.938,1.23,1.18,,1.436,1.0591373394173687,1.116,1.0032,1.252,,0.9436
2016-11-28,3277.0,1.2358,1.179,,1.444,1.0593097400387463,1.112,1.008,1.247,,0.9464
2016-11-29,3282.924,1.2466,1.178,,1.451,1.0593672131484102,1.094,1.0013,1.248,,0.9191
2016-11-30,3250.034,1.235,1.174,,1.438,1.0594246893762918,1.091,0.9982,1.233,,0.978
2016-12-01,3273.309,1.2446,1.17,,1.452,1.0594821687225602,1.099,0.9893,1.216,,1.0198
2016-12-02,3243.843,1.2315,1.168,,1.439,1.0595396511873847,1.072,0.9884,1.214,,1.0255
2016-12-05,3204.709,1.2123,1.167,,1.421,1.0597121172948862,1.068,0.9874,1.224,,1.0298
2016-12-06,3199.647,1.2086,1.163,,1.418,1.0597696122356268,1.073,0.9861,1.222,,1.015
2016-12-07,3222.242,1.2145,1.162,,1.425,1.0598271102957697,1.086,0.9887,1.24,,1.0096
2016-12-08,3215.366,1.2135,1.163,,1.424,1.0598846114754836,1.078,0.9998,1.24,,1.013
2016-12-09,3232.883,1.2249,1.163,,1.434,1.0599421157749385,1.077,0.9928,1.253,,1.0324
2016-12-12,3152.97,1.1989,1.162,,1.401,1.0601146473934389,1.015,0.9873,1.25,,1.0592
2016-12-13,3155.037,1.1979,1.158,,1.399,1.0601721641735486,1.017,0.9885,1.262,,1.0563
2016-12-14,3140.531,1.1886,1.155,,1.39,1.0602296840742453,1.009,0.9907,1.261,,1.0367
2016-12-15,3117.677,1.1725,1.146,,1.375,1.0602872070956986,1.02,0.9802,1.268,,1.0335
2016-12-16,3122.982,1.1732,1.145,,1.38,1.0603447332380773,1.037,0.9767,1.267,,1.0521
2016-12-19,3118.085,1.1683,1.143,,1.378,1.0605173303924607,1.04,0.979,1.268,,1.0463
2016-12-20,3102.876,1.1621,1.139,,1.37,1.0605748690202355,1.047,0.9766,1.275,,1.0599
2016-12-21,3137.43,1.1736,1.139,,1.382,1.0606324107697824,1.055,0.9721,1.274,,1.0484
2016-12-22,3139.558,1.173,1.142,,1.384,1.0606899556412712,1.052,0.9688,1.269,,1.0459
2016-12-23,3110.154,1.1638,1.146,,1.372,1.060747503634871,1.042,0.9689,1.271,,1.0519
2016-12-26,3122.569,1.1703,1.147,,1.375,1.0609201663500312,1.05,0.9738,1.271,,1.0522
2016-12-27,3114.664,1.1683,1.149,,1.375,1.0609777268337695,1.057,0.975,1.276,,1.0633
2016-12-28,3102.236,1.1632,1.149,,1.37,1.061035290440466,1.055,0.976,1.267,,1.071
2016-12-29,3096.097,1.1623,1.15,,1.369,1.06109285717029,1.056,0.9798,1.265,,1.0705
2016-12-30,3103.637,1.1679,1.152,,1.375,1.0611504270234111,1.059,0.9832,1.25,,1.0672
2016-12-31,3103.637,1.1678,1.153,,1.375,1.0612079999999988,1.059,0.9832,1.25,,1.0672
2017-01-03,3135.921,1.1807,1.154,,1.39,1.061380737672255,1.07,0.9823,1.263,,1.057
2017-01-04,3158.794,1.1923,1.155,,1.401,1.0614383231444036,1.08,0.9866,1.269,,1.0591
2017-01-05,3165.411,1.1912,1.156,,1.403,1.0614959117408658,1.082,0.9862,1.272,,1.0632
2017-01-06,3154.321,1.1867,1.156,,1.398,1.0615535034618113,1.073,0.988,1.27,,1.0578
2017-01-09,3171.236,1.194,1.156,,1.405,1.061726297373244,1.081,0.9898,1.285,,1.0396
2017-01-10,3161.671,1.1925,1.157,,1.402,1.0617839015938186,1.078,0.998,1.287,,1.0203
2017-01-11,3136.754,1.184,1.158,,1.391,1.0618415089397244,1.065,1.0028,1.29,,1.0351
2017-01-12,3119.289,1.1771,1.159,,1.382,1.0618991194111307,1.053,1.0036,1.286,,1.0491
2017-01-13,3112.764,1.1789,1.159,,1.384,1.0619567330082074,1.035,1.0016,1.286,,1.0393
2017-01-16,3103.428,1.1797,1.159,,1.385,1.0621295925551548,0.982,1.0069,1.286,,1.0372
2017-01-17,3108.775,1.1817,1.158,,1.087,1.0621872186566084,0.996,1.0133,1.284,,1.0395
2017-01-18,3113.012,1.1883,1.157,,1.094,1.06224484788458,0.986,1.0107,1.279,,1.0147
2017-01-19,3101.299,1.1843,1.156,,1.091,1.0623024802392398,0.983,1.0005,1.278,,1.0123
2017-01-20,3123.139,1.1946,1.156,,1.1,1.0623601157207572,1.002,1.0027,1.283,,1.0301
2017-01-23,3136.775,1.1987,1.157,,1.101,1.0625330409281506,1.013,1.0073,1.281,,1.0251
2017-01-24,3142.553,1.2007,1.157,,1.105,1.0625906889187946,1.01,1.0061,1.285,,1.0239
2017-01-25,3149.555,1.2066,1.156,,1.107,1.0626483400371445,1.013,0.9998,1.301,,1.024
2017-01-26,3159.166,1.2104,1.156,,1.11,1.0627059942833699,1.018,0.9927,1.302,,1.0359
2017-02-03,3140.17,1.202,1.155,,1.103,1.0631673408770597,1.014,1.0038,1.303,,1.04
2017-02-06,3156.984,1.2052,1.153,,1.106,1.0633403974801783,1.028,1.0122,1.305,,1.0294
2017-02-07,3153.088,1.2043,1.149,,1.106,1.06339808927415,1.028,1.0214,1.309,,1.0121
2017-02-08,3166.982,1.2087,1.148,,1.109,1.063455784198204,1.037,1.0225,1.315,,1.0137
2017-02-09,3183.179,1.2133,1.148,,1.114,1.0635134822525103,1.047,1.0297,1.317,,1.0213
2017-02-10,3196.699,1.2205,1.149,,1.121,1.0635711834372388,1.043,1.0173,1.322,,1.0384
2017-02-13,3216.839,1.2272,1.15,,1.128,1.0637443057756548,1.05,1.0234,1.33,,1.0247
2017-02-14,3217.928,1.2283,1.15,,1.126,1.06380201948377,1.047,1.0212,1.332,,1.0261
2017-02-15,3212.986,1.2223,1.15,,1.124,1.0638597363231568,1.041,1.0188,1.336,,1.019
2017-02-16,3229.618,1.2283,1.15,,1.129,1.0639174562939846,1.048,1.0243,1.336,,1.0182
2017-02-17,3202.076,1.2191,1.15,,1.123,1.0639751793964238,1.039,1.0275,1.338,,1.0162
2017-02-20,3239.961,1.2377,1.151,,1.142,1.064148367495107,1.046,1.0266,1.338,,1.0226
2017-02-21,3253.326,1.2425,1.151,,1.144,1.06420610312569,1.057,1.0268,1.349,,1.0301
2017-02-22,3261.218,1.2464,1.151,,1.151,1.0642638418887338,1.061,1.027,1.35,,1.0185
2017-02-23,3251.375,1.2428,1.151,,1.146,1.0643215837844082,1.061,1.0292,1.343,,1.0282
2017-02-24,3253.433,1.24,1.152,,1.144,1.0643793288128833,1.069,1.0417,1.345,,1.0233
2017-02-27,3228.66,1.2313,1.152,,1.136,1.0645525826968127,1.061,1.0455,1.349,,1.0277
2017-02-28,3241.733,1.2355,1.152,,1.139,1.0646103402581906,1.067,1.0498,1.343,,1.0257
2017-03-01,3246.934,1.2383,1.152,,1.141,1.064668100953219,1.071,1.036,1.358,,1.0272
2017-03-02,3230.028,1.2304,1.152,,1.136,1.064725864782068,1.063,1.0372,1.352,,1.0093
2017-03-03,3218.312,1.2301,1.152,,1.136,1.0647836317449078,1.069,1.0295,1.356,,1.0163
2017-03-06,3233.866,1.2354,1.152,,1.143,1.0649569514390718,1.084,1.0305,1.351,,1.0168
2017-03-07,3242.406,1.236,1.151,,1.145,1.0650147309395748,1.087,1.0264,1.352,,1.0185
2017-03-08,3240.665,1.2337,1.151,,1.142,1.0650725135749188,1.085,1.0205,1.355,,0.9835
2017-03-09,3216.746,1.2248,1.15,,1.135,1.065130299345274,1.081,1.0147,1.357,,0.9611
2017-03-10,3212.76,1.2264,1.149,,1.137,1.06518808825081,1.077,1.008,1.362,,0.9445
2017-03-13,3237.024,1.2362,1.149,,1.147,1.0653614737802066,1.083,1.0167,1.362,,0.9384
2017-03-14,3239.328,1.2368,1.149,,1.147,1.0654192752281684,1.082,1.0113,1.361,,0.9341
2017-03-15,3241.76,1.2385,1.149,,1.15,1.065477079812162,1.08,1.012,1.369,,0.9446
2017-03-16,3268.935,1.2473,1.151,,1.154,1.0655348875323574,1.091,1.0278,1.363,,0.9403
2017-03-17,3237.447,1.2353,1.15,,1.144,1.0655926983889248,1.087,1.0271,1.363,,0.9389
2017-03-20,3250.808,1.2365,1.15,,1.147,1.065766149778561,1.092,1.0324,1.366,,0.9395
2017-03-21,3261.611,1.241,1.15,,1.157,1.0658239731823185,1.093,1.0277,1.348,,0.9301
2017-03-22,3245.22,1.2337,1.15,,1.152,1.0658817997232988,1.085,1.0366,1.353,,0.9235
2017-03-23,3248.55,1.2366,1.15,,1.154,1.0659396294016723,1.083,1.0368,1.35,,0.9191
2017-03-24,3269.445,1.2462,1.151,,1.164,1.065997462217609,1.085,1.0356,1.351,,0.9227
2017-03-27,3266.955,1.2422,1.152,,1.162,1.066170979492502,1.078,1.0452,1.351,,0.9183
2017-03-28,3252.948,1.2386,1.153,,1.158,1.0662288248603948,1.076,1.0443,1.36,,0.9279
2017-03-29,3241.314,1.2357,1.153,,1.156,1.0662866733667022,1.062,1.0425,1.368,,0.9432
2017-03-30,3210.237,1.2282,1.153,,1.148,1.0663445250115944,1.033,1.0419,1.369,,0.9581
2017-03-31,3222.514,1.236,1.153,,1.156,1.0664023797952418,1.036,1.0353,1.37,,0.9638
2017-04-05,3270.305,1.2538,1.154,,1.171,1.0666917008007673,1.059,1.0454,1.364,,0.9715
2017-04-06,3281.005,1.2567,1.154,,1.175,1.0667495744205222,1.064,1.0439,1.365,,0.9821
2017-04-07,3286.616,1.2572,1.154,,1.177,1.0668074511802246,1.065,1.0541,1.365,,0.9902
2017-04-10,3269.393,1.2525,1.155,,1.178,1.06698110030072,1.051,1.0487,1.368,,1.0052
2017-04-11,3288.966,1.2554,1.155,,1.182,1.0670389896219157,1.058,1.05,1.361,,1.0061
2017-04-12,3273.83,1.2497,1.156,,1.18,1.0670968820839108,1.048,1.0596,1.355,,1.0065
2017-04-13,3275.96,1.2509,1.156,,1.187,1.0671547776868757,1.054,1.068,1.344,,1.0012
2017-04-14,3246.067,1.2415,1.155,,1.175,1.0672126764309806,1.038,1.0678,1.346,,1.0029
2017-04-17,3222.167,1.2377,1.154,,1.168,1.0673863915118407,1.019,1.0689,1.357,,0.9998
2017-04-18,3196.713,1.2341,1.153,,1.166,1.0674443028222105,1.005,1.0658,1.357,,0.9957
2017-04-19,3170.687,1.2285,1.152,,1.163,1.0675022172745725,0.989,1.0644,1.355,,0.9686
2017-04-20,3172.1,1.2343,1.152,,1.167,1.0675601348690975,0.982,1.063,1.368,,0.9576
2017-04-21,3173.151,1.2375,1.15,,1.168,1.0676180556059558,0.982,1.0621,1.368,,0.9444
2017-04-24,3129.531,1.2243,1.15,,1.155,1.0677918366722354,0.95,1.0551,1.381,,0.9337
2017-04-25,3134.567,1.2264,1.149,,1.159,1.0678497699801317,0.955,1.0537,1.393,,0.94
2017-04-26,3140.847,1.2267,1.15,,1.159,1.067907706431214,0.959,1.0489,1.392,,0.9365
2017-04-27,3152.187,1.2265,1.15,,1.156,1.0679656460256526,0.967,1.0507,1.4,,0.9291
2017-04-28,3154.658,1.2238,1.15,,1.152,1.068023588763618,0.974,1.0536,1.403,,0.9326
2017-05-02,3143.712,1.2185,1.15,,1.148,1.0682553911541601,0.977,1.0445,1.418,,0.9138
2017-05-03,3135.346,1.2147,1.149,,1.144,1.0683133496123187,0.976,1.0423,1.412,,0.9107
2017-05-04,3127.369,1.2115,1.148,,1.142,1.0683713112150275,0.972,1.0272,1.414,,0.8837
2017-05-05,3103.038,1.2018,1.148,,1.136,1.0684292759624574,0.958,1.0254,1.416,,0.8933
2017-05-08,3078.613,1.196,1.147,,1.127,1.0686031890747787,0.941,1.0242,1.42,,0.8927
2017-05-09,3080.527,1.195,1.146,,1.127,1.0686611664027987,0.949,1.0231,1.427,,0.8884
2017-05-10,3052.785,1.1891,1.144,,1.119,1.0687191468763928,0.934,1.0182,1.428,,0.9053
2017-05-11,3061.5,1.1947,1.143,,1.125,1.0687771304957316,0.927,1.0195,1.426,,0.9146
2017-05-12,3083.513,1.2032,1.143,,1.133,1.068835117260986,0.923,1.024,1.427,,0.9105
2017-05-15,3090.229,1.2095,1.143,,1.139,1.069009096433949,0.925,1.0269,1.43,,0.9275
2017-05-16,3112.964,1.2191,1.142,,1.152,1.069067095784572,0.948,1.0286,1.433,,0.9236
2017-05-17,3104.442,1.2132,1.142,,1.148,1.0691250982819644,0.951,1.0319,1.396,,0.9271
2017-05-18,3090.139,1.2111,1.142,,1.145,1.0691831039262962,0.949,1.0402,1.406,,0.9309
2017-05-19,3090.631,1.2115,1.142,,1.15,1.0692411127177386,0.948,1.0382,1.415,,0.9494
2017-05-22,3075.676,1.213,1.143,,1.147,1.069415157976436,0.927,1.0407,1.423,,0.9543
2017-05-23,3061.947,1.2163,1.142,,1.149,1.0694731793580279,0.899,1.0459,1.423,,0.9586
2017-05-24,3064.076,1.2163,1.142,,1.149,1.069531203887584,0.905,1.0355,1.431,,0.9584
2017-05-25,3107.831,1.2361,1.142,,1.161,1.069589231565275,0.915,1.0398,1.441,,0.9256
2017-05-26,3110.059,1.2335,1.142,,1.163,1.069647262391272,0.916,1.0418,1.444,,0.9258
2017-05-31,3117.178,1.2366,1.143,,1.165,1.069937463751824,0.914,1.037,1.442,,0.9016
2017-06-01,3102.623,1.2392,1.143,,1.161,1.0699955134712436,0.889,1.037,1.437,,0.8957
2017-06-02,3105.54,1.2357,1.144,,1.163,1.0700535663401651,0.9,1.0339,1.452,,0.885
2017-06-05,3091.656,1.2283,1.144,,1.159,1.0702277438456487,0.907,1.0473,1.448,,0.8769
2017-06-06,3102.126,1.2361,1.144,,1.165,1.070285809314286,0.912,1.0524,1.443,,0.8834
2017-06-07,3140.325,1.252,1.145,,1.18,1.0703438779332797,0.933,1.0546,1.446,,0.857
2017-06-08,3150.334,1.263,1.145,,1.19,1.0704019497028003,0.931,1.0505,1.449,,0.8536
2017-06-09,3158.4,1.2708,1.145,,1.194,1.0704600246230191,0.932,1.0396,1.417,,0.8569
2017-06-12,3139.877,1.2726,1.146,,1.197,1.0706342682895738,0.916,1.0362,1.409,,0.8596
2017-06-13,3153.743,1.2758,1.148,,1.201,1.0706923558142944,0.93,1.0343,1.419,,0.8603
2017-06-14,3130.674,1.2614,1.149,,1.19,1.070750446490568,0.932,1.0376,1.413,,0.8405
2017-06-15,3132.486,1.257,1.15,,1.187,1.0708085403185654,0.942,1.0313,1.405,,0.8373
2017-06-16,3123.166,1.2556,1.151,,1.183,1.0708666372984579,0.94,1.0287,1.404,,0.8409
2017-06-19,3144.374,1.268,1.153,,1.191,1.0710409471512143,0.947,1.0265,1.424,,0.8351
2017-06-20,3140.014,1.2673,1.155,,1.191,1.0710990567403964,0.946,1.0255,1.416,,0.8203
2017-06-21,3156.212,1.2786,1.156,,1.204,1.0711571694823283,0.949,1.0246,1.431,,0.8072
2017-06-22,3147.453,1.2777,1.155,,1.203,1.0712152853771815,0.935,1.0307,1.43,,0.8074
2017-06-23,3157.873,1.2882,1.155,,1.213,1.0712734044251269,0.939,1.0319,1.436,,0.8126
2017-06-26,3185.444,1.3082,1.156,,1.228,1.071447780489226,0.954,1.0324,1.429,,0.8161
2017-06-27,3191.197,1.3117,1.157,,1.23,1.0715059121512505,0.958,1.0272,1.406,,0.8334
2017-06-28,3173.201,1.3054,1.158,,1.224,1.0715640469672227,0.954,1.0251,1.421,,0.8379
2017-06-29,3188.063,1.3131,1.158,,1.23,1.0716221849373135,0.962,1.0218,1.395,,0.8403
2017-06-30,3192.427,1.3144,1.159,,1.232,1.071680326061694,0.964,1.0146,1.39,,0.8543
2017-07-03,3195.912,1.311,1.159,,1.231,1.0718547683622863,0.972,1.0099,1.379,,0.8667
2017-07-04,3182.804,1.302,1.159,,1.224,1.071912922105538,0.968,1.0042,1.381,,0.8702
2017-07-05,3207.134,1.318,1.16,,1.234,1.0719710790039347,0.976,1.003,1.394,,0.843
2017-07-06,3212.444,1.3221,1.161,,1.235,1.0720292390576485,0.977,1.0033,1.383,,0.8471
2017-07-07,3217.957,1.3246,1.161,,1.238,1.0720874022668503,0.984,1.0021,1.396,,0.8267
2017-07-10,3212.632,1.3274,1.162,,1.236,1.0722619108290954,0.98,0.9876,1.406,,0.8306
2017-07-11,3203.038,1.3324,1.162,,1.241,1.072320086661961,0.968,0.9937,1.41,,0.8386
2017-07-12,3197.544,1.3295,1.162,,1.237,1.072378265651171,0.967,0.9986,1.423,,0.8429
2017-07-13,3218.163,1.3374,1.163,,1.241,1.0724364477968962,0.971,0.9994,1.425,,0.8527
2017-07-14,3222.417,1.3465,1.163,,1.248,1.072494633099308,0.967,0.9946,1.435,,0.8612
2017-07-17,3176.465,1.3335,1.164,,1.235,1.0726692079483753,0.926,1.0038,1.431,,0.8513
2017-07-18,3187.567,1.3345,1.164,,1.237,1.072727405879246,0.939,1.006,1.441,,0.8559
2017-07-19,3230.976,1.3566,1.164,,1.252,1.0727856069676598,0.958,1.0078,1.446,,0.8654
2017-07-20,3244.865,1.3618,1.164,,1.261,1.072843811213788,0.96,1.0076,1.448,,0.8625
2017-07-21,3237.982,1.3553,1.164,,1.258,1.0729020186178018,0.963,1.0143,1.447,,0.8434
2017-07-24,3250.599,1.3594,1.165,,1.265,1.0730766597788703,0.968,1.0168,1.451,,0.8506
2017-07-25,3243.689,1.3523,1.165,,1.26,1.0731348798161402,0.965,1.0169,1.45,,0.8729
2017-07-26,3247.675,1.3477,1.165,,1.254,1.0731931030121522,0.968,1.0112,1.456,,0.8847
2017-07-27,3249.781,1.344,1.165,,1.253,1.0732513293670782,0.975,1.0196,1.444,,0.8895
2017-07-28,3253.24,1.3494,1.165,,1.258,1.0733095588810893,0.98,1.0186,1.443,,0.8994
2017-07-31,3273.028,1.3587,1.166,,1.263,1.0734842663793476,0.998,1.0216,1.435,,0.9037
2017-08-01,3292.638,1.3682,1.165,,1.269,1.0735425085314134,0.995,1.0222,1.436,,0.889
2017-08-02,3285.057,1.3652,1.165,,1.264,1.0736007538434216,0.99,1.0204,1.441,,0.8955
2017-08-03,3272.929,1.3544,1.165,,1.256,1.0736590023155432,0.993,1.0154,1.436,,0.8936
2017-08-04,3262.081,1.3486,1.166,,1.251,1.0737172539479503,0.991,1.022,1.437,,0.8933
2017-08-07,3279.457,1.354,1.166,,1.26,1.0738920278085964,1.002,1.0151,1.446,,0.8911
2017-08-08,3281.873,1.3543,1.165,,1.26,1.0739502920838584,0.998,1.0137,1.443,,0.8933
2017-08-09,3275.573,1.355,1.165,,1.263,1.074008559520263,1.004,1.0177,1.44,,0.8942
2017-08-10,3261.749,1.3473,1.165,,1.258,1.0740668301179819,0.997,1.0221,1.404,,0.8801
2017-08-11,3208.541,1.3234,1.165,,1.238,1.0741251038771862,0.973,1.0274,1.411,,0.8765
2017-08-14,3237.36,1.3366,1.166,,1.247,1.0742999441254277,0.989,1.027,1.428,,0.8639
2017-08-15,3251.262,1.3396,1.166,,1.253,1.0743582305322896,0.992,1.02,1.431,,0.8579
2017-08-16,3246.451,1.3375,1.166,,1.25,1.0744165201014948,0.992,1.0191,1.435,,0.8535
2017-08-17,3268.43,1.3449,1.166,,1.255,1.0744748128332149,1.0,1.0282,1.406,,0.8496
2017-08-18,3268.724,1.3456,1.166,,1.257,1.0745331087276213,0.998,1.0338,1.406,,0.8692
2017-08-21,3286.906,1.3522,1.166,,1.262,1.0747080153886757,1.006,1.0303,1.404,,0.8618
2017-08-22,3290.226,1.3555,1.166,,1.262,1.074766323935544,0.999,1.0273,1.421,,0.8637
2017-08-23,3287.705,1.3543,1.166,,1.261,1.074824635645957,0.992,1.0283,1.417,,0.8717
2017-08-24,3271.512,1.3471,1.165,,1.259,1.0748829505200859,0.986,1.0286,1.411,,0.8639
2017-08-25,3331.522,1.3702,1.165,,1.273,1.0749412685581028,0.998,1.0275,1.409,,0.8657
2017-08-28,3362.651,1.3872,1.165,,1.282,1.0751162416571964,1.007,1.0325,1.408,,0.854
2017-08-29,3365.226,1.3868,1.164,,1.283,1.075174572352481,1.005,1.0436,1.412,,0.8485
2017-08-30,3363.627,1.3885,1.164,,1.286,1.0752329062125119,1.014,1.0323,1.425,,0.8413
2017-08-31,3360.81,1.3855,1.163,,1.28,1.0752912432374606,1.018,1.0316,1.435,,0.8602
2017-09-01,3367.119,1.3864,1.164,,1.283,1.0753495834274989,1.028,1.0376,1.433,,0.8628
2017-09-04,3379.583,1.3882,1.164,,1.283,1.0755246229898685,1.031,1.0467,1.428,,0.8601
2017-09-05,3384.317,1.3935,1.164,,1.286,1.0755829758419826,1.029,1.0437,1.409,,0.869
2017-09-06,3385.389,1.3927,1.164,,1.284,1.0756413318600448,1.035,1.0481,1.412,,0.879
2017-09-07,3365.497,1.3856,1.165,,1.282,1.0756996910442271,1.029,1.0443,1.414,,0.8774
2017-09-08,3365.243,1.3894,1.165,,1.282,1.0757580533947013,1.032,1.0456,1.398,,0.86
2017-09-11,3376.419,1.3925,1.166,,1.283,1.075933159445593,1.04,1.0446,1.412,,0.8597
2017-09-12,3379.488,1.3962,1.167,,1.287,1.0759915344629525,1.041,1.0386,1.421,,0.8695
2017-09-13,3384.147,1.3992,1.167,,1.29,1.0760499126474627,1.045,1.0414,1.426,,0.8818
2017-09-14,3371.426,1.3954,1.168,,1.287,1.0761082939992959,1.043,1.0382,1.419,,0.8917
2017-09-15,3353.619,1.3906,1.168,,1.286,1.0761666785186237,1.035,1.0397,1.423,,0.8952
2017-09-18,3362.859,1.3949,1.169,,1.289,1.0763418510832927,1.042,1.035,1.421,,0.8885
2017-09-19,3356.845,1.3908,1.169,,1.286,1.0764002482743171,1.037,1.0338,1.426,,0.8899
2017-09-20,3365.996,1.3958,1.169,,1.292,1.0764586486336956,1.046,1.0347,1.425,,0.902
2017-09-21,3357.812,1.3918,1.169,,1.289,1.0765170521615999,1.036,1.0258,1.42,,0.906
2017-09-22,3352.529,1.3945,1.169,,1.291,1.076575458858202,1.033,1.0284,1.419,,0.9064
2017-09-25,3341.549,1.3889,1.169,,1.286,1.0767506979619135,1.022,1.0258,1.406,,0.9296
2017-09-26,3343.583,1.3913,1.169,,1.286,1.0768091173350256,1.027,1.0389,1.412,,0.93
2017-09-27,3345.272,1.3943,1.169,,1.288,1.0768675398776952,1.034,1.0303,1.428,,0.9315
2017-09-28,3339.642,1.3935,1.17,,1.286,1.0769259655900942,1.03,1.0264,1.429,,0.9284
2017-09-29,3348.943,1.3989,1.17,,1.29,1.0769843944723947,1.037,1.029,1.441,,0.9251
2017-10-09,3374.378,1.4127,1.171,,1.304,1.077568857677813,1.047,1.0247,1.462,,0.8994
2017-10-10,3382.988,1.4128,1.171,,1.304,1.0776273214403813,1.05,1.0243,1.458,,0.9132
2017-10-11,3388.284,1.4157,1.171,,1.309,1.0776857883749151,1.045,1.0204,1.452,,0.9102
2017-10-12,3386.1,1.4201,1.171,,1.31,1.077744258481587,1.045,1.0244,1.449,,0.9031
2017-10-13,3390.523,1.4236,1.171,,1.311,1.0778027317605687,1.05,1.0253,1.455,,0.9149
2017-10-16,3378.47,1.4197,1.171,,1.304,1.077978170633095,1.036,1.0309,1.46,,0.9233
2017-10-17,3372.041,1.4186,1.17,,1.303,1.0780366566030382,1.036,1.0258,1.462,,0.9233
2017-10-18,3381.794,1.43,1.17,,1.313,1.0780951457461516,1.028,1.0223,1.463,,0.926
2017-10-19,3370.172,1.4269,1.17,,1.315,1.078153638062608,1.018,1.0193,1.46,,0.9196
2017-10-20,3378.648,1.4257,1.17,,1.315,1.0782121335525792,1.03,1.0191,1.464,,0.9239
2017-10-23,3380.699,1.43,1.171,,1.316,1.0783876390653049,1.037,1.0163,1.457,,0.9243
2017-10-24,3388.248,1.44,1.171,,1.324,1.078446147251058,1.037,1.0195,1.461,,0.9327
2017-10-25,3396.898,1.4486,1.17,,1.328,1.078504658611187,1.047,1.0154,1.456,,0.9338
2017-10-26,3407.567,1.4523,1.17,,1.33,1.0785631731458643,1.053,1.0176,1.451,,0.9388
2017-10-27,3416.812,1.4596,1.169,,1.335,1.078621690855262,1.046,1.012,1.496,,0.9611
2017-10-30,3390.337,1.4554,1.168,,1.33,1.0787972630334999,1.025,1.0118,1.5,,0.966
2017-10-31,3393.342,1.4538,1.167,,1.326,1.078855793443502,1.033,1.0154,1.502,,0.9696
2017-11-01,3395.913,1.4508,1.167,,1.32,1.0789143270290855,1.033,1.0135,1.5,,0.9672
2017-11-02,3383.31,1.4471,1.168,,1.321,1.0789728637904232,1.02,1.0131,1.495,,0.9682
2017-11-03,3371.744,1.4459,1.168,,1.316,1.0790314037276874,1.01,1.0142,1.505,,0.9789
2017-11-06,3388.174,1.46,1.168,,1.324,1.0792070425967606,1.024,1.0121,1.513,,1.0108
2017-11-07,3413.575,1.4699,1.168,,1.331,1.0792655952394532,1.029,1.0168,1.514,,1.0124
2017-11-08,3415.46,1.4672,1.167,,1.33,1.0793241510589338,1.031,1.0177,1.521,,1.0111
2017-11-09,3427.795,1.4774,1.167,,1.336,1.0793827100553746,1.039,1.0206,1.514,,1.0154
2017-11-10,3432.673,1.4917,1.167,,1.345,1.0794412722289481,1.04,1.0228,1.513,,1.0141
2017-11-13,3447.836,1.4982,1.166,,1.351,1.079616977814189,1.046,1.0192,1.516,,1.0101
2017-11-14,3429.548,1.4888,1.165,,1.342,1.0796755526980175,1.043,1.0173,1.512,,0.9882
2017-11-15,3402.525,1.4786,1.165,,1.336,1.0797341307598405,1.036,1.0193,1.502,,0.9848
2017-11-16,3399.25,1.4957,1.165,,1.34,1.0797927119998305,1.041,1.0156,1.521,,0.9834
2017-11-17,3382.908,1.4998,1.165,,1.342,1.0798512964181601,1.012,1.0185,1.515,,0.9991
2017-11-20,3392.399,1.5112,1.165,,1.348,1.0800270687449107,1.016,1.0238,1.514,,0.9925
2017-11-21,3410.498,1.5402,1.164,,1.364,1.080085665878323,1.02,1.0187,1.531,,1.0009
2017-11-22,3430.464,1.5419,1.163,,1.366,1.0801442661909373,1.018,1.0181,1.531,,1.0109
2017-11-23,3351.918,1.4926,1.162,,1.333,1.0802028696829258,0.998,1.0197,1.525,,1.0093
2017-11-24,3353.821,1.4934,1.161,,1.331,1.0802614763544611,1.001,1.0197,1.526,,1.0132
2017-11-27,3322.23,1.4726,1.161,,1.319,1.080437315448073,0.994,1.02,1.526,,1.0092
2017-11-28,3333.657,1.4787,1.161,,1.322,1.0804959348395209,1.011,1.0215,1.531,,1.0093
2017-11-29,3337.862,1.4828,1.16,,1.322,1.080554557411378,1.021,1.0232,1.509,,1.0036
2017-11-30,3317.188,1.4676,1.16,,1.312,1.0806131831638173,1.015,1.0167,1.521,,1.0024
2017-12-01,3317.617,1.4652,1.161,,1.312,1.0806718120970111,1.02,1.0108,1.516,,1.017
2017-12-04,3309.618,1.4731,1.161,,1.315,1.0808477179828457,1.014,1.01,1.5,,1.0047
2017-12-05,3303.675,1.4781,1.162,,1.319,1.0809063596407835,0.992,1.0108,1.5,,1.0075
2017-12-06,3293.965,1.4696,1.162,,1.311,1.080965004480339,0.997,1.0055,1.507,,0.9874
2017-12-07,3272.054,1.45,1.163,,1.299,1.0810236525016845,0.99,0.9979,1.513,,0.9934
2017-12-08,3289.992,1.464,1.163,,1.301,1.081082303704993,1.0,0.9921,1.52,,1.0097
2017-12-11,3322.196,1.4875,1.163,1.0,1.316,1.081258276408421,1.011,0.9935,1.53,,1.0192
2017-12-12,3280.814,1.4688,1.163,1.0,1.304,1.0813169403413072,1.0,0.9909,1.528,,1.0096
2017-12-13,3303.037,1.4827,1.163,1.0,1.313,1.081375607457019,1.007,0.9918,1.532,,0.9963
2017-12-14,3292.439,1.477,1.163,1.0,1.31,1.08143427775573,1.007,1.0,1.526,,1.0001
2017-12-15,3266.137,1.458,1.163,1.0002,1.299,1.0814929512376121,0.995,0.9986,1.545,,1.0036
2017-12-18,3267.922,1.4592,1.164,1.0004,1.302,1.0816689907840145,0.996,0.9997,1.557,,1.007
2017-12-19,3296.538,1.4798,1.164,1.0019,1.313,1.0817276770003095,1.003,1.0047,1.548,,1.0101
2017-12-20,3287.606,1.4779,1.164,1.0028,1.311,1.0817863664006397,0.994,1.0026,1.545,,1.0195
2017-12-21,3300.059,1.4968,1.164,0.9997,1.317,1.0818450589851776,1.001,1.0007,1.539,,1.018
2017-12-22,3297.063,1.4924,1.164,0.9999,1.317,1.0819037547540962,1.001,1.0019,1.538,,1.0199
2017-12-25,3280.461,1.4878,1.164,0.9999,1.319,1.082079861168863,0.993,1.0056,1.538,,1.0177
2017-12-26,3306.125,1.4918,1.165,0.9954,1.323,1.0821385696770314,0.998,1.007,1.522,,1.0267
2017-12-27,3275.783,1.4677,1.164,0.9953,1.314,1.0821972813704446,0.992,1.01,1.522,,1.0349
2017-12-28,3296.385,1.4797,1.164,0.9943,1.32,1.0822559962492748,0.998,1.0128,1.524,,1.0377
2017-12-29,3307.172,1.4836,1.164,0.9935,1.328,1.0823147143136953,1.005,1.0111,1.512,,1.0417
2017-12-31,3307.172,1.4835,1.165,0.9933,1.328,1.0824321599999982,1.005,1.0111,1.512,,1.0416
2018-01-02,3348.326,1.5072,1.166,0.9906,1.349,1.082549618430736,1.026,1.0194,1.531,,1.0395
2018-01-03,3369.108,1.5141,1.166,0.9902,1.354,1.0826083524256997,1.032,1.0222,1.542,,1.0536
2018-01-04,3385.71,1.52,1.166,0.9922,1.359,1.0826670896072912,1.039,1.0187,1.547,,1.0603
2018-01-05,3391.75,1.5219,1.166,0.9911,1.369,1.0827258299756826,1.04,1.0226,1.559,,1.0544
2018-01-08,3409.48,1.5318,1.167,0.9904,1.381,1.0829020702033871,1.05,1.0238,1.562,,1.0569
2018-01-09,3413.9,1.5406,1.167,0.9916,1.38,1.0829608233207084,1.05,1.026,1.565,,1.0704
2018-01-10,3421.834,1.5475,1.168,0.9941,1.384,1.0830195796256945,1.044,1.024,1.567,,1.0837
2018-01-11,3425.345,1.5453,1.167,0.9935,1.38,1.0830783391185184,1.041,1.0283,1.576,,1.0872
2018-01-12,3428.941,1.5556,1.167,0.9908,1.385,1.083137101799353,1.039,1.0304,1.582,,1.0875
2018-01-15,3410.488,1.5607,1.168,0.9908,1.381,1.0833134089716503,1.018,1.0347,1.582,,1.0859
2018-01-16,3436.594,1.5674,1.168,0.9849,1.397,1.0833721844062574,1.03,1.0321,1.564,,1.0761
2018-01-17,3444.671,1.5602,1.168,0.9837,1.393,1.08343096302974,1.026,1.0279,1.579,,1.0751
2018-01-18,3474.754,1.5727,1.168,0.9845,1.215,1.0834897448422713,1.034,1.0224,1.58,,1.0754
2018-01-19,3487.864,1.5735,1.168,0.981,1.215,1.0835485298440242,1.031,1.0202,1.58,,1.0658
2018-01-22,3501.362,1.594,1.168,0.9801,1.227,1.0837249039863432,1.049,1.0215,1.594,,1.0714
2018-01-23,3546.505,1.609,1.169,0.979,1.241,1.0837837017467133,1.048,1.0258,1.604,,1.0816
2018-01-24,3559.465,1.6096,1.169,0.9777,1.241,1.08384250269717,1.051,1.0284,1.592,,1.0895
2018-01-25,3548.307,1.6031,1.169,0.9766,1.237,1.0839013068378869,1.053,1.0322,1.587,,1.0855
2018-01-26,3558.129,1.6102,1.169,0.9728,1.244,1.083960114169037,1.055,1.0271,1.603,,1.0855
2018-01-29,3523.001,1.5886,1.169,0.9698,1.233,1.084136555306816,1.048,1.0216,1.591,,1.0719
2018-01-30,3488.009,1.5716,1.169,0.9687,1.22,1.0841953754014293,1.046,1.0144,1.58,,1.0593
2018-01-31,3480.833,1.5812,1.17,0.9694,1.221,1.0842541986873413,1.037,1.0145,1.585,,1.0627
2018-02-01,3446.98,1.5744,1.17,0.9656,1.211,1.084313025164725,1.011,1.012,1.567,,1.0727
2018-02-02,3462.081,1.5887,1.17,0.963,1.219,1.0843718548337538,1.021,1.0133,1.533,,1.0546
2018-02-05,3487.497,1.5962,1.171,0.9627,1.226,1.084548362992441,1.026,1.005,1.48,,1.0464
2018-02-06,3370.652,1.5471,1.171,0.9594,1.196,1.0846072054297813,0.98,1.0113,1.521,,1.0353
2018-02-07,3309.26,1.5067,1.171,0.9585,1.171,1.0846660510596324,0.976,0.9987,1.498,,1.0131
2018-02-08,3262.05,1.488,1.172,0.9553,1.159,1.0847248998821675,0.98,0.9967,1.437,,0.9936
2018-02-09,3129.851,1.4192,1.172,0.955,1.121,1.08478375189756,0.938,0.9978,1.469,,0.9804
2018-02-12,3154.125,1.44,1.173,0.9534,1.131,1.0849603271026136,0.959,0.9996,1.487,,0.9799
2018-02-13,3184.959,1.4596,1.174,0.9558,1.142,1.0850191918911676,0.965,1.0035,1.5,,0.9769
2018-02-14,3199.159,1.4711,1.174,0.9582,1.146,1.085078059873445,0.971,1.0109,1.53,,0.9965
2018-02-22,3268.559,1.5076,1.175,0.9634,1.17,1.0855491187265078,0.989,1.0042,1.55,,1.0331
2018-02-23,3289.024,1.5148,1.175,0.963,1.173,1.0856080154600958,0.996,1.0063,1.577,,1.0465
2018-02-26,3329.574,1.5344,1.176,0.9643,1.183,1.0857847248342936,1.013,1.0121,1.594,,1.0527
2018-02-27,3292.068,1.5104,1.177,0.9616,1.167,1.0858436343507485,1.005,1.0078,1.57,,1.0401
2018-02-28,3259.408,1.4986,1.178,0.963,1.159,1.0859025470633539,1.007,1.0002,1.564,,1.0201
2018-03-01,3273.755,1.5072,1.178,0.9624,1.161,1.085961462972283,1.015,0.9983,1.543,,1.0082
2018-03-02,3254.528,1.4937,1.178,0.9613,1.157,1.086020382077709,1.006,1.0023,1.556,,1.0098
2018-03-05,3256.926,1.4904,1.179,0.9632,1.155,1.0861971585747041,1.005,1.0067,1.573,,1.0274
2018-03-06,3289.642,1.5094,1.179,0.9635,1.169,1.0862560904678529,1.02,1.0034,1.579,,1.0298
2018-03-07,3271.668,1.4964,1.179,0.9617,1.164,1.086315025558366,1.012,1.0076,1.58,,1.0173
2018-03-08,3288.406,1.5087,1.18,0.9611,1.173,1.0863739638464167,1.02,1.0071,1.586,,1.0039
2018-03-09,3307.166,1.5165,1.18,0.9633,1.178,1.086432905332179,1.028,1.0013,1.621,,1.0253
2018-03-12,3326.699,1.5248,1.181,0.9624,1.182,1.086609748977468,1.039,1.0019,1.624,,1.0203
2018-03-13,3310.239,1.5124,1.181,0.9607,1.176,1.0866687032558102,1.031,1.0015,1.603,,1.0124
2018-03-14,3291.382,1.5061,1.181,0.9602,1.171,1.0867276607327312,1.025,1.0031,1.601,,1.0143
2018-03-15,3291.112,1.5119,1.181,0.9585,1.172,1.0867866214084048,1.023,1.0025,1.598,,1.0172
2018-03-16,3269.882,1.499,1.182,0.9607,1.164,1.0868455852830041,1.017,0.9996,1.6,,1.0337
2018-03-19,3279.252,1.5007,1.182,0.9595,1.159,1.0870224961020933,1.016,0.9938,1.567,,1.0321
2018-03-20,3290.64,1.5017,1.182,0.9578,1.159,1.087081472774132,1.02,0.9971,1.569,,1.0479
2018-03-21,3280.952,1.4936,1.183,0.9598,1.156,1.0871404526459645,1.012,0.9978,1.566,,1.0763
2018-03-22,3263.48,1.48,1.184,0.9571,1.147,1.0871994357177643,1.003,1.0064,1.525,,1.0629
2018-03-23,3152.761,1.4361,1.186,0.9553,1.116,1.0872584219897052,0.959,1.0167,1.49,,1.0831
2018-03-26,3133.722,1.4255,1.187,0.9536,1.109,1.0874354000081103,0.966,1.0143,1.541,,1.0788
2018-03-27,3166.649,1.4373,1.187,0.9517,1.116,1.0874943990823518,0.984,1.0138,1.48,,1.0688
2018-03-28,3122.29,1.4118,1.188,0.9509,1.102,1.0875534013576023,0.971,1.008,1.463,,1.0635
2018-03-29,3160.531,1.4305,1.188,0.9556,1.12,1.0876124068340358,0.982,0.9984,1.497,,1.0716
2018-03-30,3168.897,1.4315,1.189,0.9556,1.121,1.087671415511826,0.992,1.0004,1.497,,1.0686
2018-04-02,3163.179,1.4262,1.19,0.9556,1.116,1.0878484607550727,0.991,1.0015,1.448,,1.0525
2018-04-03,3136.633,1.4177,1.19,0.9555,1.108,1.087907482240026,0.983,1.0075,1.465,,1.0499
2018-04-04,3131.111,1.4133,1.191,0.957,1.107,1.0879665069272046,0.979,1.0063,1.489,,1.0497
2018-04-09,3138.294,1.413,1.193,0.9626,1.103,1.0882616784025556,0.979,1.004,1.474,,1.0564
2018-04-10,3190.322,1.44,1.193,0.9636,1.122,1.088320722306734,0.989,1.0057,1.504,,1.0835
2018-04-11,3208.082,1.4451,1.194,0.9622,1.129,1.0883797694143535,0.993,1.009,1.493,,1.1003
2018-04-12,3180.158,1.4306,1.194,0.961,1.119,1.0884388197255885,0.986,1.0135,1.507,,1.0966
2018-04-13,3159.052,1.4222,1.194,0.9622,1.115,1.0884978732406128,0.983,1.0062,1.502,,1.1053
2018-04-16,3110.649,1.3987,1.195,0.9609,1.098,1.088675053010158,0.973,1.0089,1.512,,1.0939
2018-04-17,3066.797,1.3762,1.196,0.9596,1.086,1.088734119342077,0.95,1.0111,1.539,,1.0924
2018-04-18,3091.399,1.3845,1.201,0.9595,1.092,1.0887931888786542,0.961,1.0094,1.544,,1.1193
2018-04-19,3117.376,1.3998,1.2,0.9589,1.101,1.0888522616200635,0.966,1.0133,1.532,,1.1262
2018-04-20,3071.543,1.38,1.2,0.9583,1.087,1.0889113375664792,0.946,1.0088,1.51,,1.1207
2018-04-23,3068.012,1.3801,1.2,0.9571,1.089,1.089088584637501,0.939,1.0036,1.509,,1.1334
2018-04-24,3128.927,1.41,1.2,0.9595,1.109,1.0891476734056795,0.961,1.0021,1.484,,1.1332
2018-04-25,3117.974,1.4053,1.2,0.9571,1.105,1.089206765379734,0.964,0.9999,1.481,,1.1241
2018-04-26,3075.03,1.3803,1.199,0.9583,1.09,1.0892658605598378,0.946,1.0025,1.515,,1.1358
2018-04-27,3082.232,1.3827,1.199,0.96,1.091,1.089324958946165,0.949,0.999,1.519,,1.1346
2018-05-02,3081.177,1.3853,1.199,0.9605,1.097,1.089620498977243,0.949,0.9971,1.523,,1.1317
2018-05-03,3100.859,1.3941,1.199,0.9589,1.105,1.0896796166045646,0.958,0.9956,1.524,,1.1405
2018-05-04,3091.033,1.3897,1.199,0.9548,1.103,1.0897387374393277,0.958,0.9959,1.547,,1.1558
2018-05-07,3136.645,1.4119,1.199,0.9544,1.117,1.089916119190005,0.979,0.9977,1.56,,1.1643
2018-05-08,3161.498,1.4246,1.199,0.9537,1.125,1.0899752528562738,0.985,0.9989,1.561,,1.1619
2018-05-09,3159.15,1.4213,1.198,0.9522,1.124,1.0900343897308542,0.983,0.9962,1.579,,1.1919
2018-05-10,3174.413,1.4272,1.198,0.951,1.129,1.0900935298139203,0.988,0.998,1.596,,1.1965
2018-05-11,3163.263,1.4205,1.198,0.9497,1.124,1.090152673105646,0.978,1.0004,1.588,,1.1899
2018-05-14,3174.032,1.4314,1.198,0.9479,1.129,1.090330122234522,0.979,0.9994,1.586,,1.1947
2018-05-15,3192.118,1.4378,1.198,0.9503,1.133,1.0903892783626274,0.987,0.9956,1.573,,1.2005
2018-05-16,3169.565,1.426,1.197,0.9526,1.127,1.0904484377002632,0.987,0.9868,1.589,,1.2068
2018-05-17,3154.283,1.4173,1.197,0.9521,1.124,1.0905076002476033,0.981,0.9809,1.581,,1.2159
2018-05-18,3193.303,1.4297,1.197,0.9529,1.134,1.0905667660048217,0.986,0.9818,1.576,,1.2087
2018-05-21,3213.84,1.4369,1.197,0.9537,1.138,1.09074428253749,0.996,0.9801,1.586,,1.2187
2018-05-22,3214.35,1.4309,1.198,0.9537,1.134,1.0908034611359643,1.0,0.9825,1.582,,1.2236
2018-05-23,3168.964,1.411,1.198,0.9524,1.123,1.090862642945188,0.987,0.9842,1.595,,1.2139
2018-05-24,3154.651,1.4015,1.198,0.9542,1.117,1.090921827965335,0.984,0.9884,1.595,,1.2042
2018-05-25,3141.303,1.3961,1.199,0.9562,1.115,1.09098101619658,0.977,0.9928,1.599,,1.1652
2018-05-28,3135.082,1.4009,1.199,0.9562,1.118,1.0911586001586437,0.983,0.989,1.599,,1.1626
2018-05-29,3120.461,1.3922,1.199,0.958,1.114,1.091217801236022,0.974,0.9911,1.595,,1.1494
2018-05-30,3041.443,1.3652,1.199,0.956,1.096,1.0912770055253695,0.955,0.9929,1.61,,1.1788
2018-05-31,3095.474,1.3909,1.199,0.9535,1.116,1.09133621302686,0.976,0.9953,1.607,,1.1686
2018-06-01,3075.137,1.3804,1.199,0.9506,1.108,1.091395423740668,0.964,0.9936,1.63,,1.1503
2018-06-04,3091.191,1.3953,1.199,0.9498,1.117,1.0915730751577402,0.97,0.9893,1.646,,1.139
2018-06-05,3114.206,1.4089,1.199,0.9494,1.123,1.0916322987225613,0.989,0.9877,1.65,,1.1358
2018-06-06,3115.18,1.4083,1.199,0.9473,1.122,1.0916915255005712,0.993,0.989,1.657,,1.1341
2018-06-07,3109.499,1.411,1.199,0.9485,1.119,1.0917507554919448,0.986,0.9898,1.641,,1.1502
2018-06-08,3067.148,1.3957,1.199,0.9493,1.107,1.091809988696856,0.978,0.9899,1.643,,1.1465
2018-06-11,3052.783,1.3974,1.199,0.9504,1.106,1.0919877075945592,0.969,0.9905,1.648,,1.1511
2018-06-12,3079.802,1.4182,1.199,0.9501,1.12,1.0920469536553647,0.986,0.9899,1.657,,1.1529
2018-06-13,3049.797,1.4089,1.199,0.9505,1.112,1.0921062029305797,0.972,0.9889,1.657,,1.1581
2018-06-14,3044.16,1.4056,1.199,0.9498,1.108,1.0921654554203788,0.966,0.9926,1.668,,1.1518
2018-06-15,3021.901,1.4015,1.199,0.9547,1.106,1.0922247111249364,0.953,0.992,1.671,,1.125
2018-06-19,2907.822,1.3552,1.2,0.954,1.069,1.0924617660942382,0.905,0.9884,1.663,,1.133
2018-06-20,2915.731,1.3618,1.2,0.9574,1.075,1.092521037875204,0.919,0.9829,1.684,,1.145
2018-06-21,2875.81,1.3536,1.2,0.9596,1.068,1.0925803128719744,0.908,0.9808,1.673,,1.1367
2018-06-22,2889.76,1.3623,1.2,0.9621,1.073,1.0926395910847246,0.919,0.9841,1.671,,1.1745
2018-06-25,2859.336,1.3461,1.201,0.9642,1.063,1.092817445020597,0.914,0.9858,1.638,,1.1691
2018-06-26,2844.508,1.3346,1.201,0.9678,1.053,1.0928767360990101,0.914,0.986,1.651,,1.194
2018-06-27,2813.178,1.3112,1.201,0.9741,1.04,1.0929360303942752,0.897,0.9872,1.639,,1.2341
2018-06-28,2786.897,1.2976,1.201,0.9775,1.029,1.0929953279065667,0.885,0.9853,1.662,,1.2468
2018-06-29,2847.418,1.3319,1.203,0.9805,1.051,1.0930546286360594,0.913,0.9866,1.669,,1.2687
2018-06-30,2847.418,1.3319,1.203,0.9806,1.051,1.0931139325829275,0.913,0.9866,1.669,,1.2686
2018-07-02,2775.557,1.2956,1.204,0.9815,1.026,1.0932325501294893,0.897,0.9868,1.682,,1.2473
2018-07-03,2786.888,1.2952,1.205,0.9871,1.027,1.0932918637295317,0.901,0.9883,1.671,,1.2458
2018-07-04,2759.126,1.28,1.206,0.9871,1.018,1.0933511805476481,0.887,0.9903,1.671,,1.254
2018-07-05,2733.882,1.2721,1.207,0.9823,1.01,1.0934105005840131,0.867,0.99,1.683,,1.2484
2018-07-06,2747.229,1.2792,1.208,0.9848,1.012,1.093469823838801,0.8702,0.9933,1.711,,1.2491
2018-07-09,2815.11,1.3149,1.208,0.9846,1.034,1.09364781291545,0.8946,0.9929,1.727,,1.2636
2018-07-10,2827.625,1.3218,1.208,0.9825,1.038,1.093707149045677,0.902,0.9898,1.725,,1.2688
2018-07-11,2777.771,1.3028,1.208,0.9823,1.022,1.0937664883951999,0.8883,0.9924,1.716,,1.2232
2018-07-12,2837.659,1.3294,1.209,0.9885,1.04,1.093825830964194,0.9117,0.9888,1.755,,1.2184
2018-07-13,2831.184,1.3382,1.209,0.9895,1.046,1.0938851767528337,0.9185,0.988,1.757,,1.2339
2018-07-16,2814.042,1.3301,1.209,0.9892,1.041,1.0940632334383733,0.9172,0.9893,1.754,,1.1944
2018-07-17,2798.126,1.3242,1.21,0.9897,1.037,1.0941225921073423,0.9124,0.9881,1.765,,1.1913
2018-07-18,2787.257,1.3157,1.21,0.9906,1.037,1.0941819539968305,0.9074,0.9793,1.765,,1.1992
2018-07-19,2772.545,1.3157,1.212,0.9956,1.034,1.0942413191070126,0.902,0.9821,1.759,,1.2098
2018-07-20,2829.271,1.3399,1.213,1.0028,1.053,1.0943006874380634,0.9104,0.9864,1.774,,1.221
2018-07-23,2859.542,1.3494,1.214,1.0007,1.063,1.0944788117581745,0.9103,0.9898,1.778,,1.2288
2018-07-24,2905.562,1.3682,1.214,1.0045,1.076,1.0945381929744473,0.9265,0.99,1.793,,1.2402
2018-07-25,2903.647,1.3654,1.215,1.0063,1.075,1.0945975774124626,0.926,0.9885,1.82,,1.2512
2018-07-26,2882.225,1.3493,1.216,1.0012,1.068,1.094656965072395,0.9151,0.9905,1.785,,1.2532
2018-07-27,2873.594,1.346,1.218,1.0053,1.066,1.0947163559544193,0.9106,0.9894,1.769,,1.2525
2018-07-30,2869.05,1.3456,1.219,1.0074,1.066,1.0948945479347933,0.8997,0.9895,1.751,,1.266
2018-07-31,2876.401,1.3457,1.221,1.008,1.068,1.0949539517069342,0.9005,0.9908,1.76,,1.2511
2018-08-01,2824.534,1.3184,1.222,1.0083,1.049,1.0950133587020414,0.886,0.9893,1.773,,1.2317
2018-08-02,2768.024,1.2923,1.223,1.0036,1.031,1.0950727689202895,0.8669,0.9882,1.786,,1.2375
2018-08-03,2740.443,1.2716,1.224,1.009,1.019,1.0951321823618536,0.8494,0.9876,1.801,,1.2433
2018-08-06,2705.157,1.2579,1.226,1.0118,1.008,1.095310442028191,0.8303,0.9868,1.816,,1.2552
2018-08-07,2779.374,1.2918,1.227,1.011,1.031,1.0953698683647677,0.8533,0.9868,1.819,,1.2595
2018-08-08,2744.07,1.2737,1.226,1.0099,1.018,1.0954292979255351,0.8367,0.9853,1.818,,1.2223
2018-08-09,2794.382,1.303,1.225,1.0113,1.035,1.095488730710668,0.8569,0.9851,1.817,,1.2211
2018-08-10,2795.31,1.3053,1.224,1.0139,1.033,1.095548166720341,0.8622,0.9854,1.807,,1.2348
2018-08-13,2785.872,1.301,1.223,1.0165,1.028,1.0957264940983518,0.8653,0.9872,1.811,,1.2335
2018-08-14,2780.965,1.2945,1.223,1.0162,1.027,1.0957859430079357,0.8611,0.9791,1.823,,1.235
2018-08-15,2723.258,1.2688,1.223,1.0187,1.008,1.095845395142935,0.8411,0.9771,1.806,,1.2017
2018-08-16,2705.192,1.2623,1.223,1.0199,1.002,1.0959048505035243,0.833,0.9677,1.813,,1.2131
2018-08-17,2668.966,1.2478,1.222,1.0196,0.993,1.0959643090898787,0.8196,0.9646,1.813,,1.2186
2018-08-20,2698.466,1.2632,1.221,1.0193,1.001,1.0961427042052834,0.8232,0.9702,1.807,,1.2189
2018-08-21,2733.826,1.2844,1.22,1.0151,1.012,1.0962021756964488,0.8377,0.9746,1.803,,1.2199
2018-08-22,2714.608,1.2777,1.221,1.0141,1.006,1.0962616504142544,0.8303,0.9734,1.807,,1.2498
2018-08-23,2724.624,1.2791,1.221,1.0151,1.008,1.0963211283588756,0.8323,0.9743,1.807,,1.2542
2018-08-24,2729.431,1.2801,1.222,1.0193,1.01,1.096380609530487,0.83,0.9752,1.833,,1.2765
2018-08-27,2780.899,1.3101,1.222,1.0166,1.03,1.0965590724090155,0.8514,0.9778,1.844,,1.277
2018-08-28,2777.981,1.3066,1.222,1.01,1.03,1.09661856649034,0.8518,0.9816,1.835,,1.2662
2018-08-29,2769.295,1.3006,1.222,1.0101,1.024,1.0966780637995304,0.8461,0.9792,1.856,,1.2792
2018-08-30,2737.737,1.2898,1.223,1.0111,1.018,1.0967375643367616,0.8368,0.9803,1.853,,1.2875
2018-08-31,2725.25,1.2832,1.223,1.0123,1.014,1.0967970681022094,0.8268,0.9819,1.859,,1.2899
2018-09-03,2720.734,1.2789,1.224,1.0123,1.011,1.0969755987696013,0.8266,0.9767,1.859,,1.292
2018-09-04,2750.58,1.2924,1.224,1.0114,1.019,1.0970351154496656,0.835,0.9736,1.85,,1.2873
2018-09-05,2704.337,1.269,1.224,1.0113,1.004,1.0970946353588218,0.8191,0.9726,1.83,,1.2775
2018-09-06,2691.593,1.2576,1.224,1.0115,0.995,1.0971541584972453,0.8126,0.9758,1.813,,1.262
2018-09-07,2702.301,1.2632,1.224,1.0103,0.998,1.0972136848651113,0.8171,0.9775,1.807,,1.2627
2018-09-10,2669.485,1.2468,1.224,1.0116,0.989,1.0973922833471161,0.8007,0.9772,1.815,,1.2685
2018-09-11,2664.8,1.2412,1.223,1.0122,0.986,1.0974518226345042,0.7973,0.9779,1.832,,1.2942
2018-09-12,2656.11,1.2324,1.223,1.0127,0.984,1.097511365152211,0.7938,0.9772,1.828,,1.3131
2018-09-13,2686.578,1.2434,1.223,1.0125,0.992,1.0975709109004117,0.7974,0.9807,1.844,,1.2894
2018-09-14,2681.643,1.2428,1.224,1.0103,0.994,1.0976304598792814,0.7933,0.9829,1.837,,1.2863
2018-09-17,2651.789,1.2297,1.225,1.0115,0.985,1.0978091262016587,0.7807,0.9791,1.815,,1.2895
2018-09-18,2699.95,1.2554,1.225,1.0119,1.0,1.097868688104958,0.7963,0.9795,1.83,,1.3036
2018-09-19,2730.85,1.2713,1.225,1.0121,1.013,1.0979282532398031,0.8072,0.9827,1.83,,1.3155
2018-09-20,2729.244,1.2705,1.225,1.0119,1.013,1.0979878216063692,0.8057,0.9822,1.847,,1.3095
2018-09-21,2797.485,1.3041,1.225,1.0107,1.04,1.0980473932048316,0.8233,0.9861,1.833,,1.3077
2018-09-25,2781.139,1.2935,1.226,1.0106,1.031,1.0982857119211513,0.8187,0.9818,1.842,,1.3466
2018-09-26,2806.813,1.3049,1.226,1.0127,1.037,1.0983452996817258,0.8264,0.9839,1.846,,1.3385
2018-09-27,2791.775,1.3009,1.226,1.0137,1.036,1.0984048906752488,0.8194,0.981,1.863,,1.3479
2018-09-28,2821.35,1.3132,1.227,1.0156,1.045,1.0984644849018956,0.8267,0.9729,1.866,,1.3714
2018-10-08,2716.51,1.2611,1.229,1.0165,1.01,1.099060605028779,0.7952,0.9832,1.807,,1.3914
2018-10-09,2721.013,1.2583,1.229,1.0174,1.008,1.099120234831369,0.7946,0.9822,1.813,,1.4057
2018-10-10,2725.837,1.258,1.23,1.0179,1.008,1.0991798678691884,0.7936,0.9813,1.739,,1.3775
2018-10-11,2583.458,1.2037,1.231,1.0175,0.965,1.099239504142413,0.7443,0.9878,1.721,,1.3434
2018-10-12,2606.913,1.2213,1.231,1.0184,0.974,1.0992991436512183,0.7467,0.9993,1.771,,1.3499
2018-10-15,2568.098,1.2005,1.232,1.0187,0.956,1.0994780815928733,0.7336,1.0106,1.749,,1.3497
2018-10-16,2546.33,1.19,1.233,1.019,0.948,1.0995377340457566,0.7175,1.0103,1.798,,1.3543
2018-10-17,2561.614,1.1982,1.233,1.0196,0.954,1.0995973897350984,0.7225,1.0083,1.798,,1.3305
2018-10-18,2486.419,1.1728,1.234,1.0204,0.935,1.0996570486610742,0.7062,1.0081,1.764,,1.3172
2018-10-19,2550.465,1.2064,1.234,1.0214,0.958,1.0997167108238597,0.725,1.0103,1.765,,1.3296
2018-10-22,2654.876,1.2534,1.234,1.0212,0.992,1.0998957167348302,0.759,1.012,1.769,,1.3264
2018-10-23,2594.826,1.2206,1.235,1.0214,0.97,1.0999553918466105,0.7421,1.0176,1.766,,1.2821
2018-10-24,2603.295,1.2234,1.235,1.022,0.97,1.1000150701960787,0.7393,1.0177,1.689,,1.2786
2018-10-25,2603.8,1.2251,1.236,1.0219,0.972,1.1000747517834104,0.7347,1.0185,1.744,,1.2882
2018-10-26,2598.847,1.2184,1.236,1.023,0.972,1.100134436608781,0.7335,1.0218,1.707,,1.2965
2018-10-29,2542.103,1.1873,1.236,1.0219,0.95,1.1003135105148851,0.7177,1.0209,1.67,,1.2847
2018-10-30,2568.048,1.2015,1.237,1.0226,0.958,1.1003732082941695,0.7251,1.0159,1.699,,1.278
2018-10-31,2602.783,1.2162,1.238,1.023,0.968,1.1004329093123715,0.7379,1.0086,1.741,,1.2664
2018-11-01,2606.237,1.2209,1.238,1.0226,0.971,1.1004926135696669,0.7438,1.012,1.766,,1.2281
2018-11-02,2676.476,1.2586,1.238,1.0217,0.993,1.1005523210662314,0.7705,1.0105,1.734,,1.2159
2018-11-05,2665.431,1.2469,1.238,1.0182,0.989,1.1007314629932967,0.7692,1.0144,1.717,,1.2111
2018-11-06,2659.356,1.2399,1.239,1.0193,0.987,1.1007911834486954,0.7675,1.0122,1.732,,1.1955
2018-11-07,2641.342,1.2343,1.239,1.0195,0.982,1.1008509071442418,0.7652,1.0134,1.782,,1.1903
2018-11-08,2635.632,1.2286,1.24,1.0208,0.981,1.100910634080112,0.762,1.0086,1.775,,1.1803
2018-11-09,2598.872,1.2151,1.241,1.0218,0.97,1.1009703642564816,0.7617,1.0071,1.751,,1.1654
2018-11-12,2630.52,1.23,1.241,1.0243,0.984,1.1011495742303463,0.7815,0.9989,1.705,,1.1643
2018-11-13,2654.88,1.2409,1.241,1.0247,0.991,1.1012093173704725,0.7922,0.9964,1.709,,1.1008
2018-11-14,2632.243,1.2283,1.242,1.0212,0.984,1.1012690637519773,0.7895,0.9946,1.69,,1.107
2018-11-15,2668.17,1.2426,1.243,1.0212,0.992,1.1013288133750367,0.8001,1.0014,1.718,,1.1106
2018-11-16,2679.11,1.2457,1.244,1.0217,0.997,1.1013885662398268,0.8062,1.0037,1.712,,1.1149
2018-11-19,2703.512,1.2569,1.245,1.0207,1.005,1.101567844286338,0.8106,1.0075,1.657,,1.1075
2018-11-20,2645.855,1.2277,1.245,1.0199,0.986,1.1016276101198086,0.7889,1.01,1.63,,1.0498
2018-11-21,2651.505,1.2298,1.245,1.0211,0.988,1.1016873791958892,0.7946,1.01,1.646,,1.0657
2018-11-22,2645.434,1.2246,1.246,1.0211,0.985,1.1017471515147557,0.794,1.011,1.646,,1.06
2018-11-23,2579.483,1.1989,1.246,1.019,0.965,1.1018069270765838,0.7677,1.0108,1.631,,1.0013
2018-11-26,2575.81,1.1958,1.246,1.0187,0.963,1.101986273221599,0.7642,1.012,1.67,,1.0175
2018-11-27,2574.679,1.1946,1.246,1.0193,0.962,1.102046061757034,0.7676,1.0091,1.675,,1.0169
2018-11-28,2601.737,1.2084,1.246,1.0194,0.971,1.1021058535363109,0.7774,1.0044,1.727,,0.9995
2018-11-29,2567.443,1.1943,1.247,1.0182,0.961,1.1021656485596052,0.7625,1.0105,1.719,,1.0068
2018-11-30,2588.188,1.2072,1.247,1.019,0.969,1.1022254468270931,0.7702,1.0108,1.732,,0.994
2018-12-03,2654.798,1.2378,1.247,1.0235,0.991,1.1024048610964792,0.7951,1.0092,1.761,,1.0361
2018-12-04,2665.958,1.2392,1.248,1.0215,0.993,1.1024646723425022,0.8012,1.0085,1.686,,1.0316
2018-12-05,2649.805,1.2327,1.248,1.0215,0.99,1.1025244868335988,0.7981,1.0093,1.675,,1.0278
2018-12-06,2605.181,1.2078,1.249,1.0191,0.976,1.1025843045699453,0.7812,1.0131,1.688,,0.9953
2018-12-07,2605.888,1.2089,1.249,1.0216,0.981,1.1026441255517179,0.7775,1.0149,1.637,,1.0299
2018-12-10,2584.582,1.1959,1.25,1.022,0.973,1.102823607971352,0.7673,1.0257,1.654,,0.9978
2018-12-11,2594.088,1.2024,1.25,1.0251,0.977,1.1028834419365892,0.7709,1.0233,1.666,,1.0114
2018-12-12,2602.153,1.2075,1.25,1.0253,0.983,1.1029432791481328,0.772,1.0209,1.681,,1.009
2018-12-13,2634.049,1.2245,1.249,1.0256,0.994,1.1030031196061592,0.783,1.0235,1.676,,1.0212
2018-12-14,2593.741,1.2068,1.249,1.0255,0.981,1.103062963310844,0.7666,1.0207,1.635,,1.0003
2018-12-17,2597.974,1.2067,1.249,1.0278,0.982,1.1032425139066129,0.7629,1.0181,1.604,,0.9787
2018-12-18,2576.65,1.1952,1.248,1.0271,0.977,1.1033023705996943,0.7597,1.0246,1.613,,0.9272
2018-12-19,2549.563,1.1853,1.248,1.0268,0.97,1.1033622305403152,0.7501,1.0258,1.579,,0.9393
2018-12-20,2536.268,1.1767,1.193,1.0266,0.968,1.103422093728652,0.7521,1.0262,1.557,,0.9083
2018-12-21,2516.251,1.1656,1.193,1.0258,0.962,1.1034819601648806,0.7454,1.0334,1.509,,0.8983
2018-12-24,2527.007,1.1697,1.194,1.0283,0.966,1.103661578962681,0.7524,1.0365,1.477,,0.8832
2018-12-25,2504.819,1.1622,1.194,1.0283,0.96,1.1037214583922397,0.7466,1.0423,1.477,,0.882
2018-12-26,2498.294,1.1597,1.194,1.0271,0.96,1.1037813410705717,0.7436,1.0452,1.56,,0.9112
2018-12-27,2483.086,1.1561,1.194,1.0271,0.958,1.1038412269978528,0.7363,1.0406,1.567,,0.8949
2018-12-28,2493.896,1.1616,1.195,1.0251,0.962,1.10390111617426,0.7376,1.0464,1.56,,0.8834
2018-12-31,2493.896,1.1615,1.196,1.0248,0.962,1.1040808031999978,0.7375,1.0464,1.571,,0.9005
2019-01-02,2465.291,1.1445,1.197,1.0248,0.948,1.10420061079935,0.73,1.0507,1.574,,0.913
2019-01-03,2464.363,1.1415,1.198,1.0287,0.943,1.1042605194742134,0.724,1.0563,1.528,,0.9177
2019-01-04,2514.868,1.165,1.199,1.0283,0.959,1.1043204313994364,0.7399,1.0571,1.592,,0.9433
2019-01-07,2533.089,1.1694,1.2,1.029,0.968,1.1045001866790283,0.7493,1.0522,1.605,,0.9572
2019-01-08,2526.462,1.166,1.201,1.0285,0.968,1.1045601116074544,0.7489,1.0473,1.617,,0.9648
2019-01-09,2544.345,1.1783,1.202,1.0323,0.975,1.1046200397871222,0.7521,1.0441,1.63,,1.0111
2019-01-10,2535.099,1.176,1.202,1.0281,0.971,1.104679971218208,0.7508,1.044,1.627,,1.0127
2019-01-11,2553.831,1.1842,1.202,1.027,0.976,1.1047399059008882,0.7548,1.0415,1.617,,0.9956
2019-01-14,2535.765,1.1758,1.202,1.0235,0.973,1.1049197294602604,0.751,1.0424,1.595,,0.9768
2019-01-15,2570.345,1.1983,1.202,1.0241,0.984,1.104979677151083,0.7613,1.0383,1.624,,0.9897
2019-01-16,2570.422,1.199,1.202,1.0255,0.985,1.1050396280943822,0.7629,1.0406,1.625,,0.9999
2019-01-17,2559.637,1.1938,1.203,1.0258,0.983,1.1050995822903344,0.757,1.0411,1.636,,0.9958
2019-01-18,2596.006,1.2116,1.203,1.0282,0.994,1.1051595397391163,0.7674,1.0418,1.653,,1.0233
2019-01-21,2610.509,1.2168,1.204,1.0282,0.996,1.1053394316042044,0.7723,1.0377,1.653,,1.0245
2019-01-22,2579.704,1.2016,1.204,1.0324,0.987,1.1053994020660698,0.7643,1.0398,1.625,,1.0069
2019-01-23,2581.004,1.2035,1.204,1.0361,0.991,1.105459375781647,0.7659,1.0384,1.631,,1.0065
2019-01-24,2591.694,1.2083,1.204,1.0372,0.995,1.1055193527511131,0.7693,1.0392,1.636,,1.0091
2019-01-25,2601.723,1.2184,1.204,1.0414,1.0,1.1055793329746442,0.7711,1.0383,1.659,,1.0198
2019-01-28,2596.977,1.2201,1.204,1.0365,1.001,1.1057592931713944,0.7681,1.0458,1.627,,0.9841
2019-01-29,2594.254,1.2269,1.204,1.0357,1.006,1.105819286412952,0.7625,1.0512,1.61,,1.0044
2019-01-30,2575.576,1.2187,1.204,1.0361,1.0,1.1058792829094575,0.7547,1.0543,1.65,,1.0216
2019-01-31,2584.572,1.2314,1.204,1.0346,1.004,1.1059392826610877,0.7535,1.0543,1.664,,1.0174
2019-02-01,2618.232,1.2455,1.205,1.0373,1.015,1.105999285668019,0.7672,1.0568,1.659,,1.0295
2019-02-11,2653.896,1.2636,1.207,1.0453,1.028,1.1065994948177615,0.7849,1.0568,1.676,,0.9971
2019-02-12,2671.894,1.2696,1.207,1.0497,1.034,1.1066595336446654,0.7945,1.058,1.706,,1.0194
2019-02-13,2721.068,1.2891,1.207,1.0502,1.046,1.1067195757289905,0.8057,1.0555,1.704,,1.033
2019-02-14,2719.7,1.2902,1.207,1.0514,1.046,1.1067796210709135,0.8095,1.0535,1.707,,1.0398
2019-02-15,2682.385,1.2654,1.208,1.0501,1.031,1.1068396696706113,0.8036,1.0602,1.712,,1.0625
2019-02-18,2754.357,1.3014,1.208,1.0501,1.054,1.107019835018121,0.8302,1.066,1.712,,1.0676
2019-02-19,2755.646,1.2988,1.208,1.0568,1.052,1.1070798966506854,0.8289,1.0686,1.715,,1.068
2019-02-20,2761.219,1.3031,1.208,1.0553,1.054,1.1071399615419084,0.8301,1.0747,1.712,,1.0793
2019-02-21,2751.801,1.2964,1.208,1.0511,1.048,1.107200029691967,0.8257,1.0689,1.698,,1.0716
2019-02-22,2804.226,1.318,1.208,1.0503,1.059,1.1072601011010377,0.8373,1.0623,1.709,,1.0754
2019-02-25,2961.283,1.3886,1.207,1.0541,1.101,1.107440334884091,0.8733,1.06,1.714,,1.0412
2019-02-26,2941.516,1.3687,1.207,1.0512,1.095,1.107500419330979,0.8708,1.0588,1.711,,1.0464
2019-02-27,2953.824,1.3671,1.206,1.0487,1.093,1.107560507037763,0.8697,1.0583,1.707,,1.0659
2019-02-28,2940.954,1.3659,1.206,1.0501,1.092,1.1076205980046205,0.8753,1.0516,1.704,,1.0654
2019-03-01,2994.005,1.3933,1.206,1.0513,1.107,1.1076806922317282,0.8846,1.0461,1.718,,1.0459
2019-03-04,3027.576,1.4129,1.206,1.0544,1.121,1.1078609944763207,0.8973,1.0323,1.72,,1.0573
2019-03-05,3054.247,1.4217,1.205,1.0548,1.132,1.1079211017461976,0.912,1.0273,1.72,,1.0581
2019-03-06,3102.099,1.4318,1.205,1.0573,1.143,1.1079812122772095,0.924,1.0334,1.711,,1.0527
2019-03-07,3106.418,1.4145,1.206,1.0587,1.138,1.1080413260695328,0.9251,1.0292,1.693,,1.0602
2019-03-08,2969.861,1.3624,1.207,1.0581,1.096,1.1081014431233447,0.8896,1.0378,1.694,,1.0493
2019-03-11,3026.993,1.3877,1.207,1.0603,1.117,1.1082818138554813,0.9211,1.0416,1.727,,1.0631
2019-03-12,3060.307,1.4003,1.207,1.0624,1.128,1.1083419439570168,0.9335,1.0391,1.733,,1.0667
2019-03-13,3026.951,1.3862,1.207,1.0607,1.119,1.108402077320926,0.9213,1.0463,1.746,,1.0829
2019-03-14,2990.685,1.3777,1.207,1.0581,1.105,1.1084622139473854,0.9083,1.044,1.74,,1.0833
2019-03-15,3021.751,1.3959,1.207,1.0628,1.123,1.1085223538365723,0.9229,1.0442,1.759,,1.0828
2019-03-18,3096.418,1.4332,1.207,1.0654,1.153,1.1087027930822677,0.9507,1.0443,1.761,,1.0892
2019-03-19,3090.975,1.427,1.207,1.0661,1.149,1.1087629460241346,0.9518,1.0476,1.765,,1.0876
2019-03-20,3090.64,1.4287,1.208,1.0671,1.151,1.1088231022296142,0.9532,1.0456,1.773,,1.1011
2019-03-21,3101.455,1.4292,1.208,1.0651,1.154,1.1088832616988833,0.9572,1.0522,1.791,,1.0938
2019-03-22,3104.149,1.4292,1.208,1.0683,1.158,1.1089434244321192,0.9644,1.0523,1.757,,1.0762
2019-03-25,3043.031,1.396,1.209,1.0708,1.14,1.1091239322173982,0.9539,1.0548,1.759,,1.0836
2019-03-26,2997.095,1.381,1.21,1.0705,1.126,1.109184108008272,0.9374,1.0566,1.765,,1.0944
2019-03-27,3022.72,1.3962,1.21,1.0721,1.14,1.1092442870639982,0.9551,1.0546,1.758,,1.0888
2019-03-28,2994.943,1.3906,1.21,1.0755,1.13,1.1093044693847538,0.9437,1.0523,1.764,,1.0875
2019-03-29,3090.758,1.4415,1.211,1.0774,1.16,1.1093646549707161,0.9716,1.0325,1.779,,1.1015
2019-04-01,3170.361,1.4776,1.211,1.0755,1.192,1.1095452313216134,1.0064,1.0356,1.797,,1.1186
2019-04-02,3176.823,1.477,1.211,1.0753,1.193,1.1096054299701736,1.0093,1.034,1.801,,1.1301
2019-04-03,3216.295,1.4955,1.211,1.0762,1.208,1.1096656318848261,1.0213,1.0359,1.812,,1.1298
2019-04-04,3246.571,1.5114,1.211,1.0745,1.222,1.1097258370657483,1.0294,1.0382,1.808,,1.1274
2019-04-08,3244.81,1.5122,1.211,1.0757,1.234,1.1099666904556775,1.0356,1.0415,1.825,,1.1543
2019-04-09,3239.664,1.5174,1.21,1.0754,1.233,1.1100269119706063,1.0377,1.0423,1.816,,1.15
2019-04-10,3241.93,1.5211,1.21,1.0748,1.236,1.1100871367528682,1.0398,1.0469,1.825,,1.1595
2019-04-11,3189.962,1.4898,1.21,1.0746,1.219,1.1101473648026403,1.0188,1.0472,1.821,,1.1522
2019-04-12,3188.626,1.4857,1.21,1.077,1.216,1.1102075961201,1.0177,1.0385,1.832,,1.16
2019-04-15,3177.787,1.4824,1.21,1.0757,1.205,1.1103883096803777,1.0092,1.0334,1.829,,1.1518
2019-04-16,3253.598,1.5216,1.209,1.0757,1.221,1.1104485540703608,1.031,1.033,1.834,,1.1575
2019-04-17,3263.118,1.5212,1.209,1.0773,1.225,1.110508801728918,1.0343,1.0271,1.84,,1.1578
2019-04-18,3250.201,1.516,1.209,1.0742,1.213,1.1105690526562269,1.0338,1.0234,1.837,,1.1543
2019-04-19,3270.797,1.5334,1.209,1.0742,1.218,1.1106293068524644,1.042,1.0267,1.84,,1.1565
2019-04-22,3215.043,1.4983,1.21,1.0742,1.194,1.1108100890565238,1.0317,1.0285,1.845,,1.1685
2019-04-23,3198.594,1.4964,1.21,1.0776,1.187,1.1108703563302504,1.0237,1.0251,1.868,,1.1913
2019-04-24,3201.614,1.5,1.21,1.0804,1.197,1.1109306268737928,1.0353,1.0226,1.865,,1.191
2019-04-25,3123.826,1.4697,1.21,1.0813,1.168,1.1109909006873282,1.0056,1.0283,1.875,,1.1896
2019-04-26,3086.399,1.4512,1.21,1.0816,1.153,1.1110511777710341,0.9932,1.0316,1.877,,1.1519
2019-04-29,3062.499,1.4571,1.21,1.0828,1.15,1.1112320286449495,0.9716,1.0299,1.88,,1.1576
2019-04-30,3078.339,1.4614,1.21,1.083,1.163,1.111292318811112,0.9838,1.0311,1.866,,1.1658
2019-05-06,2906.464,1.3838,1.212,1.0853,1.104,1.111654128506511,0.9254,1.0355,1.871,,1.1496
2019-05-07,2926.391,1.3966,1.213,1.0896,1.116,1.1117144415738047,0.9424,1.0343,1.843,,1.1305
2019-05-08,2893.757,1.3785,1.213,1.0905,1.102,1.111774757913399,0.9346,1.0376,1.837,,1.1416
2019-05-09,2850.954,1.3555,1.214,1.0915,1.086,1.1118350775254708,0.9219,1.0407,1.831,,1.1352
2019-05-10,2939.211,1.3999,1.214,1.0957,1.114,1.1118954004101982,0.95,1.0401,1.839,,1.1463
2019-05-13,2903.713,1.3778,1.215,1.0957,1.105,1.1120763887020877,0.9454,1.0465,1.778,,1.1427
2019-05-14,2883.611,1.3699,1.215,1.1015,1.1,1.112136724679212,0.9389,1.06,1.807,,1.1609
2019-05-15,2938.678,1.3991,1.216,1.1056,1.119,1.1121970639298795,0.9621,1.0561,1.839,,1.1751
2019-05-16,2955.711,1.4044,1.216,1.1067,1.125,1.1122574064542678,0.9701,1.0602,1.859,,1.1904
2019-05-17,2882.296,1.3708,1.217,1.109,1.097,1.1123177522525547,0.9445,1.0575,1.846,,1.1866
2019-05-20,2870.605,1.36,1.217,1.1107,1.087,1.1124988092925825,0.9325,1.0544,1.819,,1.1911
2019-05-21,2905.969,1.3771,1.217,1.1104,1.105,1.1125591681882394,0.9486,1.0522,1.837,,1.1883
2019-05-22,2891.705,1.3706,1.217,1.1105,1.1,1.1126195303586832,0.9439,1.0513,1.83,,1.1622
2019-05-23,2852.515,1.3491,1.217,1.1111,1.087,1.1126798958040913,0.9234,1.0523,1.804,,1.1073
2019-05-24,2852.995,1.3526,1.217,1.1114,1.087,1.1127402645246414,0.9217,1.0592,1.802,,1.1163
2019-05-27,2892.378,1.3684,1.217,1.1114,1.099,1.112921390338921,0.9384,1.0586,1.802,,1.1152
2019-05-28,2909.911,1.3799,1.217,1.1109,1.107,1.1129817721618163,0.9402,1.059,1.796,,1.1268
2019-05-29,2914.696,1.3775,1.217,1.111,1.104,1.113042157260742,0.9389,1.0596,1.782,,1.1174
2019-05-30,2905.805,1.3706,1.217,1.1108,1.103,1.1131025456358765,0.9355,1.0541,1.789,,1.0917
2019-05-31,2898.696,1.3667,1.218,1.1107,1.104,1.1131629372873968,0.9334,1.0672,1.762,,1.0436
2019-06-03,2890.081,1.3675,1.218,1.1103,1.096,1.113344131902052,0.9227,1.0807,1.725,,1.0211
2019-06-04,2862.28,1.3557,1.219,1.1094,1.087,1.1134045366608947,0.9123,1.092,1.767,,1.0304
2019-06-05,2861.418,1.355,1.219,1.1103,1.085,1.113464944697012,0.9103,1.0972,1.781,,1.0008
2019-06-06,2827.798,1.3448,1.219,1.1106,1.074,1.1135253560105822,0.8952,1.0988,1.795,,1.0173
2019-06-10,2852.13,1.361,1.219,1.1101,1.083,1.113767034042948,0.9054,1.0967,1.847,,1.0363
2019-06-11,2925.716,1.3997,1.219,1.111,1.111,1.1138274617464499,0.936,1.0905,1.85,,1.0371
2019-06-12,2909.38,1.3897,1.219,1.111,1.102,1.1138878927284714,0.9282,1.0997,1.841,,1.0029
2019-06-13,2910.741,1.3884,1.219,1.1114,1.101,1.113948326989191,0.9301,1.1027,1.85,,1.0198
2019-06-14,2881.974,1.3786,1.219,1.1114,1.091,1.114008764528786,0.9148,1.1192,1.842,,1.0234
2019-06-17,2887.622,1.3801,1.22,1.1115,1.091,1.114190096822604,0.9164,1.1068,1.853,,1.0137
2019-06-18,2890.158,1.3839,1.22,1.1115,1.091,1.1142505474794806,0.9168,1.1142,1.879,,1.0412
2019-06-19,2917.803,1.4031,1.22,1.1115,1.099,1.1143110014161224,0.9268,1.1094,1.885,,1.041
2019-06-20,2987.119,1.4435,1.221,1.1105,1.117,1.1143714586327074,0.9468,1.1323,1.899,,1.0826
2019-06-21,3001.98,1.4451,1.221,1.1073,1.12,1.1144319191294136,0.9565,1.1419,1.888,,1.0893
2019-06-24,3008.148,1.4472,1.222,1.1069,1.123,1.1146133203020383,0.9595,1.1501,1.887,,1.0848
2019-06-25,2982.074,1.4332,1.222,1.1079,1.112,1.1146737939210085,0.9504,1.1729,1.859,,1.0943
2019-06-26,2976.284,1.4313,1.223,1.1113,1.113,1.1147342708209897,0.9527,1.1549,1.87,,1.1173
2019-06-27,2996.793,1.4477,1.223,1.1114,1.119,1.11479475100216,0.9648,1.1523,1.879,,1.117
2019-06-28,2978.878,1.4457,1.223,1.1113,1.113,1.1148552344646976,0.9579,1.1544,1.882,,1.1044
2019-06-30,2978.878,1.4456,1.224,1.1116,1.113,1.1149762112345858,0.9578,1.1544,1.881,,1.1043
2019-07-01,3044.903,1.4853,1.224,1.1116,1.132,1.1150367045422924,0.9849,1.1296,1.903,,1.1129
2019-07-02,3043.943,1.4838,1.225,1.1076,1.137,1.1150972011320786,0.9892,1.1368,1.905,,1.0691
2019-07-03,3015.263,1.4691,1.226,1.1092,1.135,1.1151577010041218,0.9839,1.1673,1.922,,1.0762
2019-07-04,3005.249,1.4643,1.227,1.1092,1.133,1.1152182041586005,0.981,1.1569,1.922,,1.0799
2019-07-05,3011.059,1.4737,1.226,1.1131,1.137,1.115278710595693,0.9874,1.1592,1.919,,1.0891
2019-07-08,2933.363,1.4412,1.226,1.1158,1.113,1.1154602496044315,0.9648,1.1527,1.911,,1.0958
2019-07-09,2928.23,1.4386,1.227,1.1155,1.116,1.1155207691737588,0.9672,1.1439,1.92,,1.0985
2019-07-10,2915.302,1.4364,1.227,1.1164,1.108,1.11558129202659,0.9622,1.1426,1.937,,1.1347
2019-07-11,2917.761,1.4384,1.227,1.1147,1.107,1.1156418181631034,0.9627,1.1615,1.931,,1.1389
2019-07-12,2930.546,1.4504,1.227,1.1144,1.113,1.1157023475834773,0.9694,1.1547,1.941,,1.1357
2019-07-15,2942.185,1.4573,1.227,1.1148,1.12,1.115883955549543,0.9751,1.1561,1.947,,1.1248
2019-07-16,2937.617,1.4521,1.227,1.1158,1.119,1.1159444981071402,0.973,1.1574,1.939,,1.1111
2019-07-17,2931.693,1.4509,1.228,1.1159,1.119,1.1160050439494886,0.9707,1.1516,1.933,,1.0823
2019-07-18,2901.177,1.4389,1.228,1.115,1.106,1.1160655930767667,0.9579,1.1618,1.934,,1.0596
2019-07-19,2924.201,1.4538,1.228,1.1134,1.116,1.1161261454891525,0.962,1.1762,1.915,,1.0651
2019-07-22,2886.974,1.4488,1.229,1.1156,1.108,1.1163078224387384,0.9452,1.1688,1.934,,1.074
2019-07-23,2899.945,1.4526,1.229,1.1171,1.113,1.1163683879933377,0.9496,1.1615,1.947,,1.0816
2019-07-24,2923.278,1.4631,1.229,1.1172,1.12,1.1164289568339358,0.958,1.1654,1.961,,1.0787
2019-07-25,2937.36,1.4734,1.229,1.1159,1.122,1.1164895289607113,0.962,1.1657,1.939,,1.074
2019-07-26,2944.541,1.4761,1.23,1.1176,1.125,1.1165501043738424,0.9633,1.1626,1.961,,1.0755
2019-07-29,2941.007,1.4742,1.229,1.1184,1.123,1.1167318503331523,0.9629,1.1637,1.955,,1.0823
2019-07-30,2952.338,1.4802,1.23,1.1187,1.129,1.1167924388934887,0.9675,1.1685,1.948,,1.0991
2019-07-31,2932.506,1.4667,1.231,1.1175,1.12,1.1168530307410725,0.961,1.1738,1.923,,1.1042
2019-08-01,2908.766,1.4544,1.232,1.1176,1.113,1.1169136258760817,0.9558,1.157,1.915,,1.0618
2019-08-02,2867.838,1.4332,1.234,1.117,1.098,1.1169742242986949,0.9418,1.1829,1.891,,1.0577
2019-08-05,2821.496,1.4076,1.236,1.1161,1.081,1.1171560392939417,0.9274,1.2169,1.833,,1.0477
2019-08-06,2777.556,1.3955,1.236,1.1201,1.065,1.1172166508687542,0.9108,1.222,1.869,,1.0389
2019-08-07,2768.68,1.3895,1.236,1.1254,1.064,1.1172772657320627,0.9064,1.2471,1.884,,1.0018
2019-08-08,2794.552,1.4064,1.237,1.1263,1.072,1.1173378838840453,0.9126,1.2583,1.926,,1.017
2019-08-09,2774.753,1.3942,1.238,1.1282,1.062,1.1173985053248807,0.9033,1.2583,1.911,,1.0404
2019-08-12,2814.994,1.4184,1.238,1.1281,1.076,1.1175803893822878,0.9191,1.2506,1.893,,1.0441
2019-08-13,2797.26,1.4046,1.239,1.1304,1.068,1.1176410239803183,0.914,1.2813,1.935,,1.0912
2019-08-14,2808.915,1.4108,1.24,1.1279,1.073,1.117701661868094,0.92,1.2521,1.879,,1.0515
2019-08-15,2815.798,1.4165,1.24,1.1263,1.076,1.1177623030457933,0.9237,1.2621,1.876,,1.0421
2019-08-16,2823.824,1.4222,1.24,1.1276,1.077,1.1178229475135943,0.9318,1.266,1.906,,1.0462
2019-08-19,2883.096,1.4517,1.24,1.1303,1.096,1.1180049006593944,0.9541,1.2607,1.934,,1.0643
2019-08-20,2880.001,1.4505,1.24,1.1315,1.096,1.1180655582893886,0.954,1.2564,1.923,,1.0668
2019-08-21,2880.331,1.4502,1.24,1.132,1.094,1.1181262192103774,0.9522,1.2546,1.939,,1.0758
2019-08-22,2883.436,1.4547,1.24,1.134,1.094,1.118186883422539,0.9556,1.2591,1.934,,1.0655
2019-08-23,2897.425,1.4657,1.24,1.1342,1.097,1.1182475509260525,0.9574,1.2561,1.88,,1.0429
2019-08-26,2863.567,1.4471,1.24,1.1344,1.087,1.1184295731864893,0.953,1.2997,1.905,,1.0409
2019-08-27,2902.193,1.4641,1.24,1.1366,1.1,1.1184902538571955,0.9673,1.3024,1.909,,1.0549
2019-08-28,2893.756,1.4578,1.24,1.1371,1.101,1.1185509378201464,0.9678,1.3079,1.915,,1.0797
2019-08-29,2890.919,1.4531,1.239,1.1379,1.096,1.1186116250755205,0.9637,1.314,1.942,,1.0863
2019-08-30,2886.237,1.4557,1.239,1.1383,1.091,1.1186723156234966,0.9541,1.2973,1.939,,1.061
2019-09-02,2924.106,1.4747,1.239,1.1383,1.107,1.1188544070248228,0.9707,1.2931,1.939,,1.0576
2019-09-03,2930.154,1.4754,1.239,1.1382,1.107,1.1189151107449928,0.9746,1.3009,1.92,,1.0403
2019-09-04,2957.412,1.4878,1.239,1.1377,1.119,1.1189758177586584,0.9805,1.3075,1.946,,1.0874
2019-09-05,2985.865,1.5022,1.241,1.1391,1.125,1.1190365280659977,0.9836,1.3112,1.98,,1.0975
2019-09-06,2999.601,1.5114,1.241,1.1385,1.131,1.1190972416671898,0.9883,1.278,1.977,,1.0909
2019-09-09,3024.739,1.5193,1.241,1.1406,1.138,1.1192794022356685,0.9994,1.2755,1.972,,1.1207
2019-09-10,3021.202,1.5148,1.241,1.1427,1.134,1.119340129014058,1.0039,1.258,1.968,,1.1211
2019-09-11,3008.812,1.5034,1.241,1.1429,1.13,1.119400859087194,0.9949,1.2604,1.985,,1.097
2019-09-12,3031.235,1.5188,1.241,1.1444,1.136,1.1194615924552547,0.999,1.2626,1.993,,1.0673
2019-09-16,3030.754,1.5133,1.241,1.143,1.136,1.1197045588803238,0.9978,1.2616,1.972,,1.1781
2019-09-17,2978.118,1.4896,1.241,1.1442,1.12,1.1197653087256914,0.9808,1.2589,1.982,,1.1387
2019-09-18,2985.659,1.4964,1.241,1.144,1.125,1.1198260618670568,0.9882,1.2631,1.982,,1.1223
2019-09-19,2999.279,1.5001,1.241,1.1436,1.126,1.1198868183045987,0.9962,1.2584,1.985,,1.132
2019-09-20,3006.447,1.5028,1.241,1.1437,1.129,1.119947578038496,0.9998,1.2641,1.967,,1.1359
2019-09-23,2977.077,1.4858,1.242,1.1438,1.116,1.1201298770201091,0.9875,1.2772,1.966,,1.1324
2019-09-24,2985.341,1.4908,1.242,1.1444,1.117,1.1201906499412166,0.9915,1.2818,1.94,,1.113
2019-09-25,2955.433,1.4799,1.242,1.1442,1.106,1.120251426159574,0.98,1.2898,1.962,,1.0964
2019-09-26,2929.088,1.469,1.241,1.1444,1.098,1.1203122056753598,0.9644,1.2721,1.955,,1.0941
2019-09-27,2932.167,1.473,1.242,1.1445,1.097,1.1203729884887532,0.9711,1.2647,1.933,,1.0927
2019-09-30,2905.189,1.4589,1.242,1.1447,1.091,1.120555356716368,0.9644,1.2613,1.949,,1.0696
2019-10-08,2913.57,1.4672,1.243,1.1471,1.1,1.1210418171293541,0.9717,1.2595,1.915,,1.0344
2019-10-09,2924.857,1.4719,1.243,1.1473,1.109,1.121102639527996,0.9778,1.2754,1.935,,1.0466
2019-10-10,2947.711,1.4827,1.243,1.1474,1.117,1.1211634652265718,0.9892,1.2684,1.947,,1.0522
2019-10-11,2973.656,1.4972,1.243,1.1476,1.124,1.1212242942252608,0.9919,1.2615,1.971,,1.0742
2019-10-14,3007.883,1.5112,1.243,1.1467,1.135,1.1214068010237979,1.0036,1.2444,1.971,,1.0558
2019-10-15,2991.046,1.5073,1.243,1.1474,1.128,1.1214676432247304,1.0015,1.249,1.994,,1.0518
2019-10-16,2978.712,1.5019,1.244,1.1486,1.124,1.1215284887266712,0.997,1.2454,1.99,,1.0564
2019-10-17,2977.334,1.5032,1.244,1.1504,1.12,1.1215893375297998,0.9964,1.2502,1.996,,1.0582
2019-10-18,2938.141,1.482,1.244,1.1496,1.107,1.1216501896342952,0.9837,1.2464,1.975,,1.0594
2019-10-21,2939.618,1.4863,1.244,1.1507,1.11,1.121832765757773,0.9841,1.2476,1.992,,1.0526
2019-10-22,2954.38,1.4914,1.243,1.1512,1.114,1.1218936310695264,0.9923,1.2453,1.976,,1.0692
2019-10-23,2941.619,1.4829,1.243,1.1535,1.109,1.1219544996835422,0.9892,1.2469,1.982,,1.0877
2019-10-24,2940.922,1.4819,1.243,1.1537,1.111,1.1220153715999999,0.9878,1.2447,2.0,,1.1009
2019-10-25,2954.933,1.4915,1.243,1.1545,1.117,1.1220762468190781,0.9986,1.2583,2.015,,1.1076
2019-10-28,2980.05,1.5013,1.243,1.1559,1.121,1.1222588922938292,1.0088,1.258,2.035,,1.096
2019-10-29,2954.176,1.495,1.242,1.1537,1.113,1.1223197807251826,1.0014,1.247,2.016,,1.0922
2019-10-30,2939.321,1.4906,1.241,1.1539,1.106,1.1223806724600525,0.999,1.2437,2.023,,1.0764
2019-10-31,2929.056,1.4866,1.241,1.1536,1.099,1.1224415674986183,0.9936,1.2456,2.022,,1.0613
2019-11-01,2958.199,1.5106,1.241,1.1536,1.112,1.1225024658410596,1.0047,1.2563,2.038,,1.0866
2019-11-04,2975.492,1.5193,1.241,1.1534,1.114,1.1226851806934275,1.0173,1.2536,2.046,,1.1074
2019-11-05,2991.562,1.5301,1.242,1.1555,1.119,1.1227460922531622,1.0261,1.248,2.046,,1.1131
2019-11-06,2978.596,1.5231,1.242,1.1507,1.113,1.1228070071176688,1.0234,1.2299,2.035,,1.0974
2019-11-07,2978.714,1.5255,1.242,1.1512,1.116,1.122867925287126,1.0343,1.2293,2.039,,1.1031
2019-11-08,2964.185,1.5189,1.243,1.1497,1.112,1.1229288467617138,1.0299,1.2127,2.045,,1.1006
2019-11-11,2909.975,1.4941,1.243,1.1493,1.094,1.1231116310180511,1.0085,1.2107,2.041,,1.1007
2019-11-12,2914.823,1.4945,1.243,1.1505,1.096,1.1231725657149527,1.0107,1.1997,2.048,,1.1021
2019-11-13,2905.241,1.4951,1.243,1.1505,1.092,1.1232335037178816,1.0059,1.2105,2.048,,1.1058
2019-11-14,2909.87,1.4946,1.244,1.1516,1.092,1.1232944450270164,1.0108,1.2146,2.05,,1.1056
2019-11-15,2891.343,1.4839,1.244,1.1528,1.083,1.1233553896425372,0.9973,1.2116,2.063,,1.1187
2019-11-18,2909.2,1.4965,1.244,1.1526,1.093,1.123538243329207,1.02,1.2105,2.065,,1.0997
2019-11-19,2933.991,1.5117,1.245,1.1524,1.104,1.1235992011720644,1.0345,1.2165,2.067,,1.0803
2019-11-20,2911.053,1.4978,1.245,1.1539,1.095,1.1236601623222042,1.0283,1.2207,2.057,,1.1038
2019-11-21,2903.638,1.4917,1.246,1.1554,1.095,1.1237211267798064,1.0249,1.2202,2.056,,1.1255
2019-11-22,2885.288,1.4772,1.246,1.1567,1.089,1.1237820945450503,1.0134,1.2213,2.06,,1.1226
2019-11-25,2906.169,1.4873,1.246,1.1595,1.102,1.1239650176884257,1.0186,1.2108,2.082,,1.1217
2019-11-26,2907.06,1.4919,1.246,1.1585,1.1,1.1240259986860306,1.0196,1.2103,2.084,,1.1329
2019-11-27,2903.195,1.4857,1.246,1.16,1.096,1.1240869829921742,1.018,1.2125,2.098,,1.1278
2019-11-28,2889.693,1.4802,1.247,1.16,1.092,1.1241479706070365,1.0156,1.2093,2.098,,1.1282
2019-11-29,2871.981,1.4686,1.247,1.1595,1.089,1.1242089615307969,1.0105,1.2131,2.087,,1.0911
2019-12-02,2875.807,1.4722,1.247,1.1588,1.093,1.124391954157261,1.0123,1.212,2.064,,1.0956
2019-12-03,2884.699,1.478,1.247,1.1583,1.096,1.1244529583184084,1.0159,1.2179,2.05,,1.0962
2019-12-04,2878.116,1.476,1.247,1.16,1.092,1.1245139657893517,1.0151,1.2401,2.064,,1.1312
2019-12-05,2899.469,1.4873,1.247,1.1617,1.097,1.1245749765702704,1.0236,1.2307,2.071,,1.1401
2019-12-06,2912.014,1.4964,1.247,1.1592,1.099,1.124635990661344,1.0266,1.2239,2.087,,1.1488
2019-12-09,2914.478,1.4956,1.247,1.1594,1.105,1.1248190527972894,1.0309,1.2154,2.079,,1.1475
2019-12-10,2917.316,1.4981,1.248,1.1591,1.104,1.1248800801307786,1.0327,1.2191,2.077,,1.1525
2019-12-11,2924.417,1.5014,1.248,1.1593,1.11,1.1249411107753204,1.0335,1.2168,2.088,,1.1397
2019-12-12,2915.698,1.4973,1.248,1.157,1.111,1.125002144731095,1.0313,1.2238,2.099,,1.149
2019-12-13,2967.676,1.5253,1.248,1.1561,1.126,1.1250631819982817,1.0444,1.2131,2.101,,1.1564
2019-12-16,2984.393,1.531,1.221,1.1532,1.134,1.1252463136701123,1.0582,1.2214,2.113,,1.1614
2019-12-17,3022.422,1.5482,1.221,1.1546,1.142,1.1253073641847446,1.0698,1.2202,2.116,,1.1717
2019-12-18,3017.044,1.5429,1.221,1.1554,1.139,1.1253684180116876,1.0702,1.222,2.117,,1.1742
2019-12-19,3017.066,1.5401,1.221,1.1549,1.141,1.1254294751511211,1.075,1.2195,2.133,,1.1815
2019-12-20,3004.938,1.5365,1.222,1.1543,1.136,1.1254905356032245,1.0711,1.2242,2.141,,1.1713
2019-12-23,2962.751,1.5172,1.222,1.1566,1.123,1.1256737368373528,1.0562,1.2286,2.149,,1.1778
2019-12-24,2982.681,1.5265,1.222,1.1575,1.129,1.125734810541934,1.0666,1.232,2.149,,1.1831
2019-12-25,2981.881,1.5263,1.223,1.1575,1.128,1.125795887560084,1.0651,1.238,2.149,,1.1822
2019-12-26,3007.355,1.5368,1.223,1.1575,1.14,1.1258569678919825,1.0747,1.2423,2.158,,1.1825
2019-12-27,3005.036,1.5356,1.223,1.156,1.139,1.1259180515378095,1.0704,1.245,2.159,,1.196
2019-12-30,3040.024,1.5577,1.224,1.1562,1.153,1.1261013223606586,1.0838,1.2449,2.142,,1.1884
2019-12-31,3050.124,1.5631,1.224,1.1576,1.16,1.1261624192639972,1.0916,1.2466,2.146,,1.1807
2020-01-02,3085.198,1.5831,1.224,1.1568,1.175,1.1262846230153367,1.1091,1.2499,2.175,,1.1781
2020-01-03,3083.786,1.58,1.225,1.1573,1.173,1.1263457298636972,1.1088,1.269,2.158,,1.2134
2020-01-06,3083.408,1.5741,1.225,1.1574,1.169,1.1265290703017006,1.1116,1.2957,2.172,,1.2196
2020-01-07,3104.802,1.5873,1.226,1.161,1.179,1.1265901904126085,1.1264,1.2848,2.17,,1.2109
2020-01-08,3066.893,1.568,1.226,1.157,1.165,1.126651313839603,1.1113,1.3041,2.178,,1.1763
2020-01-09,3094.882,1.588,1.226,1.1588,1.178,1.1267124405828641,1.1283,1.2656,2.198,,1.1624
2020-01-10,3092.291,1.5735,1.227,1.1582,1.174,1.1267735706425717,1.1316,1.2682,2.188,,1.1585
2020-01-13,3115.57,1.5881,1.227,1.1623,1.183,1.1269569807221724,1.1445,1.2646,2.209,,1.1417
2020-01-14,3106.82,1.5826,1.227,1.1589,1.185,1.1270181240494652,1.1465,1.2542,2.19,,1.1419
2020-01-15,3090.038,1.5759,1.227,1.1566,1.178,1.1270792706941042,1.1412,1.2616,2.187,,1.1302
2020-01-16,3074.081,1.5692,1.227,1.1576,1.174,1.1271404206562692,1.1366,1.2635,2.206,,1.1415
2020-01-17,3075.496,1.5706,1.228,1.1608,1.175,1.1272015739361405,1.1338,1.261,2.22,,1.1438
2020-01-20,3095.787,1.582,1.228,1.1608,1.178,1.127385053683792,1.1425,1.2626,2.22,,1.1428
2020-01-21,3052.142,1.5567,1.229,1.1537,1.158,1.127446220236288,1.1301,1.2735,2.209,,1.1343
2020-01-22,3060.755,1.564,1.229,1.1574,1.161,1.1275073901073907,1.1315,1.2649,2.222,,1.115
2020-01-23,2976.528,1.5187,1.23,1.156,1.131,1.1275685632972796,1.0957,1.272,2.229,,1.0911
2020-02-03,2746.606,1.4078,1.235,1.1572,1.036,1.1282416874774615,1.0118,1.3023,2.221,,0.9975
2020-02-04,2783.288,1.4433,1.234,1.1664,1.054,1.1283029005068341,1.0212,1.2948,2.274,,1.0031
2020-02-05,2818.088,1.4574,1.234,1.1676,1.067,1.1283641168573348,1.0445,1.2857,2.28,,1.0204
2020-02-06,2866.51,1.4828,1.235,1.1711,1.08,1.1284253365291437,1.0717,1.2773,2.303,,1.0186
2020-02-07,2875.964,1.4808,1.235,1.1677,1.08,1.1284865595224407,1.0776,1.286,2.287,,1.012
2020-02-10,2890.488,1.4864,1.236,1.1703,1.096,1.1286702484330637,1.0885,1.2905,2.315,,1.0009
2020-02-11,2901.674,1.4993,1.236,1.1712,1.1,1.1287314847141163,1.0872,1.2884,2.316,,1.0052
2020-02-12,2926.899,1.5092,1.237,1.1692,1.105,1.1287927243175582,1.1026,1.2828,2.332,,1.021
2020-02-13,2906.074,1.5004,1.237,1.1702,1.099,1.1288539672435698,1.0901,1.292,2.33,,1.0244
2020-02-14,2917.008,1.5095,1.237,1.1717,1.106,1.1289152134923313,1.0919,1.2934,2.338,,1.0329
2020-02-17,2983.622,1.5417,1.238,1.1717,1.129,1.1290989721769187,1.1217,1.2988,2.338,,1.0341
2020-02-18,2984.972,1.5332,1.238,1.1732,1.131,1.129160231718483,1.1322,1.3058,2.339,,1.0317
2020-02-19,2975.402,1.5321,1.238,1.1766,1.126,1.1292214945836987,1.1229,1.3197,2.364,,1.0551
2020-02-20,3030.154,1.5649,1.239,1.1765,1.141,1.1292827607727463,1.1418,1.3243,2.344,,1.0626
2020-02-21,3039.669,1.5682,1.239,1.1791,1.145,1.1293440302858058,1.151,1.3506,2.309,,1.0505
2020-02-24,3031.233,1.5621,1.24,1.1795,1.138,1.1295278587708608,1.1666,1.376,2.227,,1.0215
2020-02-25,3013.05,1.5571,1.24,1.1795,1.127,1.1295891415817725,1.1678,1.3515,2.167,,1.0002
2020-02-26,2987.929,1.5401,1.24,1.1772,1.127,1.129650427717598,1.1499,1.3581,2.174,,0.9826
2020-02-27,2991.329,1.547,1.241,1.1774,1.129,1.1297117171785178,1.1563,1.3564,2.074,,0.9418
2020-02-28,2880.304,1.4963,1.242,1.1745,0.984,1.1297730099647125,1.0974,1.3357,2.072,,0.9108
2020-03-02,2970.931,1.5417,1.242,1.1712,1.021,1.1299569082767489,1.1443,1.3119,2.166,,0.9378
2020-03-03,2992.897,1.5496,1.242,1.1682,1.022,1.1300182143658466,1.1562,1.3099,2.089,,0.9407
2020-03-04,3011.666,1.5579,1.243,1.1681,1.036,1.1300795237811212,1.1669,1.3333,2.171,,0.9427
2020-03-05,3071.677,1.5908,1.243,1.1673,1.049,1.1301408365227532,1.1875,1.3385,2.102,,0.927
2020-03-06,3034.511,1.5656,1.244,1.1665,1.036,1.130202152590923,1.1793,1.36,2.068,,0.8654
2020-03-09,2943.291,1.5143,1.246,1.1638,1.004,1.1303861207564643,1.1367,1.3639,1.932,,0.7162
2020-03-10,2996.762,1.545,1.245,1.1653,1.02,1.1304474501325903,1.1608,1.3413,2.034,,0.731
2020-03-11,2968.517,1.525,1.245,1.1685,1.01,1.1305087828361569,1.1456,1.3509,1.955,,0.7246
2020-03-12,2923.486,1.4967,1.245,1.1652,0.994,1.130570118867344,1.1211,1.3389,1.785,,0.7004
2020-03-13,2887.427,1.4761,1.244,1.1654,0.982,1.1306314582263328,1.1105,1.3007,1.963,,0.717
2020-03-16,2789.254,1.417,1.245,1.1568,0.953,1.1308154962719128,1.0613,1.2615,1.727,,0.6622
2020-03-17,2779.641,1.4104,1.244,1.1495,0.951,1.1308768489439127,1.0634,1.211,1.835,,0.6435
2020-03-18,2728.756,1.3842,1.244,1.1451,0.937,1.1309382049446168,1.0507,1.2384,1.771,,0.5659
2020-03-19,2702.13,1.3657,1.244,1.1397,0.928,1.130999564274206,1.0584,1.2299,1.802,,0.5826
2020-03-20,2745.618,1.3893,1.244,1.1469,0.941,1.1310609269328604,1.075,1.2431,1.747,,0.5818
2020-03-23,2660.167,1.3478,1.246,1.1403,0.915,1.1312450348850231,1.0312,1.2409,1.747,,0.5518
2020-03-24,2722.438,1.3821,1.246,1.1405,0.936,1.1313064108617457,1.0557,1.3035,1.873,,0.5771
2020-03-25,2781.591,1.4184,1.247,1.1435,0.955,1.1313677901684371,1.082,1.3283,1.847,,0.5857
2020-03-26,2764.911,1.4099,1.247,1.144,0.947,1.1314291728052779,1.0681,1.3248,1.939,,0.5686
2020-03-27,2772.203,1.4148,1.248,1.1415,0.953,1.1314905587724484,1.071,1.3376,1.867,,0.54
2020-03-30,2747.214,1.4037,1.248,1.1358,0.945,1.1316747366577475,1.0517,1.332,1.929,,0.5183
2020-03-31,2750.296,1.4072,1.249,1.1414,0.943,1.1317361359480453,1.0524,1.3328,1.923,,0.5241
2020-04-01,2734.522,1.404,1.25,1.1415,0.938,1.1317975385695767,1.0465,1.3165,1.846,,0.5142
2020-04-02,2780.638,1.4245,1.25,1.1443,0.95,1.1318589445225222,1.0686,1.3183,1.886,,0.5723
2020-04-03,2763.987,1.4175,1.25,1.1463,0.945,1.1319203538070628,1.0603,1.3263,1.865,,0.6307
2020-04-07,2820.763,1.4471,1.253,1.1475,0.962,1.1321660242647906,1.0927,1.3582,1.975,,0.6183
2020-04-08,2815.369,1.4412,1.255,1.1419,0.96,1.132227450210018,1.0973,1.354,2.004,,0.6095
2020-04-09,2825.904,1.4455,1.255,1.1443,0.962,1.1322888794879251,1.1082,1.3544,2.008,,0.6052
2020-04-10,2796.631,1.4377,1.255,1.1443,0.953,1.1323503120986926,1.0886,1.3615,2.008,,0.5991
2020-04-13,2783.048,1.4317,1.256,1.1443,0.951,1.1325346299299668,1.0812,1.3607,2.023,,0.5986
2020-04-14,2827.283,1.4554,1.256,1.1484,0.963,1.1325960758739848,1.1035,1.3788,2.108,,0.5735
2020-04-15,2811.174,1.4449,1.256,1.1494,0.958,1.1326575251517677,1.0997,1.369,2.086,,0.5412
2020-04-16,2819.935,1.4467,1.257,1.1527,0.956,1.132718977763496,1.1069,1.3832,2.132,,0.5334
2020-04-17,2838.495,1.4604,1.257,1.1517,0.958,1.132780433709351,1.111,1.3543,2.149,,0.5302
2020-04-20,2852.553,1.4657,1.257,1.1531,0.964,1.1329648215534838,1.1312,1.3543,2.122,,0.4914
2020-04-21,2827.013,1.4498,1.258,1.151,0.958,1.1330262908376538,1.132,1.3699,2.052,,0.4029
2020-04-22,2843.98,1.4614,1.258,1.1545,0.962,1.133087763456855,1.1459,1.3658,2.115,,0.369
2020-04-23,2838.499,1.4578,1.259,1.1557,0.96,1.133149239411268,1.1447,1.3855,2.109,,0.3844
2020-04-24,2808.529,1.447,1.26,1.1548,0.954,1.1332107187010743,1.1297,1.394,2.141,,0.3722
2020-04-27,2815.495,1.4577,1.26,1.155,0.959,1.1333951765846602,1.1335,1.3915,2.15,,0.3341
2020-04-28,2810.024,1.467,1.26,1.1572,0.954,1.133456669217848,1.1186,1.3789,2.114,,0.3305
2020-04-29,2822.442,1.4743,1.26,1.1579,0.962,1.1335181651873336,1.114,1.3827,2.184,,0.3456
2020-04-30,2860.082,1.4899,1.26,1.1579,0.972,1.1335796644932983,1.1273,1.3927,2.184,,0.3717
2020-05-06,2878.14,1.4963,1.26,1.1549,0.973,1.1339487304052804,1.1457,1.3906,2.183,,0.408
2020-05-07,2871.523,1.4932,1.259,1.1613,0.974,1.1340102530716665,1.1446,1.3888,2.218,,0.4169
2020-05-08,2895.344,1.5073,1.259,1.1639,0.982,1.1340717790759798,1.1575,1.402,2.242,,0.4241
2020-05-11,2894.802,1.5051,1.258,1.1661,0.983,1.134256377118295,1.1583,1.3942,2.259,,0.4131
2020-05-12,2891.556,1.5054,1.258,1.1691,0.98,1.134317916476129,1.1597,1.393,2.22,,0.4105
2020-05-13,2898.05,1.5079,1.258,1.1682,0.983,1.1343794591727958,1.1685,1.3934,2.192,,0.4067
2020-05-14,2870.342,1.4923,1.258,1.1696,0.972,1.1344410052084766,1.156,1.402,2.217,,0.4152
2020-05-15,2868.459,1.4878,1.259,1.1696,0.968,1.134502554583353,1.1564,1.4212,2.229,,0.4357
2020-05-18,2875.418,1.492,1.258,1.1695,0.971,1.1346872227449647,1.1585,1.4552,2.276,,0.4722
2020-05-19,2898.576,1.5037,1.258,1.1699,0.975,1.1347487854784335,1.1734,1.4352,2.264,,0.4691
2020-05-20,2883.738,1.4952,1.258,1.1725,0.969,1.1348103515520038,1.1626,1.4503,2.311,,0.4827
2020-05-21,2867.924,1.4882,1.258,1.1724,0.964,1.1348719209658564,1.1547,1.4339,2.283,,0.4936
2020-05-22,2813.765,1.4558,1.259,1.1692,0.95,1.1349334937201725,1.1406,1.4331,2.294,,0.4791
2020-05-25,2817.97,1.4589,1.258,1.1692,0.955,1.1351182320277156,1.1434,1.431,2.294,,0.4836
2020-05-26,2846.547,1.474,1.257,1.175,0.962,1.135179818145699,1.1696,1.4374,2.3,,0.4932
2020-05-27,2836.804,1.4641,1.256,1.1702,0.965,1.135241407605052,1.1657,1.4259,2.305,,0.481
2020-05-28,2846.222,1.4691,1.256,1.1723,0.965,1.1353030004059566,1.1578,1.4339,2.306,,0.4792
2020-05-29,2852.351,1.4716,1.256,1.174,0.961,1.1353645965485935,1.1679,1.4328,2.34,,0.4913
2020-06-01,2915.431,1.5078,1.256,1.1753,0.978,1.1355494050287125,1.2019,1.4474,2.349,,0.5052
2020-06-02,2921.398,1.5152,1.253,1.1768,0.981,1.1356110145400926,1.2068,1.4433,2.358,,0.5193
2020-06-03,2923.371,1.5159,1.251,1.1766,0.98,1.135672627394112,1.2067,1.4304,2.366,,0.5248
2020-06-04,2919.251,1.5146,1.249,1.175,0.981,1.1357342435909519,1.2088,1.4179,2.347,,0.5233
2020-06-05,2930.799,1.5206,1.247,1.1776,0.979,1.1357958631307934,1.207,1.4181,2.392,,0.5498
2020-06-08,2937.771,1.5285,1.247,1.1814,0.981,1.1359807418101435,1.2121,1.4042,2.407,,0.5427
2020-06-09,2956.112,1.5375,1.248,1.1772,0.984,1.1360423747238066,1.2221,1.4057,2.416,,0.5372
2020-06-10,2943.753,1.5363,1.248,1.179,0.98,1.1361040109813785,1.2261,1.4213,2.445,,0.5393
2020-06-11,2920.897,1.5215,1.249,1.1773,0.973,1.1361656505830404,1.2206,1.4321,2.323,,0.5126
2020-06-12,2919.741,1.5251,1.25,1.1799,0.972,1.1362272935289743,1.2258,1.4297,2.348,,0.5114
2020-06-15,2890.031,1.5083,1.25,1.1788,0.965,1.1364122424342205,1.2342,1.4208,2.377,,0.5142
2020-06-16,2931.749,1.5294,1.249,1.1791,0.98,1.1364738987590557,1.2586,1.4238,2.413,,0.5307
2020-06-17,2935.873,1.5317,1.249,1.1808,0.982,1.1365355584290697,1.2701,1.4271,2.424,,0.5316
2020-06-18,2939.315,1.5421,1.249,1.1829,0.989,1.1365972214444444,1.2648,1.4249,2.432,,0.5396
2020-06-19,2967.634,1.5627,1.249,1.1842,0.991,1.1366588878053612,1.269,1.4277,2.431,,0.5514
2020-06-22,2965.272,1.5642,1.248,1.184,0.985,1.1368439069631786,1.2741,1.4396,2.459,,0.5567
2020-06-23,2970.62,1.5719,1.247,1.1835,0.983,1.1369055867080786,1.273,1.4419,2.471,,0.5604
2020-06-24,2979.551,1.5822,1.248,1.1825,0.986,1.1369672697994282,1.2697,1.4507,2.418,,0.5333
2020-06-29,2961.516,1.5719,1.249,1.1861,0.981,1.1372757354592768,1.2733,1.4513,2.416,,0.5405
2020-06-30,2984.674,1.591,1.25,1.1853,0.99,1.1373374386331379,1.2948,1.4534,2.462,,0.544
2020-07-01,3025.981,1.6216,1.25,1.1853,1.009,1.1373991451547196,1.2974,1.4642,2.489,,0.5481
2020-07-02,3090.569,1.6531,1.25,1.1841,1.032,1.1374608550242038,1.3169,1.4475,2.499,,0.5532
2020-07-03,3152.813,1.684,1.249,1.1841,1.044,1.1375225682417722,1.3269,1.4524,2.499,,0.555
2020-07-06,3332.881,1.7744,1.246,1.1936,1.096,1.1377077279847982,1.3779,1.4503,2.565,,0.5615
2020-07-07,3345.337,1.7858,1.245,1.189,1.094,1.1377694545965196,1.3925,1.452,2.533,,0.556
2020-07-08,3403.44,1.8143,1.243,1.1886,1.106,1.1378311845572333,1.42,1.4589,2.563,,0.557
2020-07-09,3450.594,1.8415,1.24,1.1914,1.118,1.1378929178671213,1.4587,1.4684,2.58,,0.5478
2020-07-10,3383.322,1.8106,1.241,1.1864,1.095,1.137954654526365,1.4474,1.4603,2.594,,0.5507
2020-07-13,3443.286,1.8466,1.239,1.1878,1.123,1.138139884602049,1.5152,1.4652,2.539,,0.5508
2020-07-14,3414.619,1.8313,1.24,1.1861,1.117,1.1382016346605335,1.5201,1.4623,2.56,,0.5519
2020-07-15,3361.304,1.8128,1.241,1.1904,1.099,1.1382633880692825,1.4838,1.4627,2.562,,0.5583
2020-07-16,3210.099,1.7331,1.241,1.1886,1.065,1.138325144828478,1.4073,1.4604,2.54,,0.5577
2020-07-17,3214.129,1.7465,1.242,1.1911,1.072,1.1383869049383015,1.4284,1.4516,2.551,,0.5554
2020-07-20,3314.149,1.798,1.243,1.1914,1.117,1.138572205373359,1.4753,1.4561,2.62,,0.5545
2020-07-21,3320.895,1.8015,1.245,1.1917,1.113,1.1386339788875128,1.4869,1.4665,2.59,,0.5675
2020-07-22,3333.164,1.8097,1.246,1.1883,1.113,1.138695755753204,1.4972,1.4985,2.592,,0.5634
2020-07-23,3325.11,1.8094,1.246,1.1923,1.103,1.1387575359706141,1.5075,1.5065,2.533,,0.5638
2020-07-24,3196.768,1.7336,1.247,1.1902,1.064,1.138819319539925,1.4428,1.5252,2.511,,0.5599
2020-07-27,3205.227,1.7402,1.248,1.1941,1.061,1.1390046903610818,1.4454,1.5575,2.56,,0.5602
2020-07-28,3227.96,1.7553,1.248,1.1929,1.07,1.1390664873398146,1.4668,1.5532,2.522,,0.5603
2020-07-29,3294.552,1.7934,1.247,1.1955,1.089,1.139128287671358,1.5102,1.5588,2.556,,0.5646
2020-07-30,3286.822,1.784,1.247,1.1932,1.089,1.1391900913558934,1.5233,1.5417,2.567,,0.5535
2020-07-31,3310.007,1.7978,1.247,1.1966,1.098,1.1392518983936029,1.5428,1.5649,2.609,,0.5525
2020-08-03,3367.966,1.8237,1.247,1.1982,1.118,1.139437339627595,1.5809,1.5611,2.65,,0.561
2020-08-04,3371.688,1.8273,1.247,1.1966,1.12,1.1394991600798199,1.5654,1.5625,2.653,,0.5649
2020-08-05,3377.565,1.8267,1.247,1.2021,1.12,1.139560983886129,1.5913,1.6032,2.657,,0.5775
2020-08-06,3386.463,1.8222,1.247,1.1974,1.122,1.1396228110467035,1.5848,1.6162,2.68,,0.5728
2020-08-07,3354.035,1.8021,1.248,1.1953,1.113,1.1396846415617259,1.5588,1.6276,2.648,,0.5656
2020-08-10,3379.252,1.8094,1.248,1.1983,1.13,1.1398701532352995,1.5684,1.613,2.645,,0.5708
2020-08-11,3340.29,1.7941,1.248,1.2034,1.12,1.1399319971699329,1.5413,1.5816,2.598,,0.5708
2020-08-12,3319.266,1.7816,1.248,1.2021,1.112,1.1399938444599242,1.5273,1.486,2.659,,0.5755
2020-08-13,3320.726,1.7779,1.249,1.2002,1.114,1.1400556951054555,1.541,1.5057,2.658,,0.5736
2020-08-14,3360.099,1.8045,1.249,1.1989,1.123,1.1401175491067086,1.5458,1.5194,2.654,,0.5709
2020-08-17,3438.801,1.8449,1.25,1.2012,1.146,1.1403031312466203,1.5761,1.5344,2.681,,0.5756
2020-08-18,3451.089,1.8442,1.25,1.2028,1.149,1.140364998672582,1.5896,1.5679,2.706,,0.5753
2020-08-19,3408.129,1.8167,1.25,1.2024,1.139,1.1404268694551758,1.5637,1.5474,2.682,,0.5742
2020-08-20,3363.899,1.7987,1.25,1.2024,1.129,1.1404887435945843,1.5509,1.5166,2.723,,0.5718
2020-08-21,3380.683,1.8144,1.25,1.2015,1.131,1.1405506210909895,1.566,1.5139,2.735,,0.5639
2020-08-24,3385.638,1.8296,1.25,1.2039,1.137,1.1407362737240057,1.5912,1.5151,2.754,,0.5705
2020-08-25,3373.578,1.833,1.249,1.2041,1.135,1.1407981646502185,1.5836,1.5072,2.776,,0.5779
2020-08-26,3329.739,1.8118,1.249,1.206,1.118,1.140860058934339,1.5509,1.5053,2.83,,0.5783
2020-08-27,3350.113,1.8196,1.249,1.2048,1.123,1.1409219565765487,1.572,1.523,2.813,,0.5715
2020-08-28,3403.807,1.8613,1.248,1.2087,1.143,1.1409838575770304,1.5951,1.5251,2.827,,0.5726
2020-08-31,3395.678,1.8502,1.249,1.2069,1.137,1.1411695807299278,1.5971,1.5286,2.843,,0.5694
2020-09-01,3410.607,1.8597,1.249,1.2089,1.138,1.1412314951653186,1.6148,1.546,2.882,,0.5688
2020-09-02,3404.802,1.8604,1.248,1.2081,1.136,1.1412934129598924,1.6143,1.5266,2.905,,0.5582
2020-09-03,3384.981,1.8503,1.248,1.2062,1.131,1.1413553341138312,1.5991,1.5118,2.763,,0.5473
2020-09-04,3355.367,1.8327,1.248,1.2063,1.127,1.1414172586273172,1.5916,1.5124,2.728,,0.5365
2020-09-07,3292.591,1.795,1.248,1.2063,1.113,1.1416030523268828,1.5613,1.5072,2.729,,0.5295
2020-09-08,3316.417,1.8052,1.248,1.2066,1.12,1.1416649902803813,1.5699,1.5115,2.607,,0.5045
2020-09-09,3254.628,1.7666,1.248,1.2055,1.103,1.1417269315943388,1.5222,1.5121,2.683,,0.5106
2020-09-10,3234.823,1.766,1.248,1.2052,1.094,1.1417888762689374,1.4832,1.5221,2.626,,0.5067
2020-09-11,3260.346,1.781,1.248,1.207,1.098,1.1418508243043595,1.5091,1.5183,2.611,,0.5057
2020-09-14,3278.814,1.7911,1.248,1.2082,1.101,1.1420366885773903,1.5224,1.5156,2.654,,0.503
2020-09-15,3295.68,1.8042,1.248,1.2131,1.107,1.1420986500579298,1.5245,1.521,2.687,,0.5077
2020-09-16,3283.924,1.7931,1.248,1.21,1.108,1.1421606149002048,1.5165,1.5185,2.629,,0.5249
2020-09-17,3270.435,1.7856,1.248,1.2063,1.109,1.1422225831043975,1.5256,1.5087,2.586,,0.5351
2020-09-18,3338.09,1.8235,1.249,1.2071,1.128,1.1422845546706901,1.5513,1.5145,2.55,,0.536
2020-09-21,3316.935,1.8061,1.249,1.2047,1.122,1.1424704895439934,1.552,1.5141,2.561,,0.5202
2020-09-22,3274.302,1.7884,1.249,1.2083,1.107,1.1425324745605108,1.5348,1.4791,2.616,,0.5234
2020-09-23,3279.711,1.7928,1.249,1.2101,1.107,1.1425944629400404,1.5434,1.4616,2.54,,0.5212
2020-09-24,3223.176,1.7602,1.249,1.2029,1.087,1.1426564546827649,1.5103,1.4416,2.556,,0.5236
2020-09-25,3219.418,1.7647,1.249,1.1989,1.081,1.1427184497888665,1.5131,1.458,2.617,,0.5252
2020-09-28,3217.535,1.7691,1.249,1.1955,1.08,1.1429044552892595,1.4985,1.4555,2.672,,0.5292
2020-09-29,3224.359,1.7733,1.249,1.1987,1.086,1.142966463850695,1.5112,1.4719,2.659,,0.5155
2020-09-30,3218.052,1.7723,1.249,1.2,1.082,1.14302847577642,1.5151,1.4698,2.678,,0.5199
2020-10-09,3272.076,1.807,1.249,1.2165,1.103,1.1435867345311028,1.5673,1.4744,2.738,,0.5301
2020-10-12,3358.465,1.8577,1.25,1.1992,1.128,1.1437728813661683,1.6098,1.4899,2.796,,0.5123
2020-10-13,3359.75,1.8638,1.25,1.2051,1.13,1.1438349370442733,1.6207,1.4826,2.801,,0.5196
2020-10-14,3340.778,1.853,1.25,1.2076,1.129,1.1438969960892245,1.6213,1.4682,2.784,,0.5279
2020-10-15,3332.183,1.8505,1.25,1.2048,1.124,1.1439590585012043,1.6098,1.4666,2.76,,0.5251
2020-10-16,3336.358,1.8493,1.25,1.2077,1.128,1.1440211242803955,1.6095,1.4724,2.747,,0.5244
2020-10-19,3312.667,1.8366,1.25,1.2066,1.119,1.144207341823064,1.5943,1.4736,2.687,,0.5206
2020-10-20,3328.103,1.8487,1.251,1.208,1.12,1.1442694210729278,1.6147,1.4624,2.693,,0.5221
2020-10-21,3325.025,1.8467,1.251,1.2102,1.116,1.1443315036909165,1.6005,1.4728,2.686,,0.5119
2020-10-22,3312.501,1.84,1.251,1.2037,1.108,1.1443935896772126,1.5945,1.4726,2.676,,0.5144
2020-10-23,3277.997,1.8187,1.251,1.2084,1.1,1.1444556790319993,1.5721,1.4677,2.687,,0.51
2020-10-26,3251.119,1.8106,1.252,1.2084,1.099,1.1446419673091295,1.591,1.4612,2.646,,0.4951
2020-10-27,3254.316,1.8122,1.252,1.2051,1.096,1.1447040701397053,1.5927,1.4723,2.676,,0.5038
2020-10-28,3269.238,1.8246,1.252,1.2094,1.096,1.1447661763396857,1.5905,1.4745,2.579,,0.4865
2020-10-29,3272.727,1.839,1.252,1.2113,1.101,1.1448282859092531,1.6069,1.4557,2.629,,0.473
2020-10-30,3224.533,1.8084,1.253,1.2138,1.085,1.1448903988485903,1.561,1.4471,2.56,,0.4647
2020-11-02,3225.12,1.8175,1.253,1.211,1.092,1.1450767578870502,1.5717,1.4568,2.56,,0.472
2020-11-03,3271.074,1.8369,1.253,1.2116,1.103,1.1451388843072956,1.5856,1.463,2.601,,0.4809
2020-11-04,3277.44,1.8485,1.253,1.2049,1.108,1.1452010140982252,1.587,1.4672,2.708,,0.4974
2020-11-05,3320.133,1.8752,1.253,1.2213,1.126,1.1452631472600217,1.6179,1.4661,2.781,,0.4961
2020-11-06,3312.159,1.875,1.253,1.2142,1.129,1.1453252837928682,1.6031,1.4826,2.761,,0.48
2020-11-09,3373.734,1.9091,1.253,1.2199,1.146,1.1455117136195363,1.6294,1.4808,2.696,,0.5045
2020-11-10,3360.149,1.8963,1.253,1.2133,1.14,1.1455738636384116,1.6103,1.4448,2.641,,0.5135
2020-11-11,3342.203,1.8789,1.253,1.2133,1.145,1.1456360170292514,1.5951,1.4433,2.708,,0.5247
2020-11-12,3338.679,1.8804,1.253,1.2152,1.15,1.1456981737922387,1.6012,1.4369,2.699,,0.5208
2020-11-13,3310.105,1.8609,1.252,1.2166,1.14,1.1457603339275564,1.592,1.4422,2.726,,0.5113
2020-11-16,3346.969,1.8779,1.252,1.219,1.164,1.1459468345693216,1.6136,1.4428,2.734,,0.5191
2020-11-17,3339.895,1.8738,1.252,1.218,1.171,1.1460090081957908,1.6069,1.4414,2.716,,0.5162
2020-11-18,3347.303,1.8741,1.251,1.2165,1.176,1.1460711851955052,1.6119,1.4339,2.692,,0.5193
2020-11-19,3363.088,1.8868,1.25,1.2105,1.172,1.1461333655686479,1.6191,1.4261,2.708,,0.5173
2020-11-20,3377.727,1.892,1.25,1.2184,1.177,1.1461955493154021,1.6316,1.4279,2.701,,0.523
2020-11-23,3414.49,1.9154,1.25,1.2194,1.193,1.1463821207991636,1.6383,1.4267,2.698,,0.5293
2020-11-24,3402.823,1.904,1.25,1.2196,1.189,1.1464443180421937,1.6386,1.3967,2.741,,0.5501
2020-11-25,3362.327,1.8809,1.25,1.2199,1.173,1.1465065186597507,1.6163,1.3777,2.755,,0.5585
2020-11-26,3369.733,1.8837,1.25,1.2199,1.169,1.1465687226520174,1.6009,1.3789,2.756,,0.5585
2020-11-27,3408.307,1.9051,1.25,1.2213,1.177,1.1466309300191768,1.599,1.3747,2.779,,0.5564
2020-11-30,3391.755,1.8972,1.251,1.2231,1.165,1.1468175723718435,1.5827,1.3487,2.782,,0.5517
2020-12-01,3451.938,1.9346,1.251,1.2274,1.18,1.1468797932404056,1.6058,1.357,2.829,,0.5508
2020-12-02,3449.381,1.9348,1.251,1.2247,1.183,1.1469420174847762,1.6132,1.377,2.817,,0.5525
2020-12-03,3442.136,1.9315,1.251,1.2259,1.173,1.1470042451051383,1.6099,1.3929,2.819,,0.5568
2020-12-04,3444.581,1.9343,1.252,1.2298,1.169,1.1470664761016753,1.6153,1.3945,2.83,,0.563
2020-12-07,3416.604,1.9183,1.196,1.2266,1.158,1.1472531893501667,1.6043,1.3916,2.839,,0.5598
2020-12-08,3410.177,1.914,1.196,1.2279,1.152,1.1473154338532348,1.6025,1.4073,2.845,,0.558
2020-12-09,3371.964,1.8902,1.196,1.231,1.142,1.1473776817333936,1.5719,1.4005,2.784,,0.5568
2020-12-10,3373.276,1.8902,1.197,1.2335,1.147,1.1474399329908265,1.5711,1.3882,2.799,,0.5727
2020-12-11,3347.191,1.872,1.196,1.2322,1.139,1.1475021876257165,1.5419,1.3884,2.79,,0.5691
2020-12-14,3369.12,1.8866,1.197,1.2348,1.134,1.1476889717969625,1.5522,1.3847,2.808,,0.5691
2020-12-15,3367.233,1.8919,1.197,1.2348,1.132,1.147751239943514,1.5593,1.3958,2.84,,0.5762
2020-12-16,3366.983,1.8954,1.198,1.2377,1.128,1.1478135114684391,1.5525,1.4026,2.852,,0.5784
2020-12-17,3404.873,1.9203,1.198,1.2387,1.14,1.147875786371921,1.5649,1.4137,2.871,,0.586
2020-12-18,3394.896,1.9145,1.198,1.2371,1.144,1.147938064654143,1.5592,1.4205,2.866,,0.5906
2020-12-21,3420.569,1.9316,1.199,1.2381,1.149,1.1481249197750836,1.5815,1.4405,2.864,,0.5783
2020-12-22,3356.782,1.9032,1.201,1.238,1.122,1.1481872115740994,1.5559,1.4202,2.864,,0.5718
2020-12-23,3382.32,1.919,1.201,1.244,1.125,1.1482495067527723,1.5641,1.4188,2.858,,0.58
2020-12-24,3363.113,1.917,1.201,1.2415,1.116,1.1483118053112853,1.541,1.42,2.863,,0.5823
2020-12-25,3396.563,1.9322,1.202,1.2415,1.125,1.1483741072498217,1.5519,1.4264,2.862,,0.5812
2020-12-28,3397.285,1.9429,1.203,1.2394,1.12,1.1485610333474066,1.5398,1.4252,2.891,,0.5775
2020-12-29,3379.036,1.932,1.203,1.2446,1.111,1.1486233488078714,1.5337,1.4211,2.901,,0.5822
2020-12-30,3414.453,1.9616,1.204,1.2442,1.117,1.1486856676492767,1.5471,1.4201,2.896,,0.5823
2020-12-31,3473.069,1.9975,1.204,1.2433,1.126,1.148747989871806,1.5673,1.4199,2.902,,0.5822
2021-01-04,3502.958,2.0183,1.204,1.2566,1.129,1.1489973125768327,1.5917,1.4476,2.866,,0.5794
2021-01-05,3528.677,2.0547,1.205,1.2473,1.133,1.149059651707734,1.5976,1.4583,2.862,,0.5913
2021-01-06,3550.877,2.0761,1.205,1.2504,1.136,1.1491219942208601,1.5871,1.4575,2.815,,0.6005
2021-01-07,3576.205,2.12,1.206,1.2507,1.134,1.1491843401163946,1.5564,1.4487,2.885,,0.6059
2021-01-08,3570.108,2.1087,1.206,1.2521,1.138,1.149246689394521,1.5523,1.4397,2.927,,0.6173
2021-01-11,3531.498,2.0892,1.206,1.2502,1.126,1.1494337575262863,1.5376,1.3994,2.884,,0.616
2021-01-12,3608.339,2.1517,1.206,1.2526,1.137,1.1494961203366154,1.5631,1.4095,2.885,,0.628
2021-01-13,3598.652,2.1381,1.207,1.2461,1.14,1.149558486530454,1.559,1.4051,2.893,,0.6263
2021-01-14,3565.905,2.091,1.208,1.2486,1.135,1.1496208561079857,1.566,1.3956,2.882,,0.6276
2021-01-15,3566.378,2.0705,1.207,1.2449,1.141,1.1496832290693941,1.5824,1.4012,2.856,,0.6174
2021-01-18,3596.224,2.0961,1.206,1.2449,1.153,1.149870368258716,1.6078,1.3979,2.865,,0.6172
2021-01-19,3566.381,2.0627,1.206,1.2478,1.154,1.1499327547574674,1.6012,1.3993,2.91,,0.6249
2021-01-20,3583.092,2.082,1.206,1.2493,1.153,1.1499951446410135,1.6224,1.4055,2.974,,0.6264
2021-01-21,3621.264,2.1182,1.207,1.2491,1.159,1.1500575379095381,1.6411,1.4153,2.991,,0.624
2021-01-22,3606.75,2.1287,1.208,1.2442,1.149,1.1501199345632247,1.6484,1.4107,2.979,,0.6157
2021-01-25,3624.238,2.154,1.208,1.247,1.136,1.1503071448370938,1.6356,1.4032,3.014,,0.6199
2021-01-26,3569.429,2.1044,1.206,1.248,1.128,1.1503695550332655,1.6178,1.4083,3.017,,0.6201
2021-01-27,3573.341,2.1123,1.206,1.245,1.131,1.1504319686155178,1.6295,1.4007,2.925,,0.6211
2021-01-28,3505.176,2.0522,1.204,1.2446,1.114,1.1504943855840342,1.5957,1.3901,2.953,,0.6183
2021-01-29,3483.069,2.0436,1.204,1.2491,1.106,1.1505568059389986,1.5837,1.3976,2.886,,0.6161
2021-02-01,3505.284,2.0693,1.205,1.2466,1.121,1.1507440873244166,1.6078,1.4115,2.953,,0.6243
2021-02-02,3533.685,2.1043,1.205,1.2518,1.129,1.1508065212270102,1.626,1.3999,3.004,,0.6395
2021-02-03,3517.308,2.1022,1.204,1.2502,1.126,1.1508689585169705,1.6222,1.3897,2.989,,0.6477
2021-02-04,3501.859,2.1008,1.203,1.2447,1.115,1.150931399194481,1.6014,1.3792,3.021,,0.6523
2021-02-05,3496.333,2.1066,1.203,1.2435,1.115,1.150993843259726,1.5683,1.3672,3.036,,0.6603
2021-02-08,3532.447,2.1392,1.203,1.2387,1.128,1.1511811957837046,1.5817,1.3754,3.054,,0.6696
2021-02-09,3603.489,2.1859,1.204,1.2431,1.143,1.1512436534017245,1.6201,1.3904,3.046,,0.6734
2021-02-10,3655.088,2.2342,1.204,1.2366,1.15,1.151306114408398,1.6338,1.3913,3.032,,0.6744
2021-02-18,3675.357,2.2113,1.203,1.2425,1.177,1.1518059244753722,1.6534,1.3518,3.036,,0.6984
2021-02-19,3696.168,2.2035,1.205,1.2533,1.195,1.1518684159882007,1.6847,1.3469,3.027,,0.6882
2021-02-22,3642.445,2.1264,1.204,1.2471,1.204,1.152055910870376,1.6686,1.3604,2.945,,0.7048
2021-02-23,3636.357,2.122,1.205,1.2504,1.197,1.1521184159462776,1.6573,1.3731,2.937,,0.7106
2021-02-24,3564.08,2.0679,1.205,1.253,1.181,1.1521809244134076,1.6424,1.3705,2.965,,0.7246
2021-02-25,3585.046,2.0825,1.205,1.2537,1.199,1.1522434362719496,1.6397,1.3555,2.857,,0.7274
2021-02-26,3509.08,2.0342,1.205,1.2461,1.172,1.1523059515220877,1.6293,1.3379,2.88,,0.7152
2021-03-01,3551.4,2.0622,1.206,1.2447,1.194,1.15249351762392,1.6724,1.3336,2.964,,0.7084
2021-03-02,3508.591,2.0371,1.206,1.241,1.186,1.1525560464422833,1.6711,1.3096,2.909,,0.6948
2021-03-03,3576.905,2.0738,1.206,1.239,1.213,1.152618578653163,1.7003,1.3155,2.823,,0.7047
2021-03-04,3503.492,2.0124,1.206,1.2355,1.202,1.1526811142567432,1.6733,1.3044,2.783,,0.7348
2021-03-05,3501.987,2.0054,1.206,1.2318,1.19,1.1527436532532078,1.6796,1.2925,2.835,,0.7579
2021-03-08,3421.414,1.9415,1.207,1.2192,1.178,1.1529312906017495,1.6533,1.3042,2.748,,0.7534
2021-03-09,3359.292,1.9036,1.207,1.2269,1.168,1.1529938431715931,1.6184,1.2997,2.881,,0.7509
2021-03-10,3357.737,1.9169,1.207,1.2331,1.161,1.1530563991352418,1.6082,1.3121,2.862,,0.7493
2021-03-11,3436.831,1.961,1.207,1.2419,1.073,1.1531189584928794,1.6393,1.3256,2.923,,0.7635
2021-03-12,3453.078,1.968,1.207,1.2397,1.083,1.1531815212446905,1.6389,1.3074,2.892,,0.7615
2021-03-15,3419.946,1.9281,1.208,1.2465,1.085,1.1533692298670049,1.6293,1.3184,2.931,,0.7597
2021-03-16,3446.733,1.9432,1.208,1.2498,1.091,1.1534318061973505,1.6403,1.3203,2.947,,0.754
2021-03-17,3445.551,1.951,1.208,1.2504,1.087,1.1534943859227904,1.6497,1.3252,2.956,,0.7531
2021-03-18,3463.068,1.9658,1.208,1.2524,1.092,1.1535569690435088,1.6616,1.3329,2.86,,0.712
2021-03-19,3404.663,1.9175,1.209,1.256,1.082,1.1536195555596895,1.6538,1.3316,2.887,,0.7201
2021-03-22,3443.439,1.9343,1.209,1.2581,1.097,1.1538073354828497,1.6854,1.3243,2.94,,0.7225
2021-03-23,3411.509,1.9171,1.21,1.2528,1.082,1.153869935582723,1.6698,1.3303,2.918,,0.6929
2021-03-24,3367.061,1.8879,1.21,1.2527,1.062,1.1539325390789803,1.6432,1.3249,2.878,,0.7173
2021-03-25,3363.592,1.887,1.21,1.2455,1.06,1.1539951459718054,1.6448,1.3288,2.876,,0.698
2021-03-26,3418.327,1.9276,1.21,1.2484,1.073,1.154057756261383,1.67,1.3269,2.924,,0.7236
2021-03-29,3435.296,1.9297,1.211,1.2449,1.084,1.1542456075124723,1.674,1.3277,2.922,,0.7246
2021-03-30,3456.677,1.9473,1.211,1.247,1.083,1.154308231390902,1.6708,1.3109,2.916,,0.7226
2021-03-31,3441.912,1.931,1.211,1.2514,1.081,1.1543708586670058,1.6741,1.2965,2.964,,0.7174
2021-04-01,3466.332,1.9544,1.211,1.2459,1.09,1.1544334893409678,1.6804,1.3234,3.011,,0.7252
2021-04-02,3484.392,1.9725,1.212,1.2459,1.083,1.1544961234129723,1.6814,1.3366,3.014,,0.7266
2021-04-06,3482.967,1.9652,1.212,1.2459,1.088,1.1547466936851032,1.7005,1.3308,3.064,,0.7167
2021-04-07,3479.626,1.9516,1.212,1.2498,1.097,1.154809344750086,1.7044,1.3369,3.066,,0.7114
2021-04-08,3482.555,1.955,1.212,1.2491,1.096,1.154871999214218,1.6987,1.3406,3.101,,0.7131
2021-04-09,3450.677,1.9282,1.212,1.2465,1.096,1.154934657077683,1.6981,1.3447,3.118,,0.712
2021-04-12,3412.948,1.8969,1.213,1.2489,1.09,1.1551226510659227,1.6603,1.3386,3.12,,0.7183
2021-04-13,3396.47,1.8941,1.213,1.2448,1.082,1.1551853225285655,1.6566,1.3278,3.152,,0.7235
2021-04-14,3416.721,1.9079,1.214,1.2469,1.088,1.155247997391464,1.6751,1.3386,3.107,,0.7475
2021-04-15,3398.988,1.8971,1.214,1.244,1.088,1.1553106756548024,1.6652,1.338,3.153,,0.7497
2021-04-16,3426.618,1.904,1.214,1.2464,1.101,1.1553733573187654,1.6815,1.35,3.156,,0.7496
2021-04-19,3477.549,1.9422,1.214,1.2507,1.107,1.1555614227162467,1.7084,1.3608,3.123,,0.7499
2021-04-20,3472.943,1.9415,1.215,1.2509,1.107,1.155624117984553,1.7028,1.3488,3.095,,0.7385
2021-04-21,3472.93,1.9461,1.215,1.2493,1.107,1.1556868166544065,1.7024,1.3603,3.12,,0.7288
2021-04-22,3465.114,1.9464,1.215,1.2477,1.111,1.1557495187259916,1.7085,1.3626,3.075,,0.73
2021-04-23,3474.166,1.9659,1.215,1.2491,1.109,1.155812224199493,1.7101,1.3576,3.116,,0.7353
2021-04-26,3441.166,1.945,1.215,1.2444,1.102,1.1560003610333407,1.7004,1.3539,3.134,,0.732
2021-04-27,3442.611,1.9529,1.215,1.2434,1.101,1.156063080116353,1.6929,1.3542,3.12,,0.7422
2021-04-28,3457.068,1.9611,1.215,1.2434,1.108,1.1561258026022045,1.6884,1.3439,3.103,,0.7509
2021-04-29,3474.901,1.9775,1.216,1.2404,1.114,1.1561885284910798,1.688,1.3524,3.112,,0.7592
2021-04-30,3446.856,1.9642,1.216,1.2397,1.106,1.1562512577831636,1.6743,1.3467,3.086,,0.7445
2021-05-06,3441.283,1.942,1.217,1.225,1.12,1.1566277050133855,1.6816,1.3625,3.041,,0.767
2021-05-07,3418.874,1.916,1.217,1.2229,1.122,1.1566904581330992,1.6738,1.3786,3.055,,0.7639
2021-05-10,3427.991,1.9113,1.218,1.2234,1.131,1.1568787379210947,1.6789,1.3822,2.964,,0.7615
2021-05-11,3441.845,1.9185,1.218,1.2179,1.121,1.1569415046606606,1.6679,1.3821,2.954,,0.7647
2021-05-12,3462.751,1.9257,1.218,1.2189,1.129,1.157004274805651,1.6884,1.3838,2.878,,0.7721
2021-05-13,3429.536,1.9068,1.218,1.22,1.116,1.1570670483562513,1.6683,1.3775,2.917,,0.7556
2021-05-14,3490.376,1.9461,1.219,1.2195,1.122,1.1571298253126456,1.6819,1.3832,2.976,,0.765
2021-05-17,3517.616,1.9735,1.219,1.2176,1.122,1.1573181766184435,1.6792,1.3993,2.948,,0.7715
2021-05-18,3529.014,1.9757,1.219,1.2254,1.127,1.1573809671998634,1.6828,1.409,2.929,,0.7672
2021-05-19,3510.965,1.967,1.22,1.2254,1.122,1.1574437611880017,1.6793,1.4111,2.93,,0.7403
2021-05-20,3506.944,1.9715,1.22,1.2245,1.108,1.1575065585830433,1.669,1.4125,2.996,,0.7333
2021-05-21,3486.557,1.9545,1.221,1.2267,1.112,1.157569359385173,1.6684,1.4134,2.971,,0.7451
2021-05-24,3497.282,1.9597,1.221,1.2288,1.117,1.1577577822359388,1.6775,1.4185,3.026,,0.7631
2021-05-25,3581.342,2.0162,1.221,1.2281,1.131,1.1578205966682695,1.6926,1.414,3.024,,0.7637
2021-05-26,3593.357,2.0144,1.222,1.2286,1.139,1.1578834145086123,1.7052,1.4269,3.025,,0.7653
2021-05-27,3608.851,2.0227,1.222,1.2305,1.144,1.1579462357571526,1.7183,1.4174,3.012,,0.7688
2021-05-28,3600.784,2.0167,1.222,1.2279,1.146,1.1580090604140751,1.711,1.4112,3.011,,0.7673
2021-05-31,3615.477,2.0199,1.222,1.2279,1.154,1.1581975548369854,1.7263,1.4192,3.002,,0.765
2021-06-01,3624.714,2.0248,1.222,1.2265,1.161,1.1582603931292863,1.7401,1.4277,2.99,,0.7765
2021-06-02,3597.138,2.007,1.222,1.2314,1.156,1.158323234830894,1.7334,1.4082,3.004,,0.7867
2021-06-03,3584.212,1.9969,1.222,1.2301,1.155,1.1583860799419938,1.7323,1.3991,2.974,,0.7879
2021-06-04,3591.845,2.0041,1.222,1.2282,1.152,1.1584489284627704,1.7331,1.3869,3.039,,0.7957
2021-06-07,3599.541,2.0033,1.222,1.2276,1.151,1.1586374944850117,1.7429,1.3943,3.041,,0.7942
2021-06-08,3580.106,1.9849,1.222,1.224,1.144,1.1587003566463459,1.7391,1.3984,3.04,,0.801
2021-06-09,3591.397,1.9914,1.222,1.2242,1.148,1.1587632222182822,1.7508,1.4006,3.043,,0.7999
2021-06-10,3610.859,2.0036,1.222,1.2227,1.151,1.1588260912010055,1.7557,1.3961,3.075,,0.8037
2021-06-11,3589.748,1.9895,1.222,1.2207,1.147,1.1588889635947008,1.7458,1.4077,3.077,,0.8039
2021-06-15,3556.559,1.9716,1.222,1.2236,1.139,1.1591404872829043,1.7291,1.3856,3.094,,0.8199
2021-06-16,3518.329,1.9411,1.222,1.2232,1.126,1.1592033767342362,1.7063,1.3825,3.084,,0.8211
2021-06-17,3525.604,1.9491,1.222,1.2208,1.126,1.1592662695976508,1.7148,1.3577,3.135,,0.8102
2021-06-18,3525.097,1.9501,1.222,1.2223,1.125,1.159329165873333,1.7286,1.346,3.112,,0.8147
2021-06-21,3529.183,1.9436,1.223,1.2285,1.13,1.159517875175837,1.7399,1.3446,3.141,,0.8302
2021-06-22,3557.412,1.9592,1.223,1.2303,1.142,1.1595807851024416,1.7549,1.3483,3.173,,0.8333
2021-06-23,3566.22,1.9655,1.223,1.2316,1.156,1.1596436984422396,1.7628,1.3496,3.174,,0.8403
2021-06-24,3566.654,1.9666,1.223,1.2368,1.156,1.1597066151954163,1.7634,1.3443,3.205,,0.8436
2021-06-25,3607.562,1.9992,1.224,1.2366,1.163,1.1597695353621569,1.7845,1.3452,3.196,,0.8474
2021-06-28,3606.372,2.0053,1.224,1.2348,1.154,1.1599583163456137,1.7907,1.3466,3.227,,0.836
2021-06-29,3573.178,1.9889,1.224,1.2342,1.151,1.160021250168462,1.777,1.3401,3.237,,0.8401
2021-06-30,3591.197,2.004,1.224,1.2329,1.156,1.1600841874058,1.7902,1.3276,3.235,,0.8396
2021-07-01,3588.782,2.0082,1.225,1.2352,1.152,1.1601471280578135,1.7674,1.343,3.241,,0.8516
2021-07-02,3518.76,1.953,1.225,1.232,1.144,1.1602100721246875,1.7536,1.3462,3.279,,0.8567
2021-07-05,3534.322,1.9539,1.225,1.232,1.147,1.160398924816325,1.7653,1.3513,3.278,,0.8583
2021-07-06,3530.259,1.9568,1.226,1.2238,1.146,1.1604618825444937,1.7711,1.3635,3.287,,0.8397
2021-07-07,3553.716,1.9786,1.226,1.2256,1.149,1.1605248436884494,1.7886,1.3618,3.299,,0.8221
2021-07-08,3525.504,1.9634,1.227,1.2196,1.131,1.1605878082483776,1.7821,1.3637,3.277,,0.8327
2021-07-09,3524.088,1.9565,1.227,1.2214,1.141,1.1606507762244633,1.8051,1.3665,3.302,,0.8498
2021-07-12,3547.836,1.9804,1.229,1.2255,1.15,1.1608397006515196,1.8347,1.3627,3.315,,0.847
2021-07-13,3566.523,1.9865,1.23,1.2275,1.161,1.1609026822940893,1.858,1.3669,3.313,,0.8591
2021-07-14,3528.501,1.968,1.23,1.2275,1.157,1.1609656673537436,1.8489,1.37,3.321,,0.8446
2021-07-15,3564.59,1.9956,1.23,1.2226,1.165,1.1610286558306677,1.853,1.3801,3.289,,0.83
2021-07-16,3539.304,1.9745,1.231,1.2245,1.168,1.161091647725047,1.8623,1.3757,3.267,,0.8304
2021-07-19,3539.123,1.9826,1.231,1.2181,1.165,1.161280643914771,1.8557,1.366,3.237,,0.7799
2021-07-20,3536.791,1.9811,1.232,1.2194,1.159,1.1613436494808256,1.8518,1.3727,3.285,,0.7887
2021-07-21,3562.661,1.9916,1.232,1.2197,1.16,1.1614066584652625,1.8631,1.3677,3.309,,0.8169
2021-07-22,3574.734,1.9954,1.233,1.2183,1.172,1.1614696708682675,1.8858,1.3602,3.321,,0.827
2021-07-23,3550.396,1.9706,1.233,1.2148,1.16,1.161532686690026,1.8632,1.3649,3.359,,0.8334
2021-07-26,3467.441,1.9097,1.234,1.2051,1.138,1.161721754669676,1.8349,1.3694,3.368,,0.8379
2021-07-27,3381.183,1.8461,1.234,1.1908,1.108,1.1617847841683029,1.7883,1.365,3.329,,0.8357
2021-07-28,3361.59,1.8493,1.234,1.2001,1.096,1.1618478170866104,1.7547,1.3706,3.352,,0.8408
2021-07-29,3411.724,1.8785,1.234,1.2086,1.109,1.1619108534247846,1.8032,1.3736,3.36,,0.855
2021-07-30,3397.357,1.8602,1.234,1.2004,1.121,1.1619738931830108,1.8248,1.3812,3.323,,0.8515
2021-08-02,3464.285,1.9039,1.235,1.2024,1.125,1.1621630329798567,1.8569,1.3647,3.326,,0.8295
2021-08-03,3447.991,1.9042,1.235,1.2023,1.111,1.1622260864201464,1.8501,1.3668,3.345,,0.8231
2021-08-04,3477.219,1.9169,1.235,1.207,1.127,1.162289143281416,1.885,1.3687,3.352,,0.8015
2021-08-05,3466.549,1.9054,1.235,1.2037,1.12,1.162352203563851,1.8758,1.3665,3.376,,0.814
2021-08-06,3458.228,1.8971,1.236,1.2045,1.126,1.162415267267637,1.8842,1.3589,3.356,,0.8064
2021-08-09,3494.635,1.9217,1.236,1.2096,1.14,1.1626044789089582,1.9111,1.3253,3.373,,0.7913
2021-08-10,3529.931,1.9433,1.236,1.217,1.143,1.162667556300005,1.9254,1.3183,3.355,,0.8101
2021-08-11,3532.621,1.9341,1.236,1.2169,1.16,1.1627306371133312,1.9431,1.3144,3.349,,0.8144
2021-08-12,3524.737,1.9187,1.236,1.2164,1.174,1.1627937213491224,1.9482,1.3298,3.359,,0.8141
2021-08-13,3516.299,1.911,1.236,1.2127,1.177,1.1628568090075642,1.9554,1.3331,3.371,,0.8064
2021-08-16,3517.345,1.9106,1.236,1.2077,1.178,1.1630460925206507,1.9515,1.3455,3.368,,0.7967
2021-08-17,3446.976,1.8684,1.236,1.202,1.156,1.1631091938715523,1.9068,1.3583,3.34,,0.7928
2021-08-18,3485.286,1.8888,1.237,1.2055,1.166,1.163172298646033,1.9216,1.3567,3.316,,0.7797
2021-08-19,3465.555,1.8765,1.237,1.2009,1.16,1.163235406844279,1.9151,1.3518,3.329,,0.7613
2021-08-20,3427.334,1.8422,1.237,1.1996,1.161,1.1632985184664755,1.9173,1.3573,3.371,,0.7479
2021-08-23,3477.132,1.8655,1.237,1.2078,1.173,1.1634878738786278,1.9524,1.3546,3.419,,0.784
2021-08-24,3514.471,1.8865,1.237,1.2139,1.183,1.1635509991984854,1.9806,1.3648,3.42,,0.8054
2021-08-25,3540.384,1.8897,1.238,1.2166,1.197,1.1636141279432224,2.0006,1.3575,3.418,,0.8112
2021-08-26,3501.664,1.8582,1.237,1.2139,1.201,1.1636772601130252,2.0108,1.3531,3.398,,0.8061
2021-08-27,3522.157,1.8703,1.237,1.2156,1.21,1.1637403957080792,2.0193,1.3641,3.439,,0.8188
2021-08-30,3528.151,1.8639,1.238,1.215,1.218,1.163929823046608,2.0269,1.3684,3.467,,0.8197
2021-08-31,3543.94,1.8589,1.238,1.2184,1.244,1.163992972344526,2.0442,1.3687,3.462,,0.8168
2021-09-01,3567.101,1.8802,1.238,1.2169,1.238,1.1640561250686245,2.0292,1.3678,3.469,,0.8122
2021-09-02,3597.043,1.8803,1.238,1.2195,1.26,1.1641192812190897,2.0674,1.3676,3.463,,0.8294
2021-09-03,3581.734,1.87,1.238,1.2196,1.253,1.1641824407961072,2.0581,1.3663,3.472,,0.8249
2021-09-06,3621.859,1.9008,1.238,1.2196,1.265,1.1643719400883337,2.0696,1.3753,3.47,,0.822
2021-09-07,3676.587,1.9267,1.238,1.2236,1.295,1.16443511337342,2.1265,1.372,3.475,,0.8133
2021-09-08,3675.187,1.9199,1.238,1.224,1.304,1.1644982900859886,2.1565,1.3585,3.47,,0.8241
2021-09-09,3693.13,1.9205,1.238,1.2143,1.33,1.164561470226225,2.1876,1.3521,3.454,,0.813
2021-09-10,3703.11,1.9355,1.238,1.2165,1.314,1.1646246537943157,2.172,1.3554,3.425,,0.8255
2021-09-13,3715.372,1.9311,1.238,1.2121,1.337,1.164814225067571,2.1946,1.3512,3.42,,0.8339
2021-09-14,3662.602,1.9039,1.238,1.21,1.311,1.1648774223489375,2.1633,1.3515,3.408,,0.8329
2021-09-15,3656.223,1.8891,1.237,1.206,1.316,1.164940623059088,2.1848,1.3555,3.434,,0.8536
2021-09-16,3607.092,1.8665,1.237,1.1939,1.295,1.1650038271982084,2.1574,1.3448,3.428,,0.8499
2021-09-17,3613.966,1.883,1.237,1.2032,1.274,1.1650670347664849,2.1349,1.3322,3.398,,0.848
2021-09-22,3628.49,1.8726,1.238,1.2032,1.289,1.1653831240517205,2.1421,1.3481,3.372,,0.8536
2021-09-23,3642.22,1.8801,1.238,1.2046,1.288,1.1654463521988407,2.1431,1.3352,3.406,,0.8686
2021-09-24,3613.067,1.8762,1.238,1.2028,1.248,1.1655095837764198,2.0714,1.3282,3.401,,0.8739
2021-09-27,3582.831,1.8802,1.238,1.2058,1.211,1.1656992990937696,1.9883,1.3315,3.378,,0.8927
2021-09-28,3602.218,1.8825,1.238,1.2077,1.229,1.1657625443950443,1.9921,1.3208,3.278,,0.8835
2021-09-29,3536.294,1.8563,1.238,1.2043,1.189,1.1658257931277083,1.9206,1.3171,3.277,,0.8837
2021-09-30,3568.167,1.8697,1.238,1.2117,1.208,1.165889045291948,1.9612,1.312,3.273,,0.8897
2021-10-08,3592.167,1.8906,1.238,1.1922,1.206,1.166395186164926,1.9773,1.3252,3.289,,0.9335
2021-10-11,3591.709,1.8902,1.238,1.1947,1.212,1.1665850456358207,1.9665,1.3228,3.259,,0.942
2021-10-12,3546.936,1.8671,1.238,1.1875,1.191,1.1666483389934912,1.9296,1.3301,3.245,,0.9392
2021-10-13,3561.762,1.8879,1.238,1.1886,1.184,1.1667116357851584,1.9264,1.3295,3.278,,0.9417
2021-10-14,3558.28,1.8828,1.238,1.1842,1.179,1.1667749360110085,1.9436,1.3467,3.329,,0.9459
2021-10-15,3572.366,1.8917,1.238,1.1874,1.184,1.1668382396712278,1.9384,1.3441,3.348,,0.9538
2021-10-18,3568.138,1.87,1.237,1.1894,1.199,1.167028171259965,1.963,1.3267,3.377,,0.9486
2021-10-19,3593.153,1.8864,1.237,1.199,1.207,1.167091488659525,1.9881,1.3317,3.401,,0.9553
2021-10-20,3587.001,1.8805,1.237,1.2,1.194,1.167154809494386,1.9781,1.3272,3.384,,0.9601
2021-10-21,3594.783,1.8857,1.238,1.1953,1.202,1.1672181337647343,1.9816,1.333,3.397,,0.9447
2021-10-22,3582.604,1.8956,1.238,1.1977,1.183,1.1672814614707565,1.9555,1.3388,3.375,,0.9572
2021-10-25,3609.863,1.9014,1.239,1.1971,1.184,1.16747146520473,1.9628,1.3377,3.404,,0.9576
2021-10-26,3597.638,1.8956,1.239,1.173,1.179,1.1675348066553115,1.9489,1.341,3.412,,0.9635
2021-10-27,3562.305,1.8703,1.239,1.1547,1.161,1.1675981515424991,1.9112,1.3301,3.419,,0.9416
2021-10-28,3518.417,1.8553,1.24,1.1361,1.136,1.167661499866479,1.8605,1.3448,3.464,,0.9452
2021-10-29,3547.336,1.8707,1.24,1.1305,1.141,1.1677248516274377,1.871,1.3399,3.477,,0.9431
2021-11-01,3544.48,1.86,1.24,1.1289,1.144,1.1679149275340517,1.9008,1.3337,3.504,,0.9546
2021-11-02,3505.628,1.8393,1.241,1.1177,1.122,1.1679782930447906,1.8499,1.3397,3.509,,0.9513
2021-11-03,3498.537,1.8308,1.241,1.1204,1.133,1.168041661993441,1.8632,1.3295,3.55,,0.9203
2021-11-04,3526.866,1.8449,1.242,1.1132,1.134,1.168105034380189,1.8744,1.3257,3.587,,0.9133
2021-11-05,3491.568,1.8351,1.242,1.1037,1.118,1.1681684102052217,1.8308,1.3416,3.592,,0.9342
2021-11-08,3498.631,1.8342,1.242,1.1025,1.124,1.168358558311891,1.8388,1.3554,3.586,,0.9426
2021-11-09,3507.002,1.8351,1.242,1.0988,1.128,1.1684219478919267,1.8551,1.3603,3.557,,0.9526
2021-11-10,3492.462,1.8235,1.242,1.1056,1.127,1.1684853409111793,1.8626,1.3596,3.509,,0.9344
2021-11-11,3532.786,1.8513,1.242,1.1128,1.144,1.168548737369836,1.8888,1.3832,3.53,,0.9321
2021-11-12,3539.1,1.846,1.242,1.1234,1.137,1.1686121372680829,1.8972,1.3835,3.562,,0.9277
2021-11-15,3533.303,1.8426,1.243,1.124,1.138,1.1688023576022326,1.8956,1.378,3.55,,0.9235
2021-11-16,3521.787,1.8445,1.243,1.1346,1.132,1.1688657712607076,1.8766,1.3842,3.578,,0.9278
2021-11-17,3537.366,1.845,1.243,1.1329,1.14,1.168929188359706,1.9002,1.3816,3.579,,0.9113
2021-11-18,3520.711,1.8288,1.243,1.1259,1.138,1.1689926088994147,1.9004,1.3845,3.61,,0.9139
2021-11-19,3560.373,1.8461,1.243,1.135,1.153,1.1690560328800204,1.9281,1.385,3.63,,0.8884
2021-11-22,3582.08,1.8561,1.244,1.141,1.155,1.169246325469086,1.95,1.3705,3.595,,0.9014
2021-11-23,3589.089,1.8547,1.244,1.1419,1.161,1.1693097632151463,1.9618,1.3484,3.578,,0.9263
2021-11-24,3592.703,1.8557,1.245,1.1442,1.167,1.1693732044030372,1.9637,1.3388,3.589,,0.9241
2021-11-25,3584.179,1.8491,1.245,1.1442,1.162,1.169436649032945,1.9673,1.3382,3.594,,0.923
2021-11-26,3564.089,1.8382,1.246,1.1387,1.154,1.169500097105057,1.9695,1.3464,3.517,,0.8298
2021-11-29,3562.697,1.8377,1.246,1.1381,1.148,1.1696904619764845,1.9587,1.3376,3.594,,0.8391
2021-11-30,3563.887,1.8314,1.246,1.1286,1.15,1.16975392381928,1.9702,1.334,3.533,,0.8032
2021-12-01,3576.885,1.8343,1.245,1.1202,1.161,1.1698173891052133,1.9888,1.3297,3.471,,0.7948
2021-12-02,3573.836,1.8357,1.245,1.118,1.166,1.1698808578344713,1.9736,1.3238,3.497,,0.8033
2021-12-03,3607.432,1.8504,1.245,1.1152,1.175,1.1699443300072405,1.9871,1.3222,3.437,,0.8059
2021-12-06,3589.306,1.847,1.247,1.109,1.166,1.170134767188486,1.9651,1.3318,3.464,,0.8347
2021-12-07,3595.088,1.8544,1.246,1.1195,1.176,1.1701982531371697,1.9539,1.3302,3.57,,0.8586
2021-12-08,3637.568,1.8799,1.246,1.1207,1.182,1.170261742530299,1.9722,1.3311,3.581,,0.8669
2021-12-09,3673.041,1.908,1.247,1.1231,1.189,1.170325235368061,1.9719,1.3273,3.518,,0.848
2021-12-10,3666.348,1.9037,1.247,1.1279,1.182,1.1703887316506425,1.9773,1.3245,3.569,,0.8596
2021-12-13,3681.082,1.911,1.247,1.1216,1.182,1.1705792411691727,1.9875,1.3302,3.512,,0.8528
2021-12-14,3661.525,1.8975,1.247,1.113,1.168,1.1706427512329012,1.9774,1.3307,3.476,,0.8438
2021-12-15,3647.63,1.882,1.248,1.1099,1.172,1.1707062647423838,1.978,1.3175,3.56,,0.849
2021-12-16,3675.016,1.8896,1.248,1.1094,1.189,1.1707697816978073,2.0061,1.3291,3.463,,0.8569
2021-12-17,3632.364,1.8604,1.248,1.1081,1.182,1.1708333020993589,1.988,1.3455,3.45,,0.8401
2021-12-20,3593.602,1.8361,1.248,1.093,1.172,1.1710238839826512,1.9543,1.3425,3.427,,0.8231
2021-12-21,3625.125,1.8475,1.248,1.0962,1.193,1.1710874181705846,1.9807,1.3348,3.494,,0.8488
2021-12-22,3622.618,1.8467,1.248,1.0983,1.188,1.171150955805581,1.9979,1.331,3.537,,0.8601
2021-12-23,3643.339,1.8564,1.248,1.0958,1.191,1.171214496887827,1.9974,1.345,3.562,,0.8716
2021-12-24,3618.054,1.8468,1.248,1.0958,1.181,1.1712780414175104,1.9627,1.3481,3.564,,0.8705
2021-12-27,3615.974,1.8444,1.249,1.0958,1.186,1.1714686956930527,1.9698,1.3467,3.62,,0.885
2021-12-28,3630.112,1.8614,1.249,1.0956,1.184,1.1715322540143542,1.9852,1.351,3.605,,0.8874
2021-12-29,3597.0,1.8358,1.25,1.0925,1.181,1.1715958157840283,1.9923,1.3444,3.606,,0.8998
2021-12-30,3619.189,1.8493,1.251,1.0927,1.184,1.1716593810022617,2.0044,1.3376,3.589,,0.9017
2021-12-31,3639.775,1.8536,1.251,1.0997,1.194,1.1717229496692418,2.014,1.3521,3.569,,0.8906
2022-01-04,3632.329,1.8394,1.251,1.1011,1.205,1.171977258828369,2.0276,1.3428,3.563,,0.9109
2022-01-05,3595.176,1.8214,1.251,1.0894,1.201,1.1720408447418882,1.9954,1.3483,3.451,,0.9127
2022-01-06,3586.079,1.8024,1.251,1.0838,1.206,1.1721044341052769,2.0161,1.3414,3.447,,0.9298
2022-01-07,3579.543,1.8032,1.251,1.0816,1.211,1.172168026918722,1.9996,1.3323,3.409,,0.9273
2022-01-10,3593.519,1.8117,1.251,1.0849,1.222,1.1723588260612685,2.0272,1.3339,3.41,,0.9177
2022-01-11,3567.441,1.7995,1.252,1.0859,1.228,1.1724224326768116,2.0239,1.3451,3.461,,0.9446
2022-01-12,3597.432,1.8193,1.252,1.089,1.224,1.1724860427433472,2.0447,1.35,3.473,,0.9548
2022-01-13,3555.259,1.7952,1.252,1.077,1.218,1.1725496562610627,2.0276,1.3536,3.378,,0.9469
2022-01-14,3521.256,1.7796,1.252,1.0691,1.198,1.1726132732301449,2.0138,1.3531,3.41,,0.9687
2022-01-17,3541.666,1.7943,1.253,1.0691,1.202,1.1728041448474666,2.0387,1.3484,3.406,,0.9694
2022-01-18,3569.914,1.8107,1.253,1.0468,1.215,1.1728677756238897,2.0362,1.344,3.315,,0.9804
2022-01-19,3558.18,1.7969,1.254,1.0714,1.222,1.1729314098526162,2.0392,1.3444,3.284,,0.9885
2022-01-20,3555.063,1.8082,1.255,1.0913,1.219,1.1729950475338333,1.992,1.3608,3.234,,0.9833
2022-01-21,3522.568,1.7938,1.255,1.1051,1.21,1.1730586886677283,1.9778,1.3619,3.146,,0.9809
2022-01-24,3524.105,1.7973,1.256,1.1064,1.208,1.173249632787355,1.9825,1.3583,3.157,,0.9654
2022-01-25,3433.061,1.7623,1.256,1.1043,1.171,1.1733132877338353,1.9038,1.3603,3.079,,0.9789
2022-01-26,3455.668,1.7754,1.256,1.1023,1.178,1.1733769461339305,1.9285,1.3617,3.076,,0.9904
2022-01-27,3394.247,1.7463,1.256,1.0953,1.164,1.1734406079878277,1.8804,1.3387,3.045,,0.9931
2022-01-28,3361.44,1.725,1.256,1.0844,1.157,1.1735042732957144,1.8863,1.3337,3.16,,1.0011
2022-02-07,3429.581,1.7515,1.257,1.0823,1.184,1.1741411163852364,1.9262,1.3414,3.178,,1.0379
2022-02-08,3452.629,1.7407,1.257,1.0766,1.207,1.1742048196993782,1.9567,1.3477,3.216,,1.0167
2022-02-09,3479.946,1.7578,1.257,1.0861,1.212,1.1742685264697585,1.9839,1.354,3.287,,1.0296
2022-02-10,3485.907,1.7488,1.257,1.0915,1.225,1.1743322366965656,1.9893,1.3572,3.208,,1.029
2022-02-11,3462.948,1.7368,1.256,1.0864,1.226,1.1743959503799866,1.957,1.3506,3.114,,1.049
2022-02-14,3428.882,1.7228,1.257,1.0581,1.205,1.1745871121718088,1.9485,1.3723,3.116,,1.0585
2022-02-15,3446.089,1.7424,1.257,1.0503,1.199,1.174650839683561,1.9616,1.3875,3.19,,1.0291
2022-02-16,3465.831,1.7514,1.257,1.0497,1.21,1.1747145706528652,1.9875,1.3688,3.18,,1.0276
2022-02-17,3468.035,1.7573,1.257,1.0415,1.207,1.1747783050799088,1.9889,1.3808,3.08,,1.0233
2022-02-18,3490.757,1.7623,1.257,1.0444,1.23,1.1748420429648792,2.0072,1.3926,3.046,,1.0307
2022-02-21,3490.612,1.7566,1.257,1.0444,1.237,1.1750332773692285,2.0356,1.392,3.048,,1.0361
2022-02-22,3457.146,1.7394,1.256,1.0315,1.226,1.1750970290877831,2.0148,1.41,3.022,,1.0502
2022-02-23,3489.147,1.7616,1.256,1.029,1.222,1.1751607842652028,2.049,1.3961,2.936,,1.0559
2022-02-24,3429.956,1.7301,1.256,1.0026,1.2,1.1752245429016752,2.0011,1.4266,3.035,,1.0711
2022-02-25,3451.406,1.7481,1.256,0.9885,1.199,1.1752883049973881,2.0189,1.4085,3.085,,1.0481
2022-02-28,3462.306,1.7525,1.256,0.9832,1.202,1.1754796120418463,2.0246,1.3976,3.089,,1.0744
2022-03-01,3488.835,1.7652,1.256,0.9774,1.21,1.175543387976398,2.0429,1.4017,3.029,,1.1382
2022-03-02,3484.192,1.7508,1.256,0.9762,1.217,1.1756071673711286,2.0496,1.4249,3.096,,1.1888
2022-03-03,3481.113,1.7419,1.256,0.9685,1.23,1.1756709502262257,2.0494,1.4158,3.036,,1.1852
2022-03-04,3447.649,1.7224,1.256,0.9506,1.224,1.1757347365418775,2.0295,1.423,3.006,,1.2456
2022-03-07,3372.855,1.6723,1.256,0.9497,1.211,1.1759261162540369,1.994,1.45,2.902,,1.3101
2022-03-08,3293.53,1.6422,1.255,0.9017,1.173,1.1759899164137841,1.9299,1.4789,2.879,,1.3534
2022-03-09,3256.388,1.6308,1.255,0.896,1.159,1.1760537200350245,1.9038,1.4982,2.988,,1.2131
2022-03-10,3296.092,1.6596,1.255,0.8918,1.173,1.176117527117946,1.9383,1.4528,2.951,,1.1813
2022-03-11,3309.747,1.6646,1.255,0.8829,1.18,1.1761813376627366,1.9558,1.458,2.898,,1.2058
2022-03-14,3223.533,1.6189,1.256,0.8633,1.154,1.1763727900702,1.9053,1.4475,2.852,,1.1545
2022-03-15,3063.965,1.5569,1.255,0.8487,1.089,1.1764366144643443,1.7997,1.4225,2.953,,1.1068
2022-03-16,3170.71,1.6193,1.255,0.8751,1.115,1.176500442321297,1.8529,1.413,3.064,,1.1
2022-03-17,3215.045,1.6479,1.255,0.9076,1.132,1.1765642736412458,1.8873,1.4227,3.08,,1.1664
2022-03-18,3251.072,1.6554,1.255,0.9007,1.159,1.1766281084243784,1.9184,1.4285,3.146,,1.1793
2022-03-21,3253.686,1.6543,1.256,0.9144,1.162,1.176819633554759,1.94,1.4216,3.149,,1.2552
2022-03-22,3259.862,1.6517,1.256,0.9225,1.035,1.1768834821925063,1.9409,1.4305,3.209,,1.2435
2022-03-23,3271.033,1.6644,1.256,0.9323,1.036,1.176947334294377,1.9476,1.4218,3.158,,1.292
2022-03-24,3250.264,1.6591,1.256,0.9483,1.034,1.1770111898605593,1.9349,1.4365,3.231,,1.2684
2022-03-25,3212.24,1.6319,1.257,0.9482,1.031,1.177075048891241,1.9277,1.444,3.234,,1.2824
2022-03-28,3214.503,1.6231,1.257,0.9652,1.04,1.1772666467721622,1.9254,1.4317,3.283,,1.2004
2022-03-29,3203.939,1.6217,1.257,0.9923,1.038,1.1773305196627213,1.9193,1.4225,3.333,,1.2062
2022-03-30,3266.596,1.6646,1.258,1.0158,1.052,1.1773943960187196,1.9493,1.4211,3.293,,1.2371
2022-03-31,3252.203,1.654,1.258,1.019,1.062,1.1774582758403453,1.9476,1.4226,3.238,,1.1919
2022-04-01,3282.717,1.6728,1.258,1.0178,1.074,1.1775221591277865,1.9482,1.4265,3.244,,1.1875
2022-04-06,3283.426,1.6633,1.26,1.0528,1.091,1.1778416275588046,1.9594,1.4195,3.18,,1.1804
2022-04-07,3236.695,1.6431,1.261,1.0405,1.073,1.1779055316450873,1.9273,1.4231,3.18,,1.1641
2022-04-08,3251.85,1.6489,1.261,1.0428,1.084,1.1779694391985018,1.9352,1.4261,3.135,,1.1824
2022-04-11,3167.126,1.5997,1.261,1.0315,1.062,1.1781611826634175,1.8924,1.4374,3.062,,1.155
2022-04-12,3213.33,1.6307,1.261,1.0335,1.06,1.1782251040872407,1.9115,1.4443,3.058,,1.2132
2022-04-13,3186.824,1.6176,1.262,1.0362,1.06,1.1782890289791363,1.9028,1.4502,3.116,,1.2421
2022-04-14,3225.641,1.6374,1.262,1.0391,1.082,1.1783529573392928,1.9273,1.4554,3.036,,1.2513
2022-04-15,3211.245,1.6351,1.262,1.0391,1.078,1.178416889167898,1.8904,1.459,3.052,,1.2582
2022-04-18,3195.524,1.6267,1.262,1.0391,1.062,1.1786087054662886,1.8951,1.4673,3.05,,1.2635
2022-04-19,3194.029,1.6165,1.262,1.0339,1.072,1.1786726511705712,1.9167,1.4602,3.113,,1.2222
2022-04-20,3151.05,1.5928,1.262,1.0314,1.043,1.1787366003442437,1.8869,1.4426,3.08,,1.2321
2022-04-21,3079.808,1.5647,1.262,1.0265,1.021,1.178800552987494,1.8252,1.4558,3.024,,1.2471
2022-04-22,3086.919,1.5709,1.263,1.0335,1.034,1.178864509100511,1.8187,1.4631,2.967,,1.2305
2022-04-25,2928.512,1.4979,1.263,1.0314,0.984,1.1790563982600422,1.6917,1.457,3.02,,1.1959
2022-04-26,2886.426,1.4877,1.264,1.0464,0.969,1.179120368254007,1.6445,1.4432,2.934,,1.2431
2022-04-27,2958.282,1.5318,1.264,1.0456,0.981,1.1791843417186796,1.7124,1.445,2.933,,1.2394
2022-04-28,2975.485,1.539,1.264,1.0498,0.995,1.1792483186542482,1.7005,1.4423,3.035,,1.2642
2022-04-29,3047.062,1.5767,1.264,1.0685,1.019,1.179312299060901,1.7587,1.4614,2.924,,1.2744
2022-05-05,3067.759,1.573,1.264,1.0545,1.024,1.179696254404136,1.7862,1.4529,2.901,,1.307
2022-05-06,3001.561,1.5352,1.265,1.0554,0.997,1.1797602591136527,1.7748,1.4538,2.895,,1.3431
2022-05-09,3004.141,1.5227,1.265,1.0554,0.998,1.179952294078504,1.7901,1.4568,2.804,,1.2738
2022-05-10,3035.844,1.5426,1.266,1.0589,0.999,1.1800163126795162,1.8045,1.4514,2.85,,1.2484
2022-05-11,3058.703,1.5639,1.266,1.0624,0.998,1.1800803347538733,1.8068,1.444,2.77,,1.301
2022-05-12,3054.994,1.5599,1.266,1.0517,0.996,1.1801443603017636,1.8168,1.4525,2.765,,1.3126
2022-05-13,3084.285,1.5728,1.267,1.0664,1.018,1.1802083893233757,1.8298,1.4397,2.89,,1.3538
2022-05-16,3073.749,1.5603,1.267,1.0731,1.024,1.1804004972324278,1.8318,1.4296,2.856,,1.3742
2022-05-17,3093.697,1.5791,1.267,1.0763,1.02,1.1804645401508118,1.834,1.4328,2.93,,1.362
2022-05-18,3085.977,1.5725,1.268,1.0764,1.011,1.1805285865438602,1.8309,1.4243,2.766,,1.3144
2022-05-19,3096.965,1.5775,1.268,1.0784,1.016,1.1805926364117614,1.8434,1.4247,2.758,,1.3306
2022-05-20,3146.567,1.6035,1.268,1.0811,1.028,1.1806566897547037,1.8705,1.4311,2.747,,1.3465
2022-05-23,3146.857,1.5959,1.269,1.0676,1.031,1.1808488706356641,1.8953,1.4365,2.763,,1.337
2022-05-24,3070.927,1.56,1.269,1.0608,1.007,1.180912937880657,1.8242,1.4401,2.696,,1.3336
2022-05-25,3107.464,1.5663,1.269,1.0589,1.021,1.1809770086016342,1.8596,1.4406,2.735,,1.3393
2022-05-26,3123.108,1.5689,1.27,1.0613,1.031,1.181041082798784,1.8723,1.4457,2.819,,1.376
2022-05-27,3130.239,1.5742,1.271,1.0692,1.031,1.1811051604722953,1.8763,1.4516,2.937,,1.3979
2022-05-30,3149.061,1.5864,1.27,1.0692,1.031,1.1812974143528823,1.8905,1.4395,2.922,,1.3998
2022-05-31,3186.427,1.6066,1.269,1.0686,1.032,1.1813615059337248,1.9039,1.4367,2.894,,1.3956
2022-06-01,3182.157,1.6059,1.268,1.0697,1.037,1.1814256009918715,1.9159,1.4272,2.875,,1.3951
2022-06-02,3195.458,1.6116,1.268,1.0744,1.03,1.1814896995275115,1.9193,1.436,2.972,,1.4206
2022-06-06,3236.372,1.643,1.267,1.0734,1.038,1.1817461284487758,1.9597,1.4319,2.888,,1.4317
2022-06-07,3241.764,1.6481,1.267,1.0752,1.044,1.1818102443747114,1.9645,1.4292,2.912,,1.4509
2022-06-08,3263.793,1.6635,1.267,1.0951,1.052,1.1818743637792724,1.968,1.4319,2.889,,1.4797
2022-06-09,3238.954,1.6467,1.267,1.097,1.049,1.1819384866626474,1.9462,1.4366,2.818,,1.4781
2022-06-10,3284.834,1.6753,1.268,1.0966,1.058,1.1820026130250252,1.995,1.4325,2.726,,1.4612
2022-06-13,3255.551,1.66,1.268,1.0841,1.046,1.1821950129880625,2.0093,1.4529,2.609,,1.4644
2022-06-14,3288.907,1.6728,1.268,1.0886,1.058,1.1822591532683389,2.0146,1.4291,2.626,,1.4691
2022-06-15,3305.407,1.6911,1.268,1.0957,1.059,1.182323297028562,1.9982,1.4214,2.691,,1.4372
2022-06-16,3285.385,1.6825,1.268,1.0844,1.045,1.1823874442689204,1.9987,1.4244,2.57,,1.4242
2022-06-17,3316.786,1.7071,1.268,1.0802,1.047,1.1824515949896033,2.0146,1.4345,2.595,,1.3643
2022-06-20,3315.43,1.7157,1.268,1.0802,1.044,1.1826440680354853,2.0217,1.4298,2.601,,1.367
2022-06-21,3306.719,1.7146,1.269,1.0923,1.044,1.1827082326793534,2.0042,1.4255,2.654,,1.3712
2022-06-22,3267.202,1.6968,1.269,1.0938,1.031,1.18277240080449,1.9844,1.4268,2.659,,1.3295
2022-06-23,3320.149,1.7254,1.269,1.0938,1.044,1.1828365724110839,2.0144,1.4277,2.696,,1.3087
2022-06-24,3349.747,1.7464,1.269,1.0855,1.045,1.1829007474993243,2.0386,1.4196,2.786,,1.337
2022-06-27,3379.185,1.7625,1.269,1.0884,1.054,1.1830932936558114,2.0591,1.427,2.758,,1.3527
2022-06-28,3409.21,1.7824,1.269,1.0902,1.063,1.1831574826725257,2.0856,1.4193,2.678,,1.3821
2022-06-29,3361.518,1.7564,1.269,1.088,1.059,1.1832216751718307,2.045,1.4152,2.686,,1.3738
2022-06-30,3398.616,1.7809,1.269,1.085,1.064,1.1832858711539156,2.0665,1.4118,2.653,,1.3323
2022-07-01,3387.637,1.7766,1.269,1.085,1.068,1.1833500706189692,2.0848,1.4003,2.663,,1.3402
2022-07-04,3405.427,1.7891,1.269,1.085,1.072,1.1835426899138326,2.1175,1.4071,2.67,,1.3555
2022-07-05,3404.025,1.7919,1.269,1.0836,1.074,1.183606903312651,2.118,1.4054,2.712,,1.2429
2022-07-06,3355.35,1.773,1.269,1.0829,1.055,1.1836711201953831,2.0857,1.3793,2.737,,1.2253
2022-07-07,3364.398,1.7785,1.27,1.0758,1.06,1.183735340562218,2.0988,1.3603,2.791,,1.2752
2022-07-08,3356.078,1.7723,1.27,1.0727,1.061,1.1837995644133446,2.0901,1.3563,2.793,,1.298
2022-07-11,3313.584,1.7416,1.27,1.0508,1.048,1.1839922568743655,2.068,1.3573,2.728,,1.291
2022-07-12,3281.467,1.7258,1.271,1.0444,1.048,1.1840564946645495,2.0347,1.3597,2.713,,1.2193
2022-07-13,3284.292,1.7273,1.271,1.0342,1.049,1.1841207359399708,2.0483,1.351,2.709,,1.2201
2022-07-14,3281.744,1.7264,1.272,1.0402,1.038,1.184184980700818,2.0702,1.3497,2.717,,1.2062
2022-07-15,3228.061,1.7061,1.272,1.0361,1.02,1.1842492289472806,2.0419,1.341,2.775,,1.2359
2022-07-18,3278.103,1.7163,1.273,1.0345,1.041,1.184441994602251,2.0792,1.3481,2.749,,1.2807
2022-07-19,3279.431,1.7106,1.273,1.0185,1.044,1.1845062567930658,2.105,1.3427,2.834,,1.292
2022-07-20,3304.724,1.7177,1.274,1.0156,1.047,1.1845705224704415,2.124,1.3427,2.878,,1.2915
2022-07-21,3272.001,1.7003,1.275,1.0212,1.032,1.1846347916345674,2.1017,1.3328,2.924,,1.265
2022-07-22,3269.974,1.7018,1.274,1.0169,1.029,1.1846990642856323,2.0877,1.3536,2.87,,1.2578
2022-07-25,3250.388,1.6937,1.275,1.0201,1.028,1.184891903162355,2.0804,1.3589,2.855,,1.2709
2022-07-26,3277.436,1.7068,1.276,1.0337,1.042,1.1849561897630692,2.0994,1.3591,2.798,,1.2636
2022-07-27,3275.755,1.697,1.276,1.0275,1.043,1.1850204798516684,2.1103,1.3553,2.923,,1.2995
2022-07-28,3282.576,1.694,1.276,1.0361,1.047,1.1850847734283423,2.1249,1.3672,2.938,,1.2928
2022-07-29,3253.238,1.6724,1.277,1.0269,1.04,1.1851490704932799,2.1107,1.3832,2.991,,1.3135
2022-08-01,3259.959,1.682,1.278,1.0208,1.043,1.185341982619568,2.1235,1.3875,2.99,,1.2593
2022-08-02,3186.266,1.6494,1.279,1.0024,1.016,1.1854062936394534,2.0471,1.3951,2.981,,1.2721
2022-08-03,3163.674,1.6361,1.28,1.0048,1.003,1.1854706081485489,2.0318,1.3895,3.075,,1.2508
2022-08-04,3189.039,1.6503,1.281,0.995,1.008,1.1855349261470438,2.0597,1.3941,3.081,,1.2066
2022-08-05,3227.027,1.6729,1.28,0.9888,1.016,1.1855992476351274,2.0877,1.4055,3.049,,1.2103
2022-08-08,3236.934,1.6706,1.28,0.9865,1.028,1.1857922330388047,2.1147,1.3977,3.049,,1.237
2022-08-09,3247.432,1.6758,1.28,0.9847,1.031,1.185856568487137,2.1332,1.4025,3.01,,1.2383
2022-08-10,3230.02,1.6581,1.279,0.9824,1.026,1.1859209074260046,2.1336,1.4059,3.096,,1.2415
2022-08-11,3281.665,1.6897,1.279,0.9797,1.039,1.1859852498555974,2.1664,1.4004,3.065,,1.2684
2022-08-12,3276.888,1.6876,1.279,0.9947,1.045,1.1860495957761044,2.1707,1.4052,3.13,,1.2557
2022-08-15,3276.087,1.6906,1.282,1.0014,1.047,1.1862426544850049,2.1858,1.407,3.152,,1.2172
2022-08-16,3277.885,1.6888,1.283,1.0262,1.052,1.1863070143710632,2.202,1.4054,3.159,,1.2019
2022-08-17,3292.526,1.7019,1.283,1.0292,1.056,1.1863713777489828,2.1995,1.4,3.127,,1.2138
2022-08-18,3277.544,1.6905,1.284,1.0333,1.048,1.1864357446189533,2.2034,1.3944,3.132,,1.2484
2022-08-19,3258.078,1.6776,1.284,1.043,1.054,1.186500114981164,2.1818,1.3908,3.083,,1.2549
2022-08-22,3277.794,1.693,1.284,1.0612,1.063,1.186693247023133,2.21,1.3871,3.005,,1.2534
2022-08-23,3276.223,1.6829,1.284,1.0741,1.067,1.1867576313561998,2.2179,1.3945,3.016,,1.3006
2022-08-24,3215.203,1.6522,1.284,1.0777,1.049,1.1868220191824546,2.1554,1.4001,3.019,,1.3106
2022-08-25,3246.248,1.6625,1.283,1.0927,1.067,1.1868864105020864,2.1621,1.4042,3.078,,1.3052
2022-08-26,3236.223,1.6615,1.283,1.1054,1.063,1.1869508053152853,2.1562,1.4058,2.95,,1.2864
2022-08-29,3240.728,1.6543,1.283,1.0963,1.07,1.187144010718178,2.1698,1.3953,2.931,,1.3188
2022-08-30,3227.22,1.6513,1.284,1.0978,1.063,1.1872084195075396,2.1559,1.4003,2.902,,1.2879
2022-08-31,3202.138,1.6471,1.284,1.1025,1.051,1.187272831791416,2.097,1.3929,2.89,,1.2571
2022-09-01,3184.98,1.6358,1.284,1.0996,1.058,1.1873372475699966,2.0949,1.3837,2.888,,1.2182
2022-09-02,3186.478,1.6267,1.284,1.0925,1.056,1.187401666843471,2.114,1.3835,2.85,,1.232
2022-09-05,3199.912,1.6222,1.285,1.0925,1.07,1.1875949456351536,2.1189,1.3935,2.853,,1.2381
2022-09-06,3243.447,1.6381,1.286,1.091,1.089,1.1876593788900998,2.1553,1.3994,2.837,,1.2319
2022-09-07,3246.294,1.6406,1.286,1.0918,1.087,1.187723815640888,2.1566,1.3944,2.897,,1.1746
2022-09-08,3235.586,1.6339,1.286,1.0897,1.084,1.1877882558877078,2.1353,1.4028,2.91,,1.1779
2022-09-09,3262.054,1.6518,1.285,1.0975,1.095,1.187852699630749,2.1323,1.4041,2.971,,1.2189
2022-09-13,3263.797,1.654,1.285,1.0945,1.086,1.188110509568922,2.1349,1.4016,2.835,,1.2297
2022-09-14,3237.542,1.6353,1.285,1.093,1.077,1.1881749707959157,2.1105,1.392,2.866,,1.2471
2022-09-15,3199.919,1.6176,1.285,1.102,1.075,1.1882394355202692,2.0597,1.3874,2.817,,1.2022
2022-09-16,3126.398,1.5845,1.285,1.1008,1.044,1.188303903742172,2.014,1.3845,2.809,,1.2108
2022-09-19,3115.602,1.5856,1.285,1.0966,1.046,1.188497329395075,1.9973,1.3834,2.834,,1.2138
2022-09-20,3122.406,1.5897,1.285,1.0984,1.047,1.188561811609073,2.0218,1.3879,2.813,,1.1972
2022-09-21,3117.177,1.5812,1.286,1.0933,1.054,1.1886262973215698,2.0251,1.3917,2.766,,1.1921
2022-09-22,3108.91,1.569,1.286,1.0927,1.053,1.1886907865327545,2.0205,1.3883,2.743,,1.2037
2022-09-23,3088.37,1.5663,1.286,1.0926,1.043,1.188755279242817,1.9852,1.3961,2.703,,1.149
2022-09-26,3051.226,1.5571,1.285,1.0947,1.027,1.1889487783681714,1.9532,1.3883,2.703,,1.1272
2022-09-27,3093.862,1.5751,1.285,1.0971,1.037,1.1890132850756445,1.9988,1.3888,2.722,,1.1487
2022-09-28,3045.067,1.5484,1.284,1.0838,1.024,1.1890777952829445,1.9539,1.3885,2.789,,1.1915
2022-09-29,3041.205,1.5512,1.284,1.0743,1.021,1.189142308990262,1.9649,1.3997,2.71,,1.1915
2022-09-30,3024.391,1.5364,1.283,1.0756,1.024,1.1892068261977864,1.9494,1.4032,2.661,,1.1691
2022-10-10,2974.145,1.5044,1.285,1.0756,1.022,1.1898521908261992,1.9299,1.4127,2.65,,1.3086
2022-10-11,2979.793,1.5096,1.285,1.0556,1.023,1.1899167465485365,1.9442,1.4105,2.621,,1.2764
2022-10-12,3025.506,1.5319,1.285,1.0491,1.037,1.1899813057733606,1.9892,1.4123,2.62,,1.2605
2022-10-13,3016.356,1.5209,1.285,1.0373,1.027,1.190045868500861,2.0065,1.4133,2.679,,1.2839
2022-10-14,3071.987,1.5588,1.286,1.0353,1.041,1.1901104347312281,2.0606,1.4117,2.597,,1.2522
2022-10-17,3084.942,1.5553,1.286,1.0132,1.039,1.1903041544414297,2.0827,1.4064,2.685,,1.2489
2022-10-18,3080.957,1.5515,1.287,1.0139,1.038,1.190368734685164,2.0917,1.406,2.705,,1.2225
2022-10-19,3044.378,1.532,1.287,1.0089,1.031,1.190433318432715,2.0785,1.4032,2.695,,1.242
2022-10-20,3035.05,1.5194,1.286,0.9979,1.022,1.190497905684273,2.0652,1.398,2.684,,1.257
2022-10-21,3038.929,1.5137,1.286,0.998,1.026,1.1905624964400285,2.0806,1.3991,2.747,,1.2583
2022-10-24,2977.555,1.4727,1.287,0.9681,1.004,1.1907562897343789,2.0578,1.4144,2.777,,1.2594
2022-10-25,2976.283,1.4737,1.287,0.957,0.999,1.1908208945088241,2.0584,1.4161,2.85,,1.2707
2022-10-26,2999.504,1.4869,1.287,0.9475,0.997,1.1908855027884173,2.0977,1.417,2.785,,1.3053
2022-10-27,2982.903,1.4812,1.287,0.9406,0.998,1.1909501145733485,2.0883,1.4139,2.732,,1.3176
2022-10-28,2915.926,1.4466,1.288,0.9091,0.973,1.191014729863808,2.0156,1.4121,2.821,,1.3046
2022-10-31,2893.483,1.4312,1.288,0.892,0.956,1.191208596770258,2.0198,1.4089,2.79,,1.2874
2022-11-01,2969.2,1.4762,1.288,0.8928,0.967,1.1912732260847323,2.0744,1.4098,2.773,,1.3197
2022-11-02,3003.37,1.4926,1.287,0.9092,0.98,1.191337858905686,2.0971,1.412,2.684,,1.3397
2022-11-03,2997.806,1.4842,1.288,0.9062,0.975,1.1914024952333093,2.1012,1.4098,2.641,,1.3306
2022-11-04,3070.796,1.5305,1.287,0.9162,0.995,1.1914671350677923,2.1343,1.4119,2.684,,1.3822
2022-11-07,3077.817,1.535,1.287,0.936,1.001,1.1916610756143033,2.1471,1.4184,2.705,,1.3815
2022-11-08,3064.493,1.5253,1.287,0.9495,1.001,1.1917257294781283,2.1361,1.4211,2.72,,1.3463
2022-11-09,3048.168,1.5115,1.287,0.9844,1.001,1.1917903868497646,2.1366,1.4504,2.658,,1.2989
2022-11-10,3036.132,1.4987,1.286,0.9897,1.0,1.1918550477294025,2.1196,1.4478,2.859,,1.3104
2022-11-11,3087.293,1.5345,1.285,0.9897,1.02,1.1919197121172322,2.1283,1.4646,2.892,,1.3339
2022-11-14,3083.401,1.533,1.282,1.1174,1.02,1.192113726331776,2.1168,1.4482,2.829,,1.2808
2022-11-15,3134.078,1.5591,1.281,1.1275,1.029,1.1921784047542767,2.1505,1.4563,2.853,,1.2821
2022-11-16,3119.98,1.5464,1.28,1.1312,1.025,1.1922430866859213,2.1435,1.4625,2.811,,1.2619
2022-11-17,3115.435,1.5377,1.28,1.1239,1.02,1.1923077721268998,2.1458,1.4645,2.816,,1.2383
2022-11-18,3097.243,1.5312,1.28,1.1314,1.014,1.1923724610774025,2.1336,1.4621,2.831,,1.2227
2022-11-21,3085.044,1.5217,1.281,1.1232,1.014,1.1925665489879622,2.1416,1.4551,2.807,,1.2087
2022-11-22,3088.943,1.5208,1.281,1.132,1.017,1.1926312519784672,2.1237,1.4558,2.861,,1.2496
2022-11-23,3096.907,1.5253,1.282,1.1316,1.021,1.1926959584794488,2.1175,1.4538,2.875,,1.1997
2022-11-24,3089.31,1.519,1.283,1.1316,1.027,1.1927606684910974,2.1243,1.4592,2.872,,1.2005
2022-11-25,3101.693,1.5218,1.283,1.1656,1.039,1.1928253820136037,2.1027,1.4609,2.857,,1.1989
2022-11-28,3078.549,1.5032,1.283,1.1824,1.034,1.1930195436481723,2.0868,1.4629,2.827,,1.1911
2022-11-29,3149.748,1.5425,1.282,1.2177,1.06,1.1930842712160137,2.1192,1.462,2.819,,1.2162
2022-11-30,3151.335,1.544,1.282,1.2205,1.056,1.193149002295665,2.1211,1.4587,2.937,,1.2472
2022-12-01,3165.471,1.5591,1.282,1.2233,1.053,1.193213736887317,2.1333,1.4643,2.922,,1.2477
2022-12-02,3156.144,1.5516,1.282,1.2149,1.048,1.19327847499116,2.1408,1.4735,2.886,,1.2208
2022-12-05,3211.814,1.5753,1.282,1.2458,1.063,1.1934727103777418,2.1521,1.4604,2.831,,1.1881
2022-12-06,3212.533,1.5847,1.281,1.2432,1.062,1.1935374625322552,2.1439,1.4505,2.754,,1.1314
2022-12-07,3199.619,1.5856,1.28,1.2476,1.056,1.1936022181999126,2.1391,1.4467,2.749,,1.1099
2022-12-08,3197.35,1.5872,1.28,1.2455,0.952,1.1936669773809045,2.1296,1.4502,2.769,,1.0852
2022-12-09,3206.95,1.6002,1.279,1.2529,0.954,1.1937317400754217,2.1264,1.4549,2.751,,1.0909
2022-12-12,3179.042,1.5832,1.279,1.2526,0.938,1.1939260492420312,2.1131,1.4516,2.783,,1.11
2022-12-13,3176.326,1.5775,1.277,1.2576,0.941,1.1939908259925558,2.0996,1.4557,2.819,,1.1383
2022-12-14,3176.525,1.5821,1.278,1.255,0.938,1.1940556062575587,2.0912,1.4698,2.79,,1.157
2022-12-15,3168.648,1.5837,1.278,1.2522,0.931,1.194120390037231,2.1059,1.454,2.691,,1.1338
2022-12-16,3167.858,1.5831,1.278,1.2605,0.937,1.194185177331763,2.0747,1.451,2.682,,1.1196
2022-12-19,3107.115,1.561,1.28,1.2587,0.92,1.1943795603064253,2.0324,1.4585,2.645,,1.1344
2022-12-20,3073.766,1.5362,1.28,1.2575,0.912,1.194444361662304,2.0344,1.4585,2.646,,1.1347
2022-12-21,3068.411,1.5347,1.281,1.2545,0.912,1.194509166533996,2.0114,1.4731,2.677,,1.1596
2022-12-22,3054.431,1.5338,1.281,1.2595,0.904,1.1945739749216921,1.9828,1.4733,2.614,,1.1592
2022-12-23,3045.866,1.5296,1.282,1.2579,0.902,1.1946387868255832,1.9717,1.4693,2.624,,1.1795
2022-12-26,3065.563,1.5356,1.283,1.2579,0.902,1.1948332436363343,2.0058,1.4644,2.624,,1.1797
2022-12-27,3095.568,1.5529,1.283,1.2579,0.91,1.1948980696069131,2.0164,1.466,2.575,,1.1781
2022-12-28,3087.4,1.5469,1.283,1.2518,0.91,1.1949628990946408,1.9929,1.4697,2.547,,1.1703
2022-12-29,3073.702,1.5414,1.283,1.2532,0.902,1.1950277320997085,1.9817,1.4636,2.614,,1.171
2022-12-30,3089.258,1.5476,1.284,1.2518,0.908,1.1950925686223066,1.9928,1.4748,2.607,,1.1871
2022-12-31,3089.258,1.5476,1.284,1.2517,0.908,1.195157408662626,1.9927,1.4748,2.607,,1.1871
2023-01-03,3116.512,1.5533,1.285,1.2524,0.914,1.195351949891822,2.038,1.4808,2.583,,1.1597
2023-01-04,3123.516,1.551,1.286,1.259,0.92,1.1954168040049358,2.0486,1.4863,2.584,,1.1019
2023-01-05,3155.216,1.5801,1.287,1.2617,0.923,1.1954816616367254,2.0656,1.483,2.537,,1.1062
2023-01-06,3157.637,1.5878,1.286,1.2692,0.922,1.195546522787382,2.0725,1.4708,2.605,,1.1093
2023-01-09,3176.085,1.599,1.286,1.271,0.921,1.1957411273544607,2.0832,1.485,2.599,,1.1105
2023-01-10,3169.507,1.6009,1.285,1.2583,0.918,1.1958060025824933,2.0822,1.4874,2.6,,1.1007
2023-01-11,3161.838,1.5985,1.285,1.2624,0.921,1.1958708813303474,2.0755,1.4905,2.648,,1.133
2023-01-12,3163.451,1.603,1.285,1.2638,0.919,1.1959357635982137,2.0823,1.4883,2.659,,1.1444
2023-01-13,3195.306,1.6213,1.285,1.2616,0.926,1.1960006493862834,2.0962,1.4888,2.664,,1.1545
2023-01-16,3227.592,1.6433,1.285,1.2616,0.93,1.1961953278736224,2.1098,1.4985,2.658,,1.1502
2023-01-17,3224.245,1.642,1.285,1.2615,0.928,1.1962602277444156,2.111,1.5021,2.665,,1.1645
2023-01-18,3224.406,1.6399,1.285,1.2714,0.931,1.196325131136367,2.1218,1.502,2.645,,1.1731
2023-01-19,3240.279,1.6472,1.285,1.2767,0.933,1.196390038049668,2.1348,1.5054,2.621,,1.1674
2023-01-20,3264.814,1.6576,1.286,1.2788,0.943,1.1964549484845095,2.1513,1.517,2.694,,1.1861
2023-01-30,3269.318,1.667,1.287,1.2787,0.939,1.1971042465596897,2.1798,1.5175,2.756,,1.1455
2023-01-31,3255.669,1.6526,1.287,1.2778,0.941,1.1971691957440889,2.1956,1.5029,2.797,,1.1498
2023-02-01,3284.921,1.6674,1.287,1.2812,0.945,1.1972341484523221,2.2252,1.5138,2.852,,1.1341
2023-02-02,3285.671,1.6608,1.288,1.2787,0.946,1.1972991046845805,2.2265,1.5285,2.936,,1.1083
2023-02-03,3263.406,1.6438,1.288,1.2804,0.939,1.197364064441055,2.2205,1.5066,2.895,,1.091
2023-02-06,3238.698,1.6246,1.289,1.2798,0.934,1.1975589648576888,2.2218,1.4873,2.884,,1.0936
2023-02-07,3248.094,1.626,1.289,1.2833,0.939,1.1976239387129408,2.2401,1.4835,2.952,,1.1273
2023-02-08,3232.106,1.6207,1.289,1.2813,0.935,1.1976889160933653,2.2297,1.4849,2.891,,1.14
2023-02-09,3270.383,1.6392,1.29,1.2829,0.941,1.1977538969991532,2.2592,1.4886,2.871,1.0,1.1393
2023-02-10,3260.673,1.6279,1.29,1.2734,0.941,1.1978188814304964,2.2519,1.482,2.853,0.9981,1.1611
2023-02-13,3284.16,1.6379,1.291,1.2781,0.943,1.1980138558797686,2.2777,1.4862,2.908,0.9981,1.1648
2023-02-14,3293.283,1.6369,1.291,1.2762,0.948,1.1980788544152445,2.2821,1.4836,2.927,0.9981,1.1604
2023-02-15,3280.492,1.6263,1.291,1.2715,0.943,1.1981438564772318,2.2902,1.4815,2.952,0.9981,1.1519
2023-02-16,3249.03,1.6149,1.292,1.2737,0.935,1.1982088620659221,2.2461,1.4799,2.908,0.9981,1.1608
2023-02-17,3224.024,1.5933,1.292,1.273,0.934,1.1982738711815064,2.234,1.4777,2.894,1.0001,1.1378
2023-02-20,3290.338,1.622,1.291,1.273,0.952,1.198468919691538,2.2757,1.484,2.893,1.0001,1.1384
2023-02-21,3306.524,1.6267,1.291,1.2618,0.961,1.1985339429166126,2.2922,1.4796,2.821,1.0001,1.1326
2023-02-22,3291.148,1.6132,1.291,1.2634,0.961,1.1985989696695383,2.2982,1.487,2.83,1.0001,1.1141
2023-02-23,3287.477,1.6141,1.291,1.2705,0.963,1.1986639999505062,2.3002,1.4828,2.867,1.0001,1.1303
2023-02-24,3267.16,1.5986,1.291,1.2632,0.96,1.198729033759708,2.2916,1.4869,2.816,0.9982,1.1395
2023-02-27,3258.034,1.5925,1.291,1.2736,0.959,1.198924156358631,2.2788,1.4836,2.859,0.9982,1.1385
2023-02-28,3279.605,1.5997,1.291,1.2724,0.962,1.1989892042826826,2.2949,1.4826,2.854,0.9982,1.1532
2023-03-01,3312.348,1.6184,1.291,1.2741,0.969,1.1990542557359254,2.3166,1.4896,2.825,0.9982,1.1599
2023-03-02,3310.654,1.6146,1.291,1.2592,0.973,1.1991193107185505,2.31,1.488,2.827,0.9982,1.1588
2023-03-03,3328.393,1.6233,1.291,1.2712,0.978,1.1991843692307498,2.3023,1.4948,2.895,0.9984,1.1751
2023-03-06,3322.026,1.62,1.292,1.2689,0.974,1.1993795659467068,2.2993,1.5087,2.891,0.9984,1.1831
2023-03-07,3285.099,1.5992,1.293,1.2715,0.97,1.1994446385791173,2.2557,1.5074,2.864,0.9984,1.1672
2023-03-08,3283.248,1.5946,1.293,1.2718,0.969,1.1995097147420593,2.2751,1.4914,2.893,0.9984,1.1527
2023-03-09,3276.094,1.5907,1.294,1.2749,0.967,1.1995747944357245,2.2764,1.492,2.847,0.9984,1.1479
2023-03-10,3230.077,1.5695,1.294,1.2797,0.952,1.1996398776603046,2.24,1.5,2.809,0.9818,1.149
2023-03-13,3268.696,1.5844,1.294,1.2817,0.961,1.1998351485214487,2.2488,1.5132,2.82,0.9818,1.1292
2023-03-14,3245.312,1.5773,1.294,1.2654,0.954,1.1999002458716035,2.221,1.5327,2.868,0.9818,1.0906
2023-03-15,3263.315,1.5803,1.294,1.2702,0.964,1.1999653467536309,2.2484,1.5314,2.869,0.9818,1.028
2023-03-16,3226.891,1.5614,1.295,1.2694,0.956,1.2000304511677227,2.2195,1.5454,2.963,0.9818,1.0352
2023-03-17,3250.546,1.5686,1.295,1.2757,0.962,1.2000955591140703,2.2359,1.5525,2.944,0.9982,1.0246
2023-03-20,3234.91,1.5624,1.296,1.2635,0.96,1.2002909041485654,2.2374,1.6099,2.94,0.9982,1.0151
2023-03-21,3255.651,1.5783,1.296,1.2614,0.96,1.2003560262258535,2.2691,1.585,2.985,0.9982,1.0336
2023-03-22,3265.748,1.5849,1.297,1.2661,0.965,1.200421151836356,2.2956,1.5591,2.943,0.9982,1.0479
2023-03-23,3286.649,1.5984,1.297,1.2679,0.967,1.200486280980264,2.2978,1.5733,2.98,0.9982,1.0501
2023-03-24,3265.654,1.5939,1.296,1.2624,0.961,1.20055141365777,2.3031,1.5786,2.975,1.0015,1.0286
2023-03-27,3251.397,1.5893,1.297,1.2562,0.954,1.2007468328937911,2.3055,1.5707,2.966,1.0015,1.0617
2023-03-28,3245.376,1.5855,1.297,1.2562,0.954,1.200811979707605,2.2934,1.5647,2.953,1.0015,1.0856
2023-03-29,3240.057,1.5854,1.297,1.2604,0.95,1.2008771300559753,2.2815,1.5692,3.008,1.0015,1.0911
2023-03-30,3261.249,1.5971,1.297,1.2662,0.955,1.2009422839390935,2.2848,1.5698,3.04,1.0015,1.0946
2023-03-31,3272.86,1.6009,1.298,1.2717,0.958,1.2010074413571519,2.3014,1.582,3.084,1.0257,1.106
2023-04-03,3296.396,1.6099,1.298,1.2749,0.962,1.201202934822884,2.3153,1.564,3.079,1.0257,1.1716
2023-04-04,3312.558,1.6153,1.298,1.2761,0.967,1.2012681063826198,2.2992,1.5777,3.064,1.0257,1.1726
2023-04-06,3312.628,1.6128,1.299,1.2791,0.961,1.2013984601099803,2.2871,1.6033,3.057,1.0257,1.174
2023-04-07,3327.646,1.6223,1.299,1.2791,0.963,1.2014636422779885,2.2945,1.6004,3.061,1.012,1.174
2023-04-10,3315.358,1.6202,1.299,1.2791,0.962,1.201659210001628,2.2683,1.5876,3.054,1.012,1.1733
2023-04-11,3313.571,1.6167,1.3,1.2768,0.967,1.2017244063166854,2.2694,1.5937,3.039,1.012,1.1812
2023-04-12,3327.182,1.617,1.3,1.2767,0.978,1.201789606168985,2.2784,1.6053,3.011,1.012,1.2018
2023-04-13,3318.364,1.6085,1.3,1.2721,0.981,1.2018548095587187,2.2677,1.6069,3.063,1.012,1.2
2023-04-14,3338.153,1.6166,1.3,1.2687,0.98,1.2019200164860782,2.2775,1.6128,3.054,1.0096,1.1969
2023-04-17,3385.61,1.639,1.3,1.2644,0.99,1.2021156584958315,2.2921,1.5982,3.059,1.0096,1.1831
2023-04-18,3393.331,1.6442,1.301,1.2648,0.993,1.202180879575614,2.2915,1.5921,3.065,1.0096,1.1827
2023-04-19,3370.128,1.6339,1.301,1.2599,0.994,1.202246104193982,2.2839,1.5918,3.061,1.0096,1.1657
2023-04-20,3367.031,1.6317,1.301,1.2679,0.997,1.202311332351128,2.2843,1.5935,3.048,1.0096,1.1391
2023-04-21,3301.258,1.6028,1.301,1.2608,0.984,1.2023765640472435,2.2328,1.5881,3.041,0.9965,1.1379
2023-04-24,3275.413,1.5883,1.302,1.2636,0.984,1.2025722803713281,2.2333,1.5848,3.037,0.9965,1.1465
2023-04-25,3264.872,1.5779,1.302,1.2632,0.985,1.2026375262252424,2.1926,1.5979,2.982,0.9965,1.1428
2023-04-26,3264.101,1.5788,1.302,1.267,0.987,1.2027027756190867,2.2139,1.6,3.017,0.9965,1.1342
2023-04-27,3285.884,1.5936,1.303,1.2625,0.991,1.2027680285530526,2.2287,1.6029,3.097,0.9965,1.108
2023-04-28,3323.275,1.6053,1.303,1.2668,1.004,1.2028332850273327,2.2509,1.5908,3.119,0.9897,1.1244
2023-05-04,3350.459,1.6052,1.304,1.2627,1.024,1.203224898230362,2.2603,1.6246,3.049,0.9897,1.0599
2023-05-05,3334.503,1.5997,1.305,1.2638,1.025,1.2032901794922182,2.2434,1.6321,3.116,0.9821,1.0836
2023-05-08,3395.004,1.6213,1.305,1.2601,1.047,1.203486044529661,2.2557,1.6148,3.125,0.99,1.0719
2023-05-09,3357.671,1.6073,1.306,1.2582,1.038,1.2035513399600737,2.2297,1.6181,3.109,0.9759,1.0781
2023-05-10,3319.151,1.5961,1.306,1.26,1.021,1.203616638933106,2.2412,1.6233,3.145,0.9851,1.0902
2023-05-11,3309.551,1.5943,1.307,1.2578,1.022,1.2036819414489501,2.2462,1.6244,3.146,0.9771,1.0777
2023-05-12,3272.362,1.5755,1.307,1.2596,1.014,1.2037472475077984,2.2291,1.6156,3.152,0.978,1.0643
2023-05-15,3310.737,1.5975,1.307,1.2601,1.015,1.2039431869442891,2.243,1.6213,3.176,1.002,1.069
2023-05-16,3290.987,1.5898,1.307,1.2536,1.007,1.2040085071770759,2.2296,1.6172,3.172,1.0049,1.0691
2023-05-17,3284.232,1.583,1.307,1.2455,1.004,1.2040738309538277,2.2435,1.6106,3.222,1.0305,1.0835
2023-05-18,3297.32,1.5827,1.307,1.2388,1.01,1.204139158274737,2.2553,1.6079,3.29,1.0632,1.0912
2023-05-19,3283.542,1.5785,1.307,1.2461,1.0,1.2042044891399961,2.256,1.6017,3.301,1.0644,1.0989
2023-05-22,3296.47,1.5865,1.308,1.2357,0.999,1.2044005030037954,2.2648,1.6076,3.302,1.0635,1.0898
2023-05-23,3246.238,1.5667,1.309,1.2347,0.988,1.204465848048377,2.2469,1.5994,3.268,1.0505,1.1094
2023-05-24,3204.749,1.5474,1.309,1.2367,0.976,1.20453119663827,2.2346,1.6094,3.263,1.0462,1.1274
2023-05-25,3201.261,1.544,1.309,1.2261,0.972,1.2045965487736665,2.2344,1.6047,3.34,1.112,1.1089
2023-05-26,3212.504,1.5439,1.308,1.2261,0.98,1.2046619044547593,2.2535,1.5963,3.437,1.1723,1.1114
2023-05-29,3221.448,1.5406,1.309,1.2261,0.986,1.2048579927741383,2.2481,1.5938,3.427,1.1734,1.1126
2023-05-30,3224.213,1.5412,1.309,1.2411,0.987,1.2049233626399394,2.2593,1.5912,3.453,1.1771,1.0876
2023-05-31,3204.564,1.5277,1.31,1.2375,0.982,1.2049887360523988,2.2548,1.6116,3.429,1.1531,1.0609
2023-06-01,3204.635,1.532,1.31,1.2437,0.98,1.2050541130117085,2.2572,1.6108,3.481,1.1665,1.0757
2023-06-02,3230.069,1.5514,1.31,1.2562,0.984,1.2051194935180611,2.2699,1.6173,3.504,1.1637,1.1003
2023-06-05,3232.441,1.5457,1.31,1.2484,0.988,1.2053156563213017,2.2833,1.6001,3.504,1.1559,1.1162
2023-06-06,3195.34,1.5317,1.311,1.2543,0.981,1.2053810510177507,2.2413,1.6092,3.513,1.1618,1.1058
2023-06-07,3197.759,1.5263,1.311,1.2515,0.987,1.2054464492622052,2.2388,1.6105,3.458,1.156,1.1165
2023-06-08,3213.586,1.5372,1.311,1.26,0.995,1.2055118510548573,2.2375,1.6044,3.506,1.1617,1.1132
2023-06-09,3231.406,1.5451,1.312,1.2605,0.996,1.2055772563958997,2.2428,1.6157,3.508,1.1662,1.1047
2023-06-12,3228.834,1.5475,1.312,1.2621,0.989,1.2057734937112943,2.2627,1.6176,3.573,1.192,1.0708
2023-06-13,3233.673,1.5542,1.313,1.2632,0.989,1.2058389132478233,2.2645,1.6236,3.615,1.2103,1.0833
2023-06-14,3228.989,1.5563,1.314,1.2681,0.985,1.2059043363337052,2.2707,1.6133,3.644,1.2265,1.091
2023-06-15,3252.975,1.5789,1.313,1.2757,0.988,1.2059697629691328,2.282,1.5998,3.681,1.2163,1.0987
2023-06-16,3273.334,1.5929,1.312,1.2813,0.988,1.2060351931542983,2.2924,1.6122,3.647,1.2088,1.1112
2023-06-19,3255.806,1.5789,1.31,1.2813,0.978,1.2062315050101502,2.2831,1.6133,3.642,1.211,1.1093
2023-06-20,3240.365,1.5738,1.311,1.2744,0.973,1.2062969493961946,2.2778,1.6159,3.659,1.2103,1.108
2023-06-21,3197.901,1.5534,1.311,1.2749,0.966,1.20636239733294,2.2612,1.6114,3.62,1.1749,1.1307
2023-06-26,3150.619,1.5349,1.312,1.2656,0.953,1.2066896902839284,2.2301,1.609,3.589,1.1612,1.1006
2023-06-27,3189.443,1.5495,1.312,1.2697,0.967,1.206755159528927,2.281,1.609,3.653,1.1932,1.0976
2023-06-28,3189.376,1.5519,1.312,1.2674,0.973,1.2068206323259756,2.2844,1.6004,3.658,1.1886,1.0917
2023-06-29,3182.381,1.5463,1.312,1.2611,0.973,1.206886108675267,2.3125,1.6014,3.658,1.1934,1.1053
2023-06-30,3202.062,1.5564,1.313,1.2578,0.978,1.2069515885769935,2.3317,1.6061,3.718,1.2135,1.1187
2023-07-03,3243.975,1.5762,1.314,1.2574,0.987,1.207148049598713,2.3408,1.6098,3.72,1.2204,1.1221
2023-07-04,3245.349,1.5781,1.314,1.2574,0.983,1.2072135437121088,2.3412,1.6115,3.714,1.2206,1.116
2023-07-05,3222.947,1.5669,1.314,1.2469,0.982,1.2072790413789036,2.3291,1.614,3.709,1.1997,1.1288
2023-07-06,3205.575,1.5586,1.315,1.2418,0.98,1.2073445425992904,2.3228,1.6129,3.688,1.1871,1.1221
2023-07-07,3196.609,1.5535,1.315,1.2394,0.983,1.207410047373462,2.321,1.6106,3.673,1.1883,1.1435
2023-07-10,3203.696,1.5605,1.315,1.2396,0.986,1.2076065830206133,2.3215,1.6158,3.669,1.2013,1.1535
2023-07-11,3221.367,1.5686,1.316,1.2482,0.989,1.2076721020118522,2.3413,1.612,3.684,1.207,1.1611
2023-07-12,3196.134,1.5622,1.316,1.2558,0.983,1.20773762455784,2.3186,1.6155,3.723,1.213,1.1725
2023-07-13,3236.48,1.5876,1.316,1.2638,0.993,1.2078031506587696,2.3316,1.6281,3.774,1.2425,1.1853
2023-07-14,3237.701,1.5884,1.316,1.2632,0.996,1.207868680314834,2.327,1.6202,3.762,1.2255,1.1787
2023-07-17,3209.63,1.5769,1.316,1.2601,0.993,1.2080652906157636,2.3272,1.6256,3.797,1.2435,1.1677
2023-07-18,3197.82,1.5732,1.317,1.2612,0.993,1.2081308344942956,2.3295,1.6331,3.834,1.242,1.1689
2023-07-19,3198.836,1.5719,1.317,1.2547,0.997,1.2081963819289268,2.3294,1.6536,3.832,1.234,1.1828
2023-07-20,3169.522,1.5631,1.317,1.2547,0.992,1.2082619329198498,2.3025,1.6498,3.747,1.1927,1.1757
2023-07-21,3167.745,1.5633,1.318,1.253,0.993,1.2083274874672583,2.293,1.6404,3.736,1.1952,1.1915
2023-07-24,3164.161,1.5567,1.319,1.24,0.994,1.2085241724503233,2.3027,1.6411,3.743,1.1934,1.21
2023-07-25,3231.521,1.6011,1.316,1.2462,1.006,1.2085897412256017,2.3311,1.6307,3.768,1.2126,1.2243
2023-07-26,3223.028,1.5974,1.316,1.2473,1.006,1.20865531355833,2.3098,1.6385,3.748,1.1942,1.2198
2023-07-27,3216.671,1.5936,1.317,1.2415,1.008,1.2087208894487014,2.2952,1.6418,3.737,1.202,1.2261
2023-07-28,3275.926,1.6285,1.316,1.2456,1.023,1.2087864688969086,2.3113,1.6306,3.807,1.2192,1.2343
2023-07-31,3291.04,1.6394,1.316,1.2475,1.03,1.2089832285904771,2.3178,1.6295,3.807,1.2229,1.2508
2023-08-01,3290.949,1.6327,1.316,1.2385,1.031,1.2090488222719589,2.3145,1.6335,3.797,1.2224,1.2512
2023-08-02,3261.69,1.6228,1.316,1.2296,1.022,1.2091144195122419,2.3064,1.6343,3.72,1.1891,1.2375
2023-08-03,3280.463,1.6356,1.317,1.2211,1.027,1.2091800203115193,2.2999,1.6271,3.721,1.1918,1.2448
2023-08-04,3288.084,1.6426,1.317,1.2282,1.025,1.209245624669984,2.3018,1.6246,3.698,1.1954,1.2616
2023-08-07,3268.831,1.6297,1.318,1.2226,1.018,1.2094424591024344,2.2835,1.6277,3.727,1.2039,1.2641
2023-08-08,3260.62,1.6259,1.318,1.2252,1.017,1.2095080776995804,2.2782,1.6275,3.704,1.1874,1.2629
2023-08-09,3244.487,1.6239,1.319,1.228,1.012,1.2095736998568791,2.2577,1.628,3.664,1.1651,1.282
2023-08-10,3254.56,1.6262,1.319,1.2157,1.016,1.2096393255745244,2.2631,1.623,3.67,1.1607,1.2885
2023-08-11,3189.248,1.5937,1.319,1.2059,1.001,1.2097049548527088,2.2274,1.6286,3.646,1.1328,1.2832
2023-08-14,3178.427,1.5826,1.32,1.1908,1.0,1.2099018640524306,2.2391,1.6313,3.693,1.1637,1.272
2023-08-15,3176.176,1.5786,1.321,1.1801,1.006,1.2099675075747045,2.2321,1.6314,3.657,1.1503,1.2648
2023-08-16,3150.128,1.5689,1.321,1.1788,1.003,1.210033154658484,2.2129,1.6343,3.629,1.1175,1.2583
2023-08-17,3163.739,1.5755,1.321,1.1711,1.004,1.2100988053039619,2.2401,1.634,3.595,1.1126,1.2546
2023-08-18,3131.953,1.5594,1.321,1.1717,0.999,1.210164459511332,2.2058,1.6318,3.586,1.1143,1.2574
2023-08-21,3092.978,1.5417,1.322,1.1602,0.991,1.2103614435067251,2.192,1.6381,3.643,1.1466,1.2691
2023-08-22,3120.334,1.5519,1.322,1.1663,0.998,1.2104271119635952,2.1995,1.6376,3.636,1.1387,1.2566
2023-08-23,3078.402,1.5295,1.322,1.1813,0.994,1.2104927839833235,2.167,1.6395,3.693,1.1573,1.2482
2023-08-24,3082.244,1.5382,1.322,1.1795,0.99,1.2105584595661032,2.1643,1.6445,3.61,1.1259,1.2414
2023-08-25,3064.075,1.5345,1.322,1.1789,0.99,1.2106241387121277,2.1323,1.642,3.639,1.1151,1.2515
2023-08-28,3098.636,1.5531,1.321,1.1786,1.001,1.2108211975316039,2.1584,1.6423,3.664,1.1232,1.2523
2023-08-29,3135.887,1.568,1.321,1.1859,1.004,1.2108868909325412,2.2174,1.6467,3.74,1.1578,1.2585
2023-08-30,3137.138,1.5675,1.321,1.1885,0.998,1.21095258789769,2.2237,1.6523,3.759,1.1699,1.2736
2023-08-31,3119.876,1.5585,1.3212,1.1998,0.991,1.2110182884272438,2.2081,1.6599,3.769,1.1802,1.2822
2023-09-01,3133.247,1.5692,1.3208,1.205,0.999,1.211083992521396,2.2188,1.6586,3.765,1.1772,1.3104
2023-09-04,3177.06,1.5918,1.32,1.205,1.013,1.2112811261933767,2.251,1.6647,3.764,1.1829,1.3228
2023-09-05,3154.369,1.5791,1.3202,1.1944,1.006,1.2113468445478561,2.2411,1.6659,3.768,1.1848,1.3393
2023-09-06,3158.077,1.5784,1.3195,1.199,1.005,1.2114125664679012,2.2378,1.6602,3.744,1.1872,1.3432
2023-09-07,3122.352,1.5566,1.3186,1.196,1.0,1.2114782919537053,2.2044,1.661,3.718,1.1563,1.3496
2023-09-08,3116.719,1.5488,1.318,1.1963,0.994,1.2115440210054615,2.2008,1.6725,3.73,1.1551,1.3516
2023-09-11,3142.779,1.561,1.3174,1.1954,1.003,1.2117412295583792,2.2251,1.6741,3.772,1.1541,1.3509
2023-09-12,3137.059,1.5586,1.318,1.1941,1.002,1.2118069728758796,2.2289,1.6784,3.725,1.1411,1.3669
2023-09-13,3123.067,1.5482,1.3189,1.1962,1.003,1.2118727197602999,2.2,1.6814,3.734,1.1437,1.3714
2023-09-14,3126.551,1.5471,1.3194,1.1931,1.01,1.2119384702118337,2.1852,1.6968,3.763,1.1431,1.3791
2023-09-15,3117.743,1.5364,1.3194,1.1888,1.009,1.212004224230674,2.185,1.6803,3.697,1.1168,1.3873
2023-09-18,3125.932,1.5436,1.3189,1.1874,1.01,1.2122015076929724,2.2057,1.6775,3.7,1.1128,1.388
2023-09-19,3124.957,1.5401,1.319,1.182,1.014,1.2122672759829758,2.1886,1.6845,3.689,1.1069,1.3926
2023-09-20,3108.568,1.5344,1.3192,1.177,1.014,1.2123330478412542,2.1777,1.6876,3.641,1.0926,1.3784
2023-09-21,3084.701,1.5216,1.3198,1.1624,1.009,1.2123988232680005,2.1603,1.6904,3.578,1.072,1.3751
2023-09-22,3132.432,1.5475,1.3197,1.1689,1.014,1.2124646022634091,2.1949,1.6863,3.58,1.0914,1.376
2023-09-25,3115.607,1.5388,1.3195,1.1592,1.013,1.212661960663542,2.1892,1.6997,3.596,1.0951,1.3661
2023-09-26,3102.273,1.5302,1.2691,1.1562,1.01,1.2127277539355343,2.1826,1.6941,3.544,1.0824,1.3658
2023-09-27,3107.316,1.5332,1.2692,1.1483,1.007,1.2127935507771568,2.1915,1.6556,3.552,1.0889,1.3919
2023-09-28,3110.475,1.5305,1.2701,1.1492,1.008,1.212859351188603,2.2178,1.6009,3.585,1.1118,1.3936
2023-10-09,3096.922,1.5284,1.2712,1.1492,1.004,1.213583391378281,2.2202,1.5697,3.667,1.1324,1.2959
2023-10-10,3075.236,1.5161,1.2708,1.1398,0.996,1.2136492346427228,2.1938,1.6089,3.687,1.1475,1.3081
2023-10-11,3078.956,1.5175,1.2702,1.1519,0.993,1.2137150814795068,2.183,1.6108,3.711,1.1601,1.2989
2023-10-12,3107.901,1.5342,1.2702,1.1406,1.002,1.2137809318888273,2.2047,1.6135,3.696,1.1687,1.2917
2023-10-13,3088.099,1.5197,1.2705,1.1449,1.0,1.2138467858708777,2.1903,1.6228,3.651,1.1439,1.3196
2023-10-16,3073.813,1.5064,1.2706,1.136,1.002,1.2140443692553484,2.1831,1.645,3.693,1.1501,1.3412
2023-10-17,3083.496,1.5107,1.2702,1.1251,1.004,1.214110237530258,2.1806,1.6529,3.681,1.1414,1.3348
2023-10-18,3058.71,1.4992,1.2701,1.1154,0.995,1.2141761093788668,2.1481,1.665,3.631,1.12,1.3601
2023-10-19,3005.393,1.468,1.269,1.0995,0.98,1.2142419848013688,2.1244,1.6755,3.601,1.1088,1.3611
2023-10-20,2983.059,1.4586,1.2692,1.0985,0.975,1.214307863797958,2.1103,1.6962,3.55,1.0925,1.385
2023-10-23,2939.291,1.4436,1.2697,1.0985,0.963,1.2145055222341885,2.0665,1.688,3.561,1.0872,1.3601
2023-10-24,2962.244,1.4494,1.2378,1.1104,0.97,1.214571415529066,2.1037,1.6903,3.593,1.1029,1.3281
2023-10-25,2974.114,1.4563,1.2383,1.0981,0.978,1.214637312399,2.1408,1.6824,3.507,1.0705,1.3226
2023-10-26,2988.299,1.4619,1.2385,1.1023,0.983,1.214703212844185,2.1536,1.6929,3.443,1.0586,1.3306
2023-10-27,3017.784,1.4788,1.2387,1.101,0.987,1.214769116864815,2.184,1.6984,3.459,1.0684,1.3363
2023-10-30,3021.553,1.4814,1.2392,1.0973,0.977,1.2149668503813134,2.1801,1.7028,3.498,1.0754,1.3217
2023-10-31,3018.771,1.4762,1.2396,1.0919,0.979,1.2150327687056626,2.1574,1.7027,3.516,1.0856,1.3139
2023-11-01,3023.077,1.475,1.2397,1.1045,0.978,1.2150986906064265,2.1622,1.6976,3.574,1.1077,1.3019
2023-11-02,3009.406,1.4688,1.2404,1.1159,0.98,1.2151646160837992,2.1479,1.7006,3.633,1.1188,1.3066
2023-11-03,3030.798,1.4795,1.2405,1.1241,0.977,1.215230545137975,2.1614,1.7026,3.675,1.151,1.2992
2023-11-06,3058.411,1.4986,1.2408,1.1411,0.976,1.2154283537632606,2.1814,1.695,3.685,1.1553,1.3013
2023-11-07,3057.27,1.493,1.2406,1.1516,0.976,1.2154942971265887,2.1835,1.6838,3.716,1.1643,1.2695
2023-11-08,3052.373,1.489,1.2408,1.1685,0.975,1.2155602440676905,2.1767,1.6784,3.721,1.1733,1.2343
2023-11-09,3053.279,1.4885,1.2409,1.1518,0.978,1.2156261945867595,2.17,1.6703,3.691,1.1688,1.2262
2023-11-10,3038.97,1.4777,1.2412,1.1478,0.976,1.21569214868399,2.1686,1.6762,3.771,1.2008,1.2354
2023-11-13,3046.533,1.4763,1.2416,1.148,0.978,1.2158900324465927,2.184,1.674,3.76,1.1958,1.2504
2023-11-14,3056.07,1.4769,1.2415,1.1612,0.977,1.2159560008584112,2.1883,1.6804,3.841,1.2292,1.2656
2023-11-15,3072.835,1.4866,1.2417,1.1664,0.982,1.2160219728493618,2.2108,1.6835,3.842,1.2245,1.2551
2023-11-16,3050.926,1.4727,1.2421,1.1749,0.981,1.2160879484196392,2.1983,1.6812,3.844,1.2164,1.2154
2023-11-17,3054.366,1.4704,1.2424,1.1793,0.98,1.216153927569437,2.2171,1.684,3.843,1.2216,1.2109
2023-11-20,3068.319,1.4736,1.2425,1.1948,0.982,1.2163518864978977,2.2293,1.666,3.882,1.2347,1.2489
2023-11-21,3067.933,1.4756,1.2424,1.2053,0.984,1.216417879967721,2.2193,1.6663,3.849,1.2126,1.2457
2023-11-22,3043.611,1.4625,1.2418,1.2004,0.981,1.216483877018036,2.1974,1.6629,3.858,1.2088,1.2274
2023-11-23,3061.856,1.4713,1.2411,1.2016,0.988,1.2165498776490373,2.2238,1.6603,3.855,1.2122,1.2339
2023-11-24,3040.972,1.4621,1.2411,1.2008,0.987,1.216615881860919,2.2014,1.6603,3.846,1.2058,1.2345
2023-11-27,3031.7,1.4515,1.2408,1.2032,0.986,1.2168139159837892,2.2051,1.6769,3.842,1.2114,1.2138
2023-11-28,3038.555,1.4552,1.2411,1.2026,0.987,1.2168799345211352,2.2234,1.6822,3.852,1.2085,1.2216
2023-11-29,3021.687,1.4423,1.241,1.2074,0.981,1.2169459566403333,2.2089,1.6924,3.842,1.2148,1.2362
2023-11-30,3029.673,1.4445,1.2415,1.1997,0.983,1.217011982341578,2.1967,1.6919,3.832,1.2042,1.2289
2023-12-01,3031.636,1.4387,1.2417,1.2084,0.987,1.2170780116250628,2.204,1.6926,3.848,1.2097,1.2218
2023-12-04,3022.914,1.4295,1.2414,1.2053,0.988,1.217276120970905,2.2052,1.7145,3.806,1.1928,1.1923
2023-12-05,2972.296,1.4038,1.2413,1.2146,0.976,1.2173421645852962,2.1738,1.6908,3.821,1.1866,1.1888
2023-12-06,2968.933,1.4041,1.2411,1.2194,0.976,1.2174082117829,2.1896,1.6894,3.8,1.1799,1.1539
2023-12-07,2966.206,1.402,1.2413,1.2182,0.977,1.2174742625639103,2.1864,1.6922,3.857,1.2029,1.1376
2023-12-08,2969.559,1.4071,1.2415,1.2112,0.977,1.2175403169285222,2.1645,1.6911,3.869,1.2125,1.1554
2023-12-11,2991.439,1.4153,1.2421,1.2087,0.985,1.21773850152591,2.1874,1.6747,3.903,1.2482,1.1633
2023-12-12,3003.438,1.4199,1.2422,1.2115,0.991,1.2178045702268714,2.2003,1.6688,3.934,1.2576,1.1404
2023-12-13,2968.761,1.3983,1.2429,1.2231,0.984,1.2178706425124064,2.1884,1.663,3.98,1.2669,1.1324
2023-12-14,2958.986,1.3917,1.2432,1.2383,0.983,1.2179367183827094,2.1883,1.6932,3.973,1.2804,1.1581
2023-12-15,2942.557,1.3888,1.2439,1.2443,0.977,1.218002797837975,2.1809,1.6904,3.985,1.2807,1.1634
2023-12-18,2930.804,1.3832,1.2445,1.2403,0.974,1.2182010577154925,2.1538,1.6895,4.01,1.2754,1.1803
2023-12-19,2932.391,1.385,1.1296,1.2414,0.973,1.2182671515125534,2.1569,1.6903,4.032,1.2821,1.1925
2023-12-20,2902.11,1.3721,1.1295,1.2467,0.97,1.2183332488955494,2.136,1.6993,3.972,1.2514,1.1968
2023-12-21,2918.715,1.3853,1.1298,1.2431,0.97,1.2183993498646752,2.1546,1.6958,4.021,1.278,1.1878
2023-12-22,2914.775,1.388,1.1303,1.2431,0.967,1.2184654544201254,2.1364,1.7069,4.023,1.2709,1.1908
2023-12-25,2918.813,1.3902,1.1308,1.2431,0.968,1.2186637896063675,2.1275,1.7081,4.026,1.2678,1.1863
2023-12-26,2898.879,1.382,1.1313,1.2431,0.964,1.2187299085090606,2.1034,1.713,4.046,1.2744,1.1937
2023-12-27,2914.614,1.3883,1.1323,1.2503,0.97,1.2187960309990509,2.1225,1.7189,4.054,1.2815,1.2053
2023-12-28,2954.704,1.4202,1.1329,1.2503,0.968,1.2188621570765332,2.1592,1.7195,4.05,1.2843,1.1839
2023-12-29,2974.935,1.4282,1.1336,1.2442,0.972,1.2189282867417022,2.1879,1.7101,4.026,1.2778,1.1633
2023-12-31,2974.935,1.4281,1.1337,1.2442,0.971,1.219060556835878,2.1877,1.7101,4.026,1.2774,1.1632
2024-01-02,2962.276,1.4111,1.1336,1.2411,0.983,1.2191928412831363,2.208,1.7238,3.957,1.2464,1.1548
2024-01-03,2967.247,1.4107,1.1334,1.2462,0.992,1.219258988889658,2.208,1.7168,3.927,1.2317,1.1672
2024-01-04,2954.349,1.3998,1.1338,1.2402,0.996,1.219325140085034,2.2081,1.7127,3.906,1.2271,1.1666
2024-01-05,2929.183,1.3936,1.1345,1.2352,0.996,1.2193912948694596,2.1842,1.7117,3.913,1.2274,1.1812
2024-01-08,2887.538,1.3801,1.1349,1.236,0.987,1.2195897807589793,2.1551,1.7081,3.993,1.2476,1.1525
2024-01-09,2893.251,1.382,1.1356,1.2356,0.992,1.2196559499015496,2.1713,1.7066,4.0,1.2473,1.1606
2024-01-10,2877.702,1.3783,1.1354,1.2334,0.987,1.2197221226341428,2.1663,1.7048,4.029,1.2447,1.17
2024-01-11,2886.65,1.3858,1.1355,1.2383,0.983,1.2197882989569537,2.1888,1.7051,4.036,1.2553,1.1765
2024-01-12,2881.977,1.3838,1.1352,1.238,0.985,1.2198544788701775,2.1873,1.7084,4.037,1.247,1.1863
2024-01-15,2886.291,1.3857,1.1354,1.238,0.989,1.2200530401542722,2.1898,1.7229,4.039,1.2487,1.1754
2024-01-16,2893.989,1.3939,1.1353,1.2262,0.992,1.2201192344310945,2.1914,1.7206,4.04,1.2659,1.1746
2024-01-17,2833.615,1.3679,1.1357,1.2238,0.981,1.2201854322993033,2.1538,1.7023,4.02,1.2525,1.1687
2024-01-18,2845.784,1.3811,1.1359,1.2206,0.974,1.2202516337590938,2.1334,1.6976,4.076,1.2841,1.1811
2024-01-19,2832.279,1.3788,1.1363,1.2233,0.969,1.2203178388106608,2.1151,1.7092,4.154,1.3143,1.1888
2024-01-22,2756.34,1.3542,1.1369,1.2234,0.939,1.2205164755179692,1.9934,1.7055,4.155,1.307,1.1886
2024-01-23,2770.976,1.361,1.1368,1.2235,0.949,1.2205826949385905,2.006,1.7056,4.172,1.3131,1.2026
2024-01-24,2820.772,1.3785,1.1369,1.2208,0.968,1.220648917951963,2.0426,1.704,4.19,1.3275,1.2044
2024-01-25,2906.109,1.41,1.1372,1.2227,0.993,1.2207151445582813,2.1154,1.6962,4.193,1.3324,1.2189
2024-01-26,2910.223,1.4085,1.1374,1.2218,1.003,1.2207813747577403,2.1215,1.7079,4.172,1.2984,1.231
2024-01-29,2883.356,1.399,1.1342,1.2261,1.003,1.2209800869169114,2.0691,1.7079,4.214,1.3009,1.2425
2024-01-30,2830.527,1.376,1.135,1.2293,0.951,1.221046331490883,2.0186,1.7112,4.185,1.2823,1.2409
2024-01-31,2788.548,1.3648,1.1356,1.2359,0.947,1.2211125796589701,1.9464,1.7109,4.106,1.2638,1.2298
2024-02-01,2770.74,1.3649,1.1358,1.2394,0.938,1.221178831421368,1.9237,1.7111,4.152,1.2695,1.2191
2024-02-02,2730.152,1.3486,1.136,1.2322,0.935,1.2212450867782716,1.8558,1.7231,4.217,1.2765,1.1824
2024-02-05,2702.185,1.3553,1.1367,1.2235,0.931,1.2214438744179659,1.7349,1.7079,4.213,1.2841,1.1742
2024-02-06,2789.486,1.4002,1.1362,1.2243,0.952,1.221510144154842,1.8028,1.7065,4.202,1.2918,1.1858
2024-02-07,2829.696,1.4192,1.1366,1.2224,0.969,1.221576417487199,1.8253,1.7108,4.239,1.3171,1.1909
2024-02-08,2865.903,1.4252,1.1366,1.2182,0.972,1.2216426944152319,1.9293,1.7127,4.246,1.3504,1.2072
2024-02-19,2910.544,1.4415,1.1375,1.2182,0.989,1.222371977994005,1.9735,1.7084,4.221,1.3538,1.2337
2024-02-20,2922.73,1.4438,1.138,1.211,0.998,1.2224382980853683,1.9835,1.7089,4.191,1.3315,1.2186
2024-02-21,2950.956,1.4616,1.1383,1.2078,0.998,1.2225046217749445,2.0058,1.7087,4.173,1.329,1.2184
2024-02-22,2988.358,1.4729,1.1388,1.2088,1.011,1.2225709490629284,2.0328,1.7077,4.292,1.3879,1.2254
2024-02-23,3004.881,1.4738,1.1393,1.2172,1.01,1.222637279949516,2.0634,1.7024,4.28,1.3777,1.2132
2024-02-26,2977.022,1.4599,1.1399,1.215,0.994,1.2228362942028503,2.0933,1.7117,4.279,1.3879,1.2102
2024-02-27,3015.481,1.4747,1.1402,1.2114,1.0,1.2229026394858034,2.1365,1.7141,4.286,1.3948,1.2272
2024-02-28,2957.852,1.4568,1.1406,1.214,0.99,1.222968988368336,2.0331,1.7101,4.264,1.3692,1.2278
2024-02-29,3015.171,1.4823,1.141,1.2165,1.002,1.2230353408506434,2.1011,1.713,4.301,1.409,1.2277
2024-03-01,3027.02,1.4893,1.1404,1.2228,1.003,1.2231016969329211,2.123,1.7215,4.362,1.453,1.2453
2024-03-04,3039.306,1.4898,1.1408,1.2196,1.008,1.2233007867815286,2.1314,1.7414,4.342,1.4704,1.2432
2024-03-05,3047.793,1.4985,1.1411,1.2265,1.012,1.2233671572656404,2.1081,1.7676,4.267,1.4491,1.2411
2024-03-06,3039.931,1.4925,1.142,1.2312,1.013,1.223433531350699,2.1304,1.7792,4.293,1.4635,1.246
2024-03-07,3027.401,1.4849,1.1419,1.2318,1.017,1.2234999090368999,2.1306,1.7977,4.355,1.4796,1.2423
2024-03-08,3046.019,1.4913,1.1419,1.2317,1.023,1.2235662903244384,2.1573,1.8005,4.291,1.4461,1.2414
2024-03-11,3068.455,1.5092,1.1416,1.2309,1.015,1.2237654557970339,2.1848,1.8058,4.273,1.4292,1.2373
2024-03-12,3055.935,1.5117,1.1409,1.226,0.996,1.2238318514918771,2.1921,1.799,4.333,1.4454,1.2426
2024-03-13,3043.835,1.502,1.1407,1.2216,0.994,1.223898250789035,2.1993,1.7968,4.297,1.4205,1.2507
2024-03-14,3038.234,1.4981,1.1404,1.213,0.996,1.223964653688703,2.1898,1.7987,4.288,1.3965,1.2696
2024-03-15,3054.636,1.5017,1.1407,1.2123,0.997,1.2240310601910764,2.2179,1.8048,4.24,1.3904,1.2792
2024-03-18,3084.926,1.5164,1.1412,1.2095,0.996,1.2242303013163855,2.2523,1.7918,4.279,1.4019,1.2882
2024-03-19,3062.756,1.5053,1.1416,1.2115,0.992,1.2242967222315364,2.2475,1.7945,4.291,1.3911,1.3035
2024-03-20,3079.686,1.51,1.1416,1.2112,0.994,1.2243631467503702,2.2685,1.7982,4.339,1.4117,1.2884
2024-03-21,3077.113,1.5086,1.1417,1.2107,0.995,1.2244295748730825,2.2782,1.8317,4.356,1.4386,1.2869
2024-03-22,3048.034,1.4956,1.1418,1.2149,0.992,1.224496006599869,2.2623,1.8192,4.362,1.4477,1.2803
2024-03-25,3026.306,1.4885,1.1417,1.212,0.992,1.2246953234066282,2.234,1.8194,4.347,1.4435,1.2936
2024-03-26,3031.481,1.4941,1.1417,1.2116,0.991,1.2247617695516664,2.239,1.8238,4.33,1.4346,1.2949
2024-03-27,2993.139,1.4769,1.142,1.2153,0.988,1.2248282193017566,2.1789,1.8356,4.345,1.4282,1.2855
2024-03-28,3010.664,1.4819,1.1421,1.215,0.988,1.2248946726570942,2.2192,1.8451,4.339,1.4268,1.3002
2024-03-29,3041.167,1.4892,1.1424,1.2152,0.999,1.2249611296178748,2.2575,1.8754,4.339,1.4307,1.3047
2024-04-01,3077.379,1.511,1.1425,1.2048,1.004,1.2251605221348318,2.3041,1.8965,4.346,1.4524,1.3076
2024-04-02,3074.959,1.5048,1.1429,1.2011,1.007,1.2252269935193412,2.3069,1.8968,4.309,1.4325,1.3275
2024-04-03,3069.296,1.5014,1.1433,1.2005,1.016,1.2252934685102719,2.3029,1.91,4.317,1.4408,1.3396
2024-04-08,3047.053,1.4897,1.1439,1.1967,1.015,1.2256258975680925,2.2607,1.9666,4.302,1.4215,1.3452
2024-04-09,3048.537,1.4859,1.1443,1.2022,1.012,1.22569239420166,2.2841,1.9714,4.318,1.4288,1.3483
2024-04-10,3027.335,1.4745,1.1444,1.1879,1.014,1.2257588944430187,2.2462,1.9793,4.281,1.4063,1.3428
2024-04-11,3034.246,1.4764,1.1449,1.1828,1.023,1.2258253982923644,2.2672,1.9666,4.35,1.4297,1.3511
2024-04-12,3019.474,1.4645,1.1455,1.1877,1.021,1.2258919057498925,2.2671,2.0104,4.279,1.3975,1.3594
2024-04-15,3057.378,1.4965,1.1459,1.18,1.04,1.226091449773531,2.2339,1.9829,4.211,1.3812,1.348
2024-04-16,3007.068,1.4835,1.146,1.1744,1.035,1.2261579716657476,2.1222,1.9942,4.214,1.3805,1.3564
2024-04-17,3071.381,1.5041,1.1464,1.1813,1.053,1.2262244971671257,2.2317,2.0009,4.1621,1.3508,1.341
2024-04-18,3074.225,1.5068,1.147,1.1779,1.056,1.2262910262778612,2.2477,1.9967,4.1382,1.329,1.3156
2024-04-19,3065.261,1.4973,1.1475,1.1793,1.059,1.2263575589981501,2.2553,2.0044,4.0557,1.274,1.3216
2024-04-22,3044.595,1.4914,1.1481,1.1794,1.04,1.226557178818294,2.2351,1.9733,4.0949,1.2922,1.3075
2024-04-23,3021.978,1.4779,1.1485,1.1796,1.022,1.2266237259787542,2.2201,1.9295,4.1565,1.3192,1.3161
2024-04-24,3044.822,1.4854,1.1478,1.1747,1.025,1.226690276749747,2.2544,1.9447,4.1694,1.33,1.3258
2024-04-25,3052.9,1.4887,1.1477,1.1702,1.028,1.2267568311314678,2.2516,1.9438,4.1466,1.3561,1.3222
2024-04-26,3088.636,1.5098,1.1468,1.1738,1.026,1.2268233891241132,2.2686,1.9599,4.2108,1.3943,1.3396
2024-04-29,3113.043,1.5243,1.1246,1.1767,1.023,1.227023084769554,2.3044,1.947,4.2252,1.4124,1.3265
2024-04-30,3104.825,1.5149,1.1254,1.1701,1.025,1.2270896572078558,2.2879,1.936,4.1468,1.3821,1.3181
2024-05-06,3140.72,1.535,1.126,1.1852,1.035,1.2274891676945086,2.3484,1.9292,4.2918,1.4272,1.2815
2024-05-07,3147.738,1.5354,1.1268,1.1882,1.034,1.2275557654202536,2.3509,1.9322,4.2919,1.4136,1.2725
2024-05-08,3128.48,1.5219,1.127,1.1853,1.034,1.2276223667592747,2.3198,1.9297,4.291,1.4124,1.2693
2024-05-09,3154.32,1.5377,1.1267,1.1875,1.042,1.2276889717117676,2.3522,1.927,4.2984,1.4119,1.2762
2024-05-10,3154.547,1.5383,1.1267,1.1831,1.047,1.2277555802779287,2.3441,1.9708,4.3084,1.4133,1.2806
2024-05-13,3148.021,1.5368,1.1272,1.1835,1.049,1.2279554276603806,2.3333,1.9603,4.3178,1.4042,1.2706
2024-05-14,3145.774,1.5352,1.1275,1.1873,1.047,1.2280220506831745,2.3492,1.9521,4.3477,1.42,1.2714
2024-05-15,3119.902,1.5245,1.1276,1.1952,1.043,1.2280886773206168,2.3333,1.9699,4.4118,1.4528,1.2692
2024-05-16,3122.401,1.5299,1.1275,1.1929,1.043,1.2281553075729037,2.3278,1.9854,4.4017,1.4506,1.2752
2024-05-17,3154.026,1.5452,1.1275,1.1896,1.051,1.2282219414402311,2.3438,1.9887,4.4,1.4531,1.2868
2024-05-20,3171.145,1.5504,1.1278,1.1877,1.057,1.2284218647344192,2.3534,2.0322,4.4289,1.4734,1.2914
2024-05-21,3157.966,1.5464,1.1278,1.1908,1.06,1.228488513063871,2.3412,2.0156,4.4393,1.4716,1.2828
2024-05-22,3158.54,1.5494,1.1279,1.1908,1.061,1.228555165009344,2.3341,2.0142,4.4373,1.477,1.2691
2024-05-23,3116.387,1.5327,1.1282,1.1874,1.047,1.2286218205710349,2.2877,1.9728,4.4181,1.4839,1.258
2024-05-24,3088.871,1.518,1.1283,1.1886,1.047,1.2286884797491393,2.2776,1.9542,4.46,1.5028,1.2612
2024-05-27,3124.043,1.5318,1.1286,1.1885,1.061,1.2288884789838983,2.3036,1.9549,4.4593,1.5085,1.2677
2024-05-28,3109.572,1.5211,1.1289,1.1811,1.055,1.2289551526296205,2.2753,1.9587,4.4737,1.5301,1.2902
2024-05-29,3111.018,1.5241,1.1291,1.1753,1.057,1.2290218298927378,2.2817,1.9689,4.4423,1.5039,1.292
2024-05-30,3091.678,1.5147,1.1291,1.1809,1.049,1.2290885107734462,2.2718,1.9547,4.397,1.4999,1.279
2024-05-31,3086.813,1.51,1.129,1.1843,1.05,1.2291551952719422,2.2839,1.9611,4.3949,1.4766,1.2655
2024-06-03,3078.489,1.5115,1.1294,1.1931,1.043,1.2293552704761181,2.2559,1.946,4.4087,1.4896,1.2358
2024-06-04,3091.199,1.5248,1.1296,1.1988,1.049,1.229421969447727,2.2573,1.9605,4.4207,1.4767,1.2085
2024-06-05,3065.403,1.5128,1.1299,1.2034,1.036,1.2294886720381053,2.2083,1.9492,4.5092,1.5334,1.2121
2024-06-06,3048.794,1.5118,1.1302,1.2027,1.039,1.2295553782474489,2.1557,1.9805,4.5064,1.522,1.2323
2024-06-07,3051.279,1.5059,1.1303,1.1911,1.045,1.229622088075954,2.1857,1.9824,4.5016,1.5209,1.237
2024-06-11,3028.045,1.4894,1.1308,1.1936,1.03,1.2298889635855197,2.1856,1.9262,4.5512,1.5471,1.2694
2024-06-12,3037.468,1.491,1.1307,1.2001,1.04,1.2299556915127792,2.1999,1.9331,4.6096,1.584,1.276
2024-06-13,3028.919,1.4839,1.131,1.2063,1.031,1.230022423060379,2.1846,1.9341,4.6345,1.6049,1.2775
2024-06-14,3032.633,1.4921,1.1314,1.2101,1.031,1.230089158228515,2.1911,1.9338,4.6565,1.6029,1.2823
2024-06-17,3015.891,1.4871,1.1315,1.205,1.019,1.2302893854581063,2.1842,1.9379,4.7112,1.6311,1.2872
2024-06-18,3030.246,1.4925,1.1319,1.21,1.023,1.2303561351103527,2.2105,1.9389,4.7089,1.6463,1.3078
2024-06-19,3018.049,1.4871,1.1322,1.2102,1.02,1.230422888384118,2.1875,1.947,4.7093,1.6449,1.3149
2024-06-20,3005.437,1.4757,1.1324,1.2074,1.018,1.2304896452795984,2.1447,1.9616,4.6742,1.623,1.3178
2024-06-21,2998.138,1.4738,1.132,1.2078,1.018,1.2305564057969904,2.1568,1.9688,4.6625,1.6045,1.3202
2024-06-24,2963.099,1.4649,1.1326,1.2102,1.008,1.2307567090826024,2.0929,1.9457,4.6102,1.5611,1.322
2024-06-25,2949.996,1.4561,1.133,1.2098,1.01,1.2308234840896066,2.1023,1.9446,4.6628,1.5683,1.3224
2024-06-26,2972.525,1.4656,1.1332,1.2033,1.015,1.230890262719505,2.1508,1.9326,4.6747,1.5698,1.3185
2024-06-27,2945.852,1.4568,1.134,1.2067,1.011,1.2309570449724947,2.1047,1.9245,4.6831,1.5579,1.3282
2024-06-28,2967.403,1.4642,1.1342,1.1976,1.018,1.2310238308487718,2.1232,1.9448,4.6583,1.5618,1.3309
2024-06-30,2967.403,1.4641,1.1343,1.1977,1.018,1.2311574134719747,2.123,1.9447,4.6583,1.5617,1.3308
2024-07-01,2994.73,1.4727,1.1329,1.1919,1.037,1.2312242102192938,2.1479,1.9426,4.6874,1.5629,1.3429
2024-07-02,2997.011,1.4702,1.1331,1.1947,1.036,1.231291010590687,2.131,1.9438,4.7349,1.576,1.3552
2024-07-03,2982.376,1.4679,1.1333,1.2017,1.028,1.2313578145863504,2.1043,1.9594,4.7751,1.6047,1.3526
2024-07-04,2957.567,1.459,1.1334,1.2017,1.022,1.231424622206481,2.0678,1.9679,4.7744,1.5992,1.3589
2024-07-05,2949.933,1.454,1.1331,1.2074,1.019,1.2314914334512757,2.0858,1.973,4.8214,1.6026,1.3613
2024-07-08,2922.45,1.4429,1.1328,1.2079,1.013,1.2316918889356088,2.0403,1.9779,4.8312,1.6173,1.3443
2024-07-09,2959.372,1.4604,1.1331,1.2066,1.023,1.2317587146810252,2.0931,1.9658,4.8357,1.6273,1.3353
2024-07-10,2939.364,1.4565,1.1332,1.2084,1.007,1.2318255440520889,2.0873,1.9821,4.8853,1.6545,1.3308
2024-07-11,2970.387,1.4712,1.1334,1.2145,1.012,1.2318923770489962,2.1493,1.9858,4.7816,1.6153,1.3418
2024-07-12,2971.295,1.4757,1.1336,1.2165,1.011,1.2319592136719446,2.1529,1.9917,4.8042,1.6315,1.3403
2024-07-15,2974.011,1.4757,1.134,1.2118,1.018,1.2321597452990003,2.1306,1.9929,4.816,1.6294,1.3367
2024-07-16,2976.304,1.4814,1.1341,1.2188,1.015,1.2322265964280783,2.1287,2.0172,4.8193,1.6446,1.3237
2024-07-17,2962.855,1.4778,1.1342,1.2187,1.007,1.232293451184181,2.0976,2.0406,4.683,1.54,1.3206
2024-07-18,2977.133,1.4867,1.1341,1.2145,1.011,1.2323603095675046,2.0993,2.0407,4.6589,1.5456,1.3366
2024-07-19,2982.309,1.4902,1.1342,1.2123,1.005,1.2324271715782464,2.0909,1.9874,4.6184,1.5248,1.3254
2024-07-22,2964.216,1.4804,1.1349,1.2113,0.996,1.2326277793769476,2.0811,1.9909,4.6879,1.5673,1.3
2024-07-23,2915.369,1.4487,1.1353,1.2111,0.984,1.2326946558993293,2.0327,1.9798,4.6716,1.5458,1.2831
2024-07-24,2901.952,1.4395,1.1354,1.208,0.983,1.2327615360501132,1.9978,2.0008,4.506,1.4711,1.2822
2024-07-25,2886.742,1.4306,1.136,1.2114,0.98,1.232828419829496,2.0039,1.9532,4.4572,1.4477,1.2837
2024-07-26,2890.897,1.4383,1.1364,1.2143,0.979,1.232895307237675,2.0484,1.962,4.4987,1.4674,1.2809
2024-07-29,2891.845,1.435,1.1372,1.2171,0.981,1.233095991236955,2.0347,1.9737,4.5092,1.4575,1.2703
2024-07-30,2879.3,1.4235,1.1377,1.2205,0.975,1.233162893162286,2.0341,1.9732,4.4495,1.4231,1.2595
2024-07-31,2938.749,1.4559,1.1378,1.2281,0.988,1.2332297987173975,2.1104,1.9893,4.5816,1.5226,1.288
2024-08-01,2932.387,1.4473,1.1384,1.2314,0.988,1.2332967079024861,2.1054,2.008,4.4693,1.4477,1.292
2024-08-02,2905.338,1.4314,1.1388,1.2453,0.984,1.2333636207177492,2.0754,2.0166,4.3657,1.3903,1.2549
2024-08-05,2860.698,1.4134,1.1392,1.2456,0.972,1.233564380946553,2.0224,1.9782,4.2369,1.3555,1.2166
2024-08-06,2867.284,1.4147,1.1389,1.2382,0.97,1.2336313082844828,2.0504,1.956,4.2803,1.3821,1.2331
2024-08-07,2869.834,1.4142,1.1393,1.2356,0.973,1.2336982392535714,2.0485,1.958,4.2365,1.3541,1.253
2024-08-08,2869.901,1.416,1.1384,1.234,0.975,1.2337651738540163,2.0512,1.9599,4.366,1.4241,1.2608
2024-08-09,2862.194,1.4117,1.1379,1.2374,0.971,1.2338321120860143,2.0407,1.9796,4.3879,1.4261,1.2711
2024-08-12,2858.205,1.4101,1.1362,1.2399,0.975,1.2340329485732975,2.0368,1.9903,4.3947,1.4296,1.289
2024-08-13,2867.946,1.4142,1.1368,1.2441,0.977,1.2340999013334786,2.0475,2.004,4.5025,1.4755,1.3034
2024-08-14,2850.654,1.4036,1.1378,1.2443,0.973,1.2341668577261982,2.0261,1.9991,4.5026,1.4715,1.2931
2024-08-15,2877.358,1.4154,1.1375,1.2393,0.982,1.2342338177516532,2.0392,1.9947,4.609,1.5225,1.2942
2024-08-16,2879.43,1.4182,1.1376,1.2424,0.981,1.2343007814100406,2.0285,1.9965,4.6173,1.5271,1.284
2024-08-19,2893.674,1.4229,1.1381,1.2429,0.989,1.2345016941847702,2.0282,2.0178,4.6731,1.5479,1.262
2024-08-20,2866.661,1.4125,1.1382,1.246,0.978,1.2345686723768592,1.9932,2.019,4.6575,1.5303,1.2417
2024-08-21,2856.584,1.4091,1.1382,1.2459,0.971,1.2346356542028667,1.9884,2.0254,4.6802,1.5455,1.2386
2024-08-22,2848.772,1.4057,1.1382,1.2414,0.971,1.2347026396629894,1.9667,2.0195,4.6,1.5042,1.2299
2024-08-23,2854.368,1.4131,1.1383,1.2467,0.972,1.2347696287574248,1.9613,2.0144,4.658,1.5311,1.2524
2024-08-26,2855.52,1.4118,1.1379,1.2428,0.971,1.234970617848578,1.9813,2.0257,4.6001,1.4983,1.2708
2024-08-27,2848.731,1.4033,1.1368,1.2441,0.971,1.2350376214822354,1.9538,2.023,4.6202,1.5058,1.2806
2024-08-28,2837.429,1.395,1.1374,1.2431,0.967,1.2351046287511915,1.961,2.0208,4.5656,1.4879,1.262
2024-08-29,2823.106,1.3897,1.1374,1.2428,0.953,1.2351716396556434,1.9945,2.0261,4.5638,1.4857,1.2679
2024-08-30,2842.214,1.4083,1.1376,1.2376,0.953,1.2352386541957883,2.0192,2.021,4.6114,1.5223,1.2513
2024-09-02,2811.035,1.3868,1.1386,1.2364,0.956,1.2354397196323539,2.0017,2.0112,4.6063,1.5079,1.2333
2024-09-03,2802.979,1.3925,1.1389,1.2425,0.949,1.2355067487172435,2.0214,2.0138,4.4687,1.4259,1.2103
2024-09-04,2784.278,1.3838,1.1395,1.2475,0.948,1.2355737814388128,2.0072,2.0005,4.4612,1.4243,1.1845
2024-09-05,2788.314,1.3854,1.1399,1.2465,0.948,1.2356408177972589,2.0144,2.0144,4.4553,1.4157,1.1795
2024-09-06,2765.807,1.3742,1.1401,1.2465,0.941,1.2357078577927787,1.9832,2.0184,4.3354,1.3569,1.163
2024-09-09,2736.488,1.3581,1.1407,1.2482,0.927,1.2359089996037567,1.9688,2.0092,4.3934,1.3796,1.1595
2024-09-10,2744.192,1.3592,1.1412,1.2529,0.929,1.2359760541495464,1.978,2.0177,4.4394,1.4036,1.1425
2024-09-11,2721.795,1.353,1.1414,1.2533,0.913,1.2360431123333968,1.9769,2.0279,4.5354,1.4558,1.1403
2024-09-12,2717.123,1.3483,1.1417,1.253,0.914,1.2361101741555054,1.9725,2.0252,4.579,1.4613,1.1719
2024-09-13,2704.09,1.3432,1.1424,1.2513,0.91,1.2361772396160697,1.9481,2.0515,4.59,1.4708,1.1725
2024-09-18,2717.281,1.3494,1.1437,1.2471,0.919,1.236512621502635,1.9555,2.0497,4.5419,1.4363,1.1831
2024-09-19,2736.022,1.3606,1.1437,1.2482,0.92,1.2365797087980788,1.9923,2.0526,4.6622,1.4836,1.208
2024-09-20,2736.814,1.3614,1.144,1.242,0.919,1.2366467997333601,1.9848,2.0702,4.6326,1.4642,1.2007
2024-09-23,2748.918,1.3673,1.1443,1.2402,0.927,1.2368480943802054,1.9814,2.0842,4.6394,1.4619,1.1936
2024-09-24,2863.126,1.4246,1.1433,1.2411,0.962,1.2369151998768124,2.0499,2.0837,4.6587,1.4906,1.2093
2024-09-25,2896.306,1.4455,1.1445,1.2339,0.974,1.2369823090142447,2.0628,2.0958,4.6483,1.4939,1.1953
2024-09-26,3000.953,1.5071,1.143,1.2359,1.002,1.2370494217926995,2.1301,2.1008,4.6894,1.5315,1.158
2024-09-27,3087.529,1.5697,1.1391,1.2343,1.015,1.2371165382123746,2.2173,2.1008,4.6504,1.5249,1.1527
2024-09-30,3336.497,1.6929,1.1375,1.2327,1.078,1.2373179093206972,2.4159,2.0936,4.6592,1.5692,1.1648
2024-10-08,3489.775,1.7819,1.136,1.2323,1.093,1.2378550592058462,2.5636,2.0877,4.7033,1.6763,1.2604
2024-10-09,3258.858,1.6562,1.1354,1.2269,1.017,1.2379222193355768,2.373,2.07,4.7309,1.6853,1.2452
2024-10-10,3301.926,1.6769,1.1376,1.2302,1.048,1.2379893831090965,2.3911,2.077,4.7333,1.6602,1.2644
2024-10-11,3217.738,1.633,1.1389,1.2279,1.028,1.2380565505266032,2.3198,2.0991,4.7387,1.6501,1.2776
2024-10-14,3284.323,1.6618,1.1404,1.228,1.053,1.238258074645023,2.3722,2.1114,4.7756,1.6814,1.2598
2024-10-15,3201.292,1.6192,1.1413,1.2342,1.031,1.2383252566404548,2.3257,2.1195,4.7182,1.6109,1.2083
2024-10-16,3202.948,1.6097,1.141,1.2411,1.041,1.2383924422808625,2.3254,2.1425,4.7417,1.6108,1.2118
2024-10-17,3169.384,1.5908,1.1423,1.2368,1.026,1.2384596315664436,2.3083,2.1523,4.7471,1.6384,1.2117
2024-10-18,3261.563,1.6437,1.1419,1.2381,1.035,1.2385268244973957,2.3697,2.1667,4.7794,1.6658,1.2038
2024-10-21,3268.11,1.6491,1.142,1.2268,1.031,1.238728425164457,2.3847,2.1905,4.7705,1.6608,1.2038
2024-10-22,3285.867,1.6588,1.1407,1.2301,1.037,1.2387956326788718,2.4085,2.1939,4.7895,1.6604,1.226
2024-10-23,3302.803,1.6623,1.1398,1.2282,1.039,1.2388628438396467,2.4173,2.2061,4.718,1.6395,1.2313
2024-10-24,3280.263,1.6454,1.1398,1.2317,1.034,1.2389300586469796,2.4052,2.1875,4.7579,1.6518,1.2222
2024-10-25,3299.7,1.6531,1.1396,1.2265,1.034,1.2389972771010682,2.4426,2.1826,4.7736,1.6659,1.2293
2024-10-28,3322.198,1.6565,1.139,1.2274,1.038,1.2391989543458484,2.4816,2.1931,4.7859,1.6574,1.1823
2024-10-29,3286.407,1.6409,1.1392,1.2299,1.024,1.2392661873889392,2.4373,2.2097,4.8302,1.6789,1.1671
2024-10-30,3266.238,1.629,1.1392,1.2294,1.014,1.2393334240797753,2.439,2.2346,4.7992,1.6486,1.1864
2024-10-31,3279.824,1.6284,1.1398,1.229,1.007,1.2394006644185545,2.4536,2.2258,4.6755,1.5981,1.2009
2024-11-01,3272.014,1.6293,1.1406,1.2178,1.014,1.2394679084054747,2.4137,2.2035,4.701,1.595,1.2061
2024-11-04,3310.207,1.6514,1.141,1.2289,1.022,1.2396696622570613,2.4576,2.1891,4.6889,1.6015,1.2255
2024-11-05,3386.987,1.6896,1.1415,1.2282,1.033,1.2397369208385254,2.5003,2.1898,4.7379,1.6272,1.2348
2024-11-06,3383.806,1.6785,1.1416,1.2116,1.028,1.23980418306912,2.5067,2.1936,4.8646,1.6739,1.231
2024-11-07,3470.661,1.7281,1.1421,1.231,1.049,1.2398714489490437,2.5524,2.1426,4.9809,1.7284,1.2414
2024-11-08,3452.297,1.7096,1.1425,1.2321,1.037,1.239938718478494,2.5456,2.153,4.9701,1.7265,1.2244
2024-11-11,3470.066,1.7171,1.1433,1.2371,1.032,1.2401405489659862,2.591,2.1544,4.9894,1.7307,1.2065
2024-11-12,3421.97,1.6993,1.1442,1.2278,1.025,1.2402078330955242,2.5713,2.1184,4.99,1.7171,1.1979
2024-11-13,3439.278,1.712,1.1438,1.2243,1.03,1.240275120875579,2.5834,2.1183,4.9855,1.6968,1.2025
2024-11-14,3379.839,1.6845,1.144,1.227,1.017,1.2403424123063487,2.5199,2.0765,4.9511,1.6808,1.2016
2024-11-15,3330.726,1.6575,1.1436,1.2259,1.014,1.2404097073880314,2.4807,2.0785,4.8354,1.6322,1.1931
2024-11-18,3323.849,1.6504,1.143,1.2267,1.025,1.2406116145405393,2.4398,2.1022,4.8628,1.6347,1.203
2024-11-19,3346.01,1.6585,1.1436,1.2295,1.026,1.2406789242278553,2.4943,2.1312,4.8941,1.6579,1.2186
2024-11-20,3367.989,1.6627,1.1434,1.2282,1.028,1.2407462375670748,2.524,2.1342,4.8906,1.6506,1.2209
2024-11-21,3370.404,1.663,1.1443,1.2274,1.027,1.2408135545583963,2.5303,2.1619,4.9093,1.6735,1.2235
2024-11-22,3267.192,1.6142,1.1448,1.2292,1.001,1.2408808752020175,2.444,2.1875,4.916,1.6641,1.2397
2024-11-25,3263.76,1.6066,1.1459,1.2429,1.002,1.241082859048662,2.4735,2.1632,4.9221,1.661,1.2231
2024-11-26,3259.757,1.6052,1.1461,1.2405,1.003,1.2411501943034644,2.4588,2.1296,4.9482,1.6511,1.2136
2024-11-27,3309.779,1.6315,1.1458,1.246,1.013,1.2412175332115576,2.4938,2.1518,4.9115,1.6376,1.2072
2024-11-28,3295.698,1.6178,1.1475,1.2447,1.01,1.2412848757731396,2.4897,2.1449,4.9057,1.6331,1.2082
2024-11-29,3326.456,1.634,1.1487,1.2523,1.016,1.2413522219884088,2.5253,2.1558,4.9475,1.6557,1.2095
2024-12-02,3363.982,1.6474,1.1515,1.2519,1.019,1.2415542825583223,2.5691,2.1494,5.0006,1.6904,1.2032
2024-12-03,3378.806,1.6504,1.1515,1.2503,1.028,1.2416216433903227,2.5706,2.1621,5.0232,1.6962,1.2224
2024-12-04,3364.65,1.6433,1.1535,1.2544,1.029,1.2416890078770018,2.5369,2.1594,5.0799,1.737,1.2248
2024-12-05,3368.855,1.6381,1.1537,1.2539,1.027,1.2417563760185573,2.5576,2.1599,5.061,1.7075,1.2022
2024-12-06,3404.076,1.66,1.1531,1.2549,1.039,1.2418237478151881,2.5872,2.1526,5.1043,1.7185,1.193
2024-12-09,3402.534,1.6579,1.1549,1.2521,1.04,1.2420258851375134,2.5944,2.1635,5.0651,1.7034,1.2022
2024-12-10,3422.661,1.6698,1.1582,1.2507,1.041,1.2420932715564275,2.6034,2.1721,5.0499,1.6823,1.2065
2024-12-11,3432.49,1.6696,1.1584,1.2466,1.046,1.2421606616314083,2.6319,2.1898,5.1369,1.7168,1.2207
2024-12-12,3461.5,1.6863,1.1586,1.243,1.051,1.242228055362654,2.6555,2.2036,5.1041,1.7074,1.227
2024-12-13,3391.878,1.6501,1.1602,1.239,1.035,1.2422954527503631,2.6192,2.1821,5.1426,1.7464,1.2375
2024-12-16,3386.331,1.6413,1.162,1.2394,1.04,1.242497666854255,2.6046,2.1668,5.2145,1.7628,1.2383
2024-12-17,3361.485,1.6443,1.1616,1.2403,1.037,1.2425650788698017,2.5475,2.1665,5.1931,1.7385,1.2304
2024-12-18,3382.208,1.6527,1.1604,1.2315,1.042,1.242632494542804,2.5597,2.1605,5.0102,1.695,1.2333
2024-12-19,3370.033,1.6551,1.1603,1.227,1.034,1.24269991387346,2.5837,2.1528,4.9874,1.6797,1.2253
2024-12-20,3368.069,1.6484,1.1622,1.23,1.027,1.2427673368619683,2.5948,2.1441,5.0276,1.7022,1.2205
2024-12-23,3351.257,1.6493,1.1624,1.2244,1.029,1.2429696277765918,2.5333,2.1665,5.0801,1.722,1.2206
2024-12-24,3393.528,1.6698,1.1612,1.2252,1.04,1.2430370653984941,2.5684,2.1597,5.1462,1.7374,1.2265
2024-12-25,3393.35,1.6698,1.1609,1.2252,1.044,1.2431045066792412,2.5397,2.1613,5.1458,1.7358,1.229
2024-12-26,3398.077,1.6726,1.1612,1.2257,1.04,1.2431719516190314,2.5713,2.1657,5.1413,1.7469,1.2284
2024-12-27,3400.142,1.672,1.1621,1.2215,1.043,1.2432394002180633,2.5899,2.1672,5.0723,1.7298,1.2344
2024-12-30,3407.326,1.6794,1.1621,1.2289,1.053,1.243441767972595,2.5761,2.1599,5.0051,1.7096,1.2477
2024-12-31,3351.763,1.6519,1.163,1.2255,1.046,1.2435092312105795,2.5217,2.1541,4.9549,1.6805,1.2553
2025-01-02,3262.561,1.6071,1.1646,1.2267,1.025,1.2436441686674504,2.4688,2.1788,4.9449,1.6729,1.2686
2025-01-03,3211.43,1.5927,1.1647,1.2236,1.017,1.2437116428867343,2.4094,2.1958,5.026,1.6986,1.2733
2025-01-06,3206.923,1.5909,1.1652,1.2209,1.019,1.2439140875103616,2.4182,2.1866,5.0788,1.7367,1.2894
2025-01-07,3229.644,1.6047,1.1647,1.2149,1.016,1.2439815763741584,2.4534,2.1881,4.9915,1.7334,1.2925
2025-01-08,3230.168,1.6034,1.1648,1.2146,1.016,1.24404906889958,2.4502,2.1996,4.9936,1.72,1.2931
2025-01-09,3211.393,1.5983,1.1646,1.215,1.003,1.244116565086825,2.4479,2.2066,4.9933,1.7227,1.2891
2025-01-10,3168.524,1.5792,1.1645,1.2103,0.991,1.2441840649360922,2.4006,2.2188,4.9193,1.7002,1.3161
2025-01-13,3160.755,1.5568,1.1644,1.2087,0.984,1.2443865864580141,2.4039,2.2295,4.9051,1.6913,1.333
2025-01-14,3240.94,1.5968,1.1642,1.2075,1.001,1.244454100957357,2.4991,2.2138,4.8985,1.7129,1.3376
2025-01-15,3227.117,1.5848,1.1642,1.2201,1.002,1.2445216191197157,2.5003,2.2206,5.0047,1.7346,1.3554
2025-01-16,3236.032,1.5878,1.164,1.2235,1.009,1.244589140945289,2.5112,2.2299,4.9721,1.7309,1.3561
2025-01-17,3241.821,1.5942,1.1639,1.2234,1.007,1.2446566664342753,2.5331,2.2325,5.0492,1.7709,1.3557
2025-01-20,3244.378,1.6058,1.1638,1.2236,1.005,1.2448592648837011,2.5653,2.2306,5.0489,1.7734,1.343
2025-01-21,3242.623,1.609,1.164,1.2262,0.998,1.244926805028328,2.5708,2.2356,5.0637,1.8036,1.3324
2025-01-22,3213.624,1.5969,1.1641,1.2234,0.99,1.2449943488373618,2.5602,2.2515,5.1243,1.8348,1.3267
2025-01-23,3230.164,1.6019,1.164,1.2198,1.0,1.2450618963110018,2.5564,2.2537,5.1316,1.815,1.3169
2025-01-24,3252.626,1.6129,1.164,1.2221,1.008,1.2451294474494463,2.5867,2.2588,5.1015,1.8127,1.3111
2025-01-27,3250.601,1.606,1.1644,1.2308,1.019,1.2453321228555971,2.5814,2.2509,4.9499,1.6714,1.2975
2025-02-05,3229.488,1.5923,1.165,1.2438,1.001,1.2459403470379384,2.575,2.3356,5.0659,1.7299,1.2755
2025-02-06,3270.659,1.6111,1.1652,1.243,0.938,1.2460079458369426,2.6202,2.3345,5.0879,1.7544,1.2698
2025-02-07,3303.667,1.632,1.1654,1.2385,0.944,1.2460755483035362,2.656,2.3395,5.0192,1.7513,1.2702
2025-02-10,3322.17,1.6343,1.1654,1.238,0.943,1.2462783777108433,2.6748,2.3748,5.0805,1.7749,1.2848
2025-02-11,3318.057,1.6285,1.1654,1.2349,0.947,1.2463459948497846,2.6809,2.3894,5.0667,1.7523,1.2936
2025-02-12,3346.385,1.6418,1.1654,1.2276,0.948,1.2464136156573102,2.7033,2.3776,5.0723,1.7691,1.2974
2025-02-13,3332.483,1.6372,1.1654,1.2363,0.947,1.2464812401336194,2.676,2.3897,5.1434,1.7676,1.2756
2025-02-14,3346.724,1.65,1.1652,1.2403,0.949,1.246548868278911,2.6887,2.3994,5.162,1.7631,1.2726
2025-02-17,3355.83,1.6528,1.1651,1.2405,0.947,1.246751774730672,2.7102,2.3646,5.1616,1.7795,1.2732
2025-02-18,3324.491,1.6392,1.1648,1.2345,0.946,1.2468194175538845,2.6622,2.3856,5.1715,1.7858,1.2844
2025-02-19,3351.539,1.6484,1.1647,1.2356,0.944,1.246887064047075,2.7048,2.4001,5.1751,1.8107,1.2926
2025-02-20,3350.783,1.645,1.1646,1.2377,0.941,1.2469547142104427,2.7259,2.4078,5.1513,1.8014,1.2939
2025-02-21,3379.113,1.666,1.1643,1.2435,0.937,1.2470223680441865,2.7613,2.3886,5.0456,1.8039,1.283
2025-02-24,3373.028,1.6618,1.164,1.2463,0.937,1.2472253515696667,2.7728,2.3949,4.9862,1.777,1.2814
2025-02-25,3346.04,1.6442,1.1638,1.2543,0.93,1.2472930200869068,2.7589,2.3942,4.9257,1.752,1.2539
2025-02-26,3380.214,1.6558,1.1639,1.2572,0.939,1.247360692275519,2.806,2.374,4.936,1.7901,1.2416
2025-02-27,3388.062,1.6589,1.1638,1.2562,0.945,1.2474283681357021,2.7945,2.3639,4.8038,1.7147,1.2496
2025-02-28,3320.897,1.6292,1.1638,1.2601,0.939,1.2474960476676558,2.7233,2.3444,4.8789,1.6821,1.2498
2025-03-03,3316.925,1.6285,1.1641,1.2635,0.94,1.2476991082961313,2.7352,2.3462,4.7739,1.628,1.2422
2025-03-04,3324.21,1.6275,1.1642,1.2582,0.94,1.2477668025171587,2.7639,2.3735,4.7571,1.6424,1.2165
2025-03-05,3341.965,1.6345,1.1644,1.2556,0.944,1.2478345004109528,2.7729,2.3805,4.8185,1.6729,1.1924
2025-03-06,3381.098,1.6553,1.1643,1.2549,0.943,1.2479022019777126,2.8124,2.3741,4.6859,1.6562,1.1892
2025-03-07,3372.546,1.6488,1.164,1.254,0.944,1.2479699072176376,2.8111,2.373,4.7206,1.6652,1.2023
2025-03-10,3366.163,1.6435,1.164,1.2596,0.944,1.2481730449783959,2.8171,2.3815,4.5455,1.6155,1.195
2025-03-11,3379.828,1.6471,1.1635,1.2561,0.95,1.248240764912974,2.8223,2.3639,4.5336,1.6161,1.1951
2025-03-12,3371.924,1.6441,1.1642,1.2534,0.946,1.2483084885217142,2.8385,2.3729,4.5818,1.6296,1.2059
2025-03-13,3358.729,1.6388,1.1645,1.257,0.95,1.248376215804815,2.8169,2.388,4.4992,1.6026,1.2012
2025-03-14,3419.562,1.6792,1.1647,1.2547,0.956,1.2484439467624764,2.8585,2.4201,4.6076,1.6492,1.2059
2025-03-17,3426.129,1.6776,1.1646,1.2557,0.959,1.2486471616848163,2.8638,2.4287,4.6299,1.656,1.2117
2025-03-18,3429.759,1.6831,1.1648,1.2574,0.958,1.2487149073427128,2.8868,2.4468,4.5587,1.6601,1.2122
2025-03-19,3426.429,1.6844,1.1651,1.2594,0.961,1.2487826566761666,2.8803,2.4706,4.6127,1.6485,1.2063
2025-03-20,3408.948,1.6715,1.1657,1.2607,0.959,1.248850409685377,2.8799,2.4764,4.602,1.6379,1.2212
2025-03-21,3364.831,1.65,1.1658,1.2596,0.955,1.2489181663705435,2.8412,2.4675,4.6175,1.5975,1.2309
2025-03-24,3370.028,1.6602,1.166,1.2552,0.959,1.2491214584837746,2.8242,2.4647,4.7068,1.6282,1.2392
2025-03-25,3369.976,1.6593,1.1662,1.2562,0.965,1.2491892298747602,2.8149,2.4605,4.7304,1.606,1.2397
2025-03-26,3368.697,1.6552,1.1663,1.2532,0.963,1.2492570049426992,2.829,2.4711,4.6458,1.579,1.2531
2025-03-27,3373.749,1.6618,1.1664,1.2528,0.963,1.2493247836877912,2.8223,2.476,4.6182,1.571,1.2519
2025-03-28,3351.307,1.6561,1.1665,1.2593,0.958,1.2493925661102356,2.7966,2.5159,4.4965,1.5375,1.246
2025-03-31,3335.746,1.6454,1.1666,1.2632,0.955,1.2495959354436785,2.7716,2.5489,4.496,1.5281,1.2636
2025-04-01,3348.435,1.646,1.1667,1.266,0.961,1.249663732577528,2.7923,2.5668,4.5314,1.535,1.2791
2025-04-02,3350.127,1.6454,1.1668,1.2681,0.964,1.2497315333897274,2.8012,2.5563,4.5677,1.5469,1.2788
2025-04-03,3342.008,1.6335,1.1675,1.2742,0.964,1.2497993378804766,2.7494,2.5769,4.3314,1.4644,1.2192
2025-04-07,3096.576,1.5162,1.17,1.2656,0.907,1.2500705926329623,2.4692,2.4955,4.07,1.3411,1.1138
2025-04-08,3145.549,1.5381,1.1692,1.2594,0.925,1.2501384155194537,2.4223,2.5039,3.999,1.3215,1.1122
2025-04-09,3186.81,1.5494,1.1695,1.2591,0.927,1.2502062420856928,2.4512,2.5405,4.4414,1.4698,1.0741
2025-04-10,3223.638,1.5711,1.1697,1.2525,0.934,1.2502740723318786,2.5183,2.5839,4.2803,1.4265,1.1173
2025-04-11,3238.227,1.577,1.1696,1.2505,0.932,1.250341906258211,2.5277,2.6377,4.3525,1.4782,1.1102
2025-04-14,3262.808,1.5838,1.1697,1.257,0.938,1.2505454301200851,2.5638,2.6563,4.3779,1.4893,1.1231
2025-04-15,3267.662,1.5868,1.1697,1.2592,0.943,1.250613278769001,2.5785,2.6579,4.3836,1.4789,1.1258
2025-04-16,3276.004,1.5884,1.1701,1.2631,0.948,1.250681131099062,2.5404,2.7215,4.2598,1.4484,1.1264
2025-04-17,3280.341,1.5879,1.1699,1.259,0.946,1.2507489871104678,2.5472,2.7384,4.2573,1.4487,1.1637
2025-04-18,3276.73,1.5888,1.17,1.2589,0.948,1.250816846803418,2.5569,2.7456,4.2563,1.4448,1.1672
2025-04-21,3291.434,1.5967,1.1698,1.2527,0.947,1.2510204479735336,2.6007,2.7974,4.1556,1.4325,1.1596
2025-04-22,3299.757,1.5997,1.17,1.2543,0.95,1.2510883223946594,2.6138,2.8684,4.2586,1.4548,1.1603
2025-04-23,3296.355,1.6034,1.1697,1.2576,0.948,1.2511562004983288,2.6403,2.7477,4.3526,1.4869,1.1584
2025-04-24,3297.288,1.6043,1.1696,1.2615,0.952,1.2512240822847414,2.634,2.7632,4.4668,1.5143,1.1493
2025-04-25,3295.06,1.607,1.1697,1.2658,0.952,1.2512919677540968,2.6394,2.7412,4.5128,1.526,1.1591
2025-04-28,3288.415,1.6033,1.17,1.2678,0.952,1.251495646261819,2.6002,2.7155,4.5101,1.5213,1.1475
2025-04-29,3286.655,1.6,1.1704,1.2702,0.95,1.2515635464649446,2.6083,2.7229,4.5363,1.5247,1.1395
2025-04-30,3279.031,1.5979,1.1706,1.2694,0.944,1.2516314503520125,2.6158,2.7224,4.541,1.5366,1.1025
2025-05-06,3316.114,1.6113,1.1708,1.2616,0.949,1.2520389510483982,2.6686,2.7641,4.5894,1.5683,1.1053
2025-05-07,3342.665,1.6215,1.1709,1.2636,0.955,1.2521068807286582,2.6708,2.7853,4.607,1.5842,1.0928
2025-05-08,3351.996,1.6307,1.1714,1.259,0.959,1.2521748140944597,2.6874,2.7472,4.6539,1.6034,1.0984
2025-05-09,3341.999,1.6287,1.1717,1.2596,0.964,1.2522427511460026,2.6716,2.7397,4.6538,1.5913,1.1168
2025-05-12,3369.245,1.6471,1.1714,1.2544,0.967,1.2524465844170793,2.7037,2.6533,4.8347,1.6605,1.1453
2025-05-13,3374.871,1.6493,1.1718,1.2531,0.973,1.2525145362135877,2.7062,2.6651,4.9045,1.6772,1.1542
2025-05-14,3403.948,1.6711,1.1718,1.2483,0.978,1.2525824916968376,2.7031,2.6479,4.9298,1.6872,1.1581
2025-05-15,3380.821,1.6575,1.1718,1.2548,0.974,1.2526504508670286,2.6765,2.5692,4.9338,1.666,1.1331
2025-05-16,3367.462,1.6494,1.1716,1.2522,0.97,1.2527184137243612,2.7002,2.6073,4.9549,1.6708,1.1359
2025-05-19,3367.583,1.6461,1.1719,1.2538,0.972,1.2529223244212082,2.7097,2.6335,4.958,1.6701,1.142
2025-05-20,3380.478,1.6542,1.1721,1.2507,0.976,1.252990302029107,2.7325,2.631,4.9412,1.6739,1.1422
2025-05-21,3387.574,1.6624,1.1721,1.2425,0.981,1.2530582833251478,2.7337,2.6997,4.8766,1.6513,1.1463
2025-05-22,3380.189,1.661,1.1722,1.2466,0.983,1.2531262683095303,2.7103,2.7168,4.8812,1.6397,1.1289
2025-05-23,3348.372,1.6475,1.1722,1.248,0.975,1.253194256982455,2.6953,2.7084,4.8372,1.6241,1.1328
2025-05-26,3346.839,1.639,1.1724,1.2469,0.969,1.253398245134482,2.7017,2.7019,4.8323,1.625,1.1375
2025-05-27,3340.687,1.6312,1.1723,1.2537,0.967,1.253466248563576,2.7013,2.6844,4.9457,1.6534,1.1282
2025-05-28,3339.932,1.6317,1.1722,1.2515,0.97,1.2535342556822124,2.7034,2.6859,4.9252,1.6361,1.1376
2025-05-29,3363.446,1.6405,1.1719,1.2564,0.971,1.253602266490592,2.7333,2.6626,4.9351,1.6538,1.1384
2025-05-30,3347.487,1.6345,1.1722,1.2561,0.974,1.2536702809889146,2.7048,2.6827,4.9265,1.6276,1.113
2025-06-03,3361.976,1.6408,1.1723,1.2524,0.979,1.25394237588564,2.7251,2.7179,5.0015,1.6678,1.1569
2025-06-04,3376.203,1.6477,1.1724,1.2599,0.983,1.2540104088366812,2.751,2.7199,5.0169,1.6842,1.1517
2025-06-05,3384.099,1.6518,1.1724,1.2583,0.979,1.254078445478867,2.765,2.726,4.9753,1.6947,1.1575
2025-06-06,3385.358,1.6523,1.1728,1.2512,0.98,1.2541464858123972,2.7725,2.7215,5.0211,1.6996,1.1694
2025-06-09,3399.772,1.6566,1.1731,1.2535,0.982,1.2543506289630593,2.7916,2.6941,5.0304,1.7342,1.1802
2025-06-10,3384.816,1.6479,1.1731,1.2542,0.982,1.2544186840639713,2.7763,2.6953,5.0617,1.7438,1.1912
2025-06-11,3402.316,1.6621,1.1733,1.2564,0.986,1.2544867428572295,2.8047,2.7031,5.042,1.7415,1.2006
2025-06-12,3402.658,1.6634,1.1733,1.261,0.989,1.2545548053430342,2.8173,2.7235,5.0528,1.732,1.2224
2025-06-13,3376.996,1.6538,1.1733,1.2573,0.982,1.254622871521586,2.7841,2.7637,4.9868,1.7009,1.2915
2025-06-16,3388.729,1.6594,1.1734,1.2544,0.985,1.2548270922157254,2.7891,2.7515,5.0563,1.7396,1.2772
2025-06-17,3387.405,1.6583,1.1737,1.2581,0.984,1.254895173167268,2.7849,2.7325,5.0047,1.727,1.3029
2025-06-18,3388.809,1.6593,1.1738,1.2585,0.986,1.2549632578125594,2.7843,2.7279,5.0052,1.7411,1.3161
2025-06-19,3362.108,1.6448,1.1739,1.2581,0.982,1.2550313461517997,2.7511,2.7131,5.003,1.7403,1.343
2025-06-20,3359.895,1.649,1.1739,1.258,0.985,1.2550994381851897,2.7384,2.7121,4.9797,1.7365,1.3292
2025-06-23,3381.582,1.6527,1.1741,1.2603,0.988,1.2553037364522612,2.7575,2.7141,5.0325,1.7618,1.3249
2025-06-24,3420.566,1.6718,1.174,1.2626,0.993,1.2553718432642538,2.8193,2.6842,5.1052,1.8056,1.1953
2025-06-25,3455.974,1.6956,1.1739,1.2633,0.999,1.255439953771398,2.8418,2.6908,5.1167,1.8317,1.2001
2025-06-26,3448.453,1.6909,1.1739,1.2652,1.001,1.2555080679738948,2.8255,2.6981,5.1616,1.8372,1.1968
2025-06-27,3424.227,1.6819,1.1741,1.2634,0.994,1.255576185871944,2.8482,2.6638,5.1814,1.8449,1.1939
2025-06-30,3444.426,1.6883,1.1741,1.2663,0.993,1.2557805617414137,2.8821,2.666,5.2117,1.8491,1.1873
2025-07-01,3457.747,1.6916,1.1744,1.2654,1.001,1.2558486944236793,2.9116,2.6948,5.1633,1.8327,1.1931
2025-07-02,3454.792,1.6912,1.1748,1.2636,1.005,1.2559168308025002,2.9118,2.689,5.2003,1.8351,1.2052
2025-07-03,3461.151,1.7015,1.175,1.26,1.006,1.2559849708780768,2.9468,2.7071,5.2495,1.8493,1.2179
2025-07-04,3472.319,1.7056,1.1753,1.2603,1.013,1.2560531146506102,2.9253,2.6923,5.2503,1.8543,1.213
2025-07-07,3473.127,1.7008,1.1755,1.2575,1.018,1.2562575681519552,2.9377,2.678,5.2072,1.8292,1.2202
2025-07-08,3497.475,1.7126,1.1753,1.2573,1.018,1.2563257267143204,2.9781,2.6907,5.2124,1.8604,1.2377
2025-07-09,3493.05,1.7107,1.1753,1.2612,1.021,1.256393888974645,2.9687,2.6629,5.2489,1.8562,1.2426
2025-07-10,3509.682,1.7188,1.1751,1.2604,1.028,1.25646205493313,2.9772,2.6841,5.2386,1.8648,1.2308
2025-07-11,3510.177,1.7254,1.1751,1.2562,1.022,1.2565302245899757,2.9882,2.6842,5.2249,1.874,1.2394
2025-07-14,3519.65,1.7278,1.175,1.2553,1.028,1.2567347557526842,3.0269,2.71,5.2427,1.8652,1.2342
2025-07-15,3504.999,1.7261,1.1753,1.253,1.021,1.2568029402049798,3.0309,2.7055,5.2491,1.8948,1.2238
2025-07-16,3503.777,1.72,1.1754,1.2548,1.017,1.2568711283566394,3.0424,2.6931,5.2558,1.8928,1.2174
2025-07-17,3516.826,1.7281,1.1756,1.2541,1.017,1.256939320207864,3.0534,2.6885,5.2903,1.9175,1.2257
2025-07-18,3534.483,1.7384,1.1757,1.2563,1.021,1.2570075157588543,3.047,2.6964,5.2889,1.9162,1.2367
2025-07-21,3559.791,1.7533,1.1755,1.2595,1.03,1.257212124612426,3.0932,2.7098,5.3166,1.9129,1.2332
2025-07-22,3581.861,1.77,1.1753,1.2605,1.039,1.2572803349644859,3.1194,2.7207,5.286,1.9063,1.2223
2025-07-23,3582.298,1.7721,1.1748,1.2581,1.037,1.2573485490173153,3.1062,2.7488,5.3046,1.9003,1.219
2025-07-24,3605.727,1.7841,1.174,1.2572,1.037,1.257416766771115,3.1331,2.7033,5.3162,1.9153,1.2323
2025-07-25,3593.655,1.7758,1.1739,1.2587,1.033,1.2574849882260855,3.1418,2.6984,5.3297,1.9375,1.2268
2025-07-28,3597.937,1.7771,1.1744,1.2581,1.026,1.257689674800031,3.1601,2.6898,5.351,1.9635,1.2385
2025-07-29,3609.711,1.7809,1.174,1.2644,1.024,1.2577579110616937,3.1715,2.6761,5.3434,1.9919,1.2605
2025-07-30,3615.717,1.7809,1.1743,1.2606,1.027,1.2578261510255313,3.1578,2.6828,5.3466,1.9777,1.2887
2025-07-31,3573.208,1.7496,1.1748,1.2617,1.011,1.257894394691745,3.1193,2.6745,5.3218,1.954,1.2807
2025-08-01,3559.952,1.7426,1.1751,1.2696,1.011,1.2579626420605354,3.1316,2.6744,5.2173,1.927,1.2614
2025-08-04,3583.309,1.7501,1.1753,1.2698,1.016,1.2581674063843769,3.1627,2.7044,5.3071,1.969,1.2418
2025-08-05,3617.598,1.7643,1.1754,1.2696,1.026,1.2582356685654836,3.1937,2.718,5.2663,1.9589,1.2244
2025-08-06,3633.995,1.7695,1.1755,1.2692,1.029,1.2583039344501719,3.2209,2.7158,5.3364,1.9611,1.2191
2025-08-07,3639.667,1.7693,1.1757,1.2682,1.031,1.2583722040386423,3.2138,2.7251,5.3491,1.9726,1.2047
2025-08-08,3635.128,1.7669,1.1758,1.2672,1.033,1.258440477331096,3.2382,2.7292,5.4014,1.9699,1.1977
2025-08-11,3647.547,1.7709,1.1756,1.268,1.029,1.2586453194343665,3.2727,2.7034,5.3843,1.9758,1.1978
2025-08-12,3665.918,1.7796,1.1753,1.2673,1.032,1.2587136075447631,3.2756,2.6953,5.4548,2.0369,1.1996
2025-08-13,3683.465,1.7929,1.1754,1.2696,1.03,1.2587818993601476,3.3084,2.6999,5.4524,2.0622,1.1832
2025-08-14,3666.443,1.7922,1.1752,1.2667,1.023,1.2588501948807216,3.2681,2.7007,5.4471,2.0579,1.1932
2025-08-15,3696.771,1.8037,1.1751,1.2655,1.025,1.2589184941066855,3.3272,2.6949,5.4219,2.0555,1.1906
2025-08-18,3728.027,1.815,1.1742,1.2641,1.025,1.2591234140189296,3.3555,2.698,5.4181,2.0651,1.1896
2025-08-19,3727.288,1.8062,1.1741,1.2664,1.024,1.259191728068465,3.3613,2.6931,5.3462,2.027,1.1861
2025-08-20,3766.21,1.8289,1.1741,1.2677,1.033,1.2592600458243959,3.4116,2.6833,5.3166,2.0323,1.1951
2025-08-21,3771.099,1.8343,1.1742,1.2644,1.038,1.2593283672869233,3.417,2.6898,5.2869,2.0228,1.2056
2025-08-22,3825.759,1.8689,1.1742,1.2684,1.037,1.2593966924562487,3.435,2.689,5.3693,2.1141,1.2126
2025-08-25,3883.562,1.9055,1.1747,1.2651,1.045,1.2596016902070217,3.4607,2.7026,5.3421,2.1305,1.2153
2025-08-26,3868.382,1.8994,1.175,1.2658,1.045,1.259670030205549,3.4777,2.7071,5.3652,2.1265,1.2092
2025-08-27,3800.35,1.8721,1.1751,1.2654,1.026,1.2597383739118795,3.4208,2.7105,5.3688,2.1411,1.2043
2025-08-28,3843.597,1.9008,1.1748,1.2669,1.03,1.2598067213262147,3.4479,2.7165,5.3964,2.2065,1.2078
2025-08-29,3857.927,1.9155,1.1749,1.2651,1.03,1.2598750724487557,3.4636,2.7228,5.3295,2.147,1.2119
2025-09-01,3875.53,1.9234,1.1751,1.266,1.028,1.2600801480676247,3.4886,2.7677,5.332,2.164,1.2131
2025-09-02,3858.133,1.9061,1.1754,1.2645,1.029,1.2601485140250004,3.4128,2.7874,5.2921,2.1206,1.2349
2025-09-03,3813.557,1.892,1.1759,1.2677,1.02,1.260216883691588,3.3822,2.8187,5.334,2.1223,1.2194
2025-09-04,3765.876,1.854,1.1761,1.2697,1.02,1.2602852570675886,3.3397,2.82,5.3797,2.0801,1.2038
2025-09-05,3812.514,1.8925,1.1756,1.2748,1.022,1.2603536341532033,3.4385,2.8276,5.3849,2.1327,1.1841
2025-09-08,3826.841,1.894,1.1751,1.2773,1.028,1.2605587876697464,3.4875,2.8602,5.4078,2.1192,1.1903
2025-09-09,3807.292,1.8844,1.1748,1.2748,1.031,1.2606271795958313,3.4499,2.8966,5.4234,2.1198,1.1931
2025-09-10,3812.221,1.8893,1.174,1.2779,1.027,1.2606955752325366,3.4446,2.8897,5.4285,2.1321,1.2072
2025-09-11,3875.309,1.9318,1.1739,1.2791,1.033,1.2607639745800643,3.4961,2.8793,5.4588,2.1882,1.1956
2025-09-12,3870.598,1.9217,1.1742,1.2773,1.028,1.260832377638615,3.4864,2.8919,5.48,2.1998,1.1947
2025-09-15,3860.504,1.923,1.1745,1.2795,1.024,1.2610376090824214,3.48,2.8845,5.524,2.2097,1.1973
2025-09-16,3861.865,1.92,1.1749,1.2798,1.021,1.2611060269870793,3.5068,2.9196,5.5171,2.2187,1.2166
2025-09-17,3876.341,1.9322,1.1754,1.2775,1.022,1.2611744486037675,3.5436,2.8977,5.5042,2.2349,1.2169
2025-09-18,3831.656,1.9144,1.175,1.2771,1.005,1.261242873932687,3.511,2.8724,5.5613,2.3051,1.2107
2025-09-19,3820.089,1.9169,1.1743,1.2771,1.012,1.2613113029740397,3.4981,2.8787,5.6022,2.2982,1.1957
2025-09-22,3828.576,1.9252,1.1747,1.2761,1.005,1.26151661237471,3.5001,2.922,5.6314,2.3306,1.1936
2025-09-23,3821.833,1.9249,1.174,1.2773,1.008,1.261585056267809,3.4806,2.9607,5.5878,2.3183,1.2099
2025-09-24,3853.642,1.9438,1.1728,1.2761,1.011,1.2616535038743482,3.5371,2.9813,5.5713,2.338,1.2216
2025-09-25,3853.302,1.9525,1.1727,1.2763,1.008,1.261721955194529,3.5372,2.9649,5.5498,2.3521,1.2329
2025-09-26,3828.106,1.935,1.1731,1.2766,1.01,1.2617904102285529,3.5239,2.9691,5.5753,2.3327,1.245
2025-09-29,3862.532,1.9606,1.173,1.278,1.014,1.2619957976156988,3.5588,3.002,5.5949,2.3553,1.2142
2025-09-30,3882.777,1.9659,1.1736,1.2767,1.013,1.2620642675071105,3.5701,3.0334,5.6082,2.389,1.1951
2025-10-09,3933.972,1.9909,1.1743,1.2792,1.019,1.2626806637222876,3.6155,3.1704,5.7022,2.4985,1.1845
2025-10-10,3897.028,1.959,1.1742,1.2837,1.028,1.262749170771278,3.5906,3.1245,5.5004,2.3706,1.1453
2025-10-13,3889.502,1.9477,1.175,1.2829,1.024,1.2629547142202557,3.5645,3.2204,5.616,2.4469,1.1546
2025-10-14,3865.229,1.9247,1.1752,1.2835,1.032,1.2630232361379228,3.5256,3.2703,5.5788,2.3689,1.1253
2025-10-15,3912.21,1.9523,1.1752,1.2832,1.038,1.2630917617732635,3.5987,3.3302,5.6146,2.418,1.1246
2025-10-16,3916.228,1.9555,1.1758,1.2855,1.041,1.2631602911264792,3.5584,3.3616,5.5926,2.4241,1.1185
2025-10-17,3839.755,1.9156,1.1768,1.2837,1.033,1.2632288241977718,3.4589,3.4573,5.6275,2.3957,1.1076
2025-10-20,3863.893,1.925,1.1764,1.2854,1.038,1.2634344457221283,3.4981,3.3843,5.7008,2.4354,1.1063
2025-10-21,3916.332,1.9563,1.177,1.2858,1.04,1.2635029936677455,3.5575,3.4283,5.695,2.4641,1.1134
2025-10-22,3913.758,1.9522,1.1771,1.2868,1.041,1.2635715453324488,3.5414,3.2986,5.6403,2.4397,1.1361
2025-10-23,3922.41,1.9565,1.1771,1.284,1.049,1.263640100716439,3.5514,3.272,5.6867,2.4556,1.1679
2025-10-24,3950.312,1.9826,1.1769,1.2842,1.044,1.2637086598199185,3.5897,3.2558,5.7447,2.5385,1.1738
2025-10-27,3996.945,2.0052,1.1773,1.2846,1.05,1.2639143594493105,3.6301,3.2385,5.8439,2.603,1.1701
2025-10-28,3988.224,1.9933,1.1787,1.2849,1.044,1.2639829334327648,3.6131,3.1236,5.8851,2.6097,1.1486
2025-10-29,4016.331,2.0164,1.1789,1.2807,1.043,1.2640515111367174,3.6375,3.1748,5.9076,2.6282,1.1556
2025-10-30,3986.901,1.9963,1.1797,1.2799,1.04,1.2641200925613703,3.5737,3.1557,5.8235,2.5881,1.1536
2025-10-31,3954.79,1.9671,1.1806,1.2805,1.039,1.2641886777069251,3.559,3.205,5.8521,2.5543,1.1573
2025-11-03,3976.521,1.9672,1.181,1.2792,1.046,1.2643944554710203,3.5623,3.2,5.8754,2.554,1.1638
2025-11-04,3960.186,1.9521,1.1809,1.2808,1.049,1.264463055502202,3.5066,3.1881,5.7574,2.4895,1.1585
2025-11-05,3969.248,1.9563,1.1811,1.2774,1.052,1.2645316592552953,3.5467,3.1657,5.7987,2.5152,1.1537
2025-11-06,4007.76,1.9822,1.1803,1.2807,1.057,1.264600266730502,3.579,3.1925,5.6861,2.5418,1.1426
2025-11-07,3997.556,1.9749,1.1799,1.2797,1.059,1.264668877928024,3.5699,3.1936,5.6682,2.5135,1.1474
2025-11-10,4018.597,1.9761,1.1804,1.2793,1.065,1.2648747338565023,3.5527,3.2499,5.7921,2.5529,1.1493
2025-11-11,4002.758,1.9588,1.1805,1.28,1.064,1.2649433599453055,3.5389,3.2924,5.7753,2.4983,1.1653
2025-11-12,4000.14,1.9613,1.1809,1.2815,1.065,1.2650119897574341,3.5243,3.2857,5.7699,2.5135,1.1404
2025-11-13,4029.501,1.9813,1.1807,1.2802,1.069,1.2650806232930898,3.5616,3.3338,5.6552,2.4759,1.1315
2025-11-14,3990.492,1.9531,1.1808,1.278,1.062,1.265149260552475,3.5228,3.2985,5.6551,2.449,1.1492
2025-11-17,3972.035,1.9395,1.1814,1.2789,1.056,1.2653551946750268,3.5013,3.2391,5.6077,2.4256,1.1473
2025-11-18,3939.813,1.9275,1.1815,1.2807,1.043,1.2654238468313495,3.4471,3.1908,5.545,2.4006,1.1513
2025-11-19,3946.742,1.9368,1.1812,1.2799,1.047,1.2654925027124118,3.4037,3.2518,5.5759,2.4184,1.1439
2025-11-20,3931.051,1.9303,1.1812,1.2831,1.045,1.265561162318416,3.3838,3.2352,5.4481,2.359,1.1345
2025-11-21,3834.891,1.8867,1.181,1.2835,1.028,1.2656298256495637,3.2668,3.2161,5.487,2.3155,1.1168
2025-11-24,3836.766,1.8849,1.1812,1.2848,1.023,1.2658358379958907,3.308,3.2203,5.6263,2.3813,1.1263
2025-11-25,3870.023,1.9027,1.1806,1.2858,1.028,1.2659045162296347,3.3515,3.2737,5.6567,2.3959,1.1144
2025-11-26,3864.184,1.9147,1.1794,1.2857,1.025,1.265973198189533,3.3376,3.2733,5.7033,2.456,1.1199
2025-11-27,3875.259,1.913,1.1789,1.2855,1.026,1.266041883875788,3.3568,3.2817,5.7019,2.4476,1.1262
2025-11-28,3888.596,1.9176,1.1796,1.2844,1.027,1.2661105732886018,3.3882,3.2966,5.7455,2.4787,1.1344
2025-12-01,3914.006,1.9357,1.1798,1.2803,1.034,1.2663166638884176,3.4256,3.332,5.7229,2.4922,1.1381
2025-12-02,3897.712,1.9301,1.1793,1.2809,1.034,1.266385368209488,3.4082,3.3203,5.772,2.5028,1.1332
2025-12-03,3878.0,1.9225,1.179,1.2814,1.032,1.2664540762581287,3.4042,3.3041,5.7808,2.5237,1.1319
2025-12-04,3875.793,1.929,1.1779,1.2795,1.029,1.266522788034541,3.3905,3.3009,5.7732,2.5345,1.1409
2025-12-05,3902.808,1.9443,1.1784,1.278,1.031,1.266591503538928,3.4349,3.3244,5.799,2.56,1.146
2025-12-08,3924.078,1.9604,1.1784,1.277,1.028,1.2667976724219567,3.4552,3.3167,5.785,2.608,1.1371
2025-12-09,3909.522,1.9547,1.1788,1.2761,1.02,1.2668664028402632,3.4373,3.293,5.7939,2.6135,1.1227
2025-12-10,3900.496,1.9524,1.179,1.2777,1.02,1.2669351369875557,3.4472,3.3059,5.8154,2.6437,1.1207
2025-12-11,3873.318,1.9375,1.1795,1.2763,1.015,1.267003874864036,3.402,3.3114,5.7913,2.6114,1.109
2025-12-12,3889.346,1.9514,1.1793,1.2734,1.015,1.2670726164699067,3.4225,3.351,5.6785,2.5474,1.1069
2025-12-15,3867.921,1.9418,1.1788,1.2745,1.018,1.267278863665884,3.4253,3.3948,5.6507,2.512,1.0948
2025-12-16,3824.812,1.9195,1.179,1.2751,1.013,1.2673476201913396,3.374,3.3547,5.6599,2.492,1.0732
2025-12-17,3870.278,1.9554,1.1795,1.2743,1.017,1.2674163804471972,3.4256,3.3808,5.5504,2.4748,1.0858
2025-12-18,3876.371,1.9459,1.1797,1.2761,1.025,1.2674851444336594,3.4167,3.3902,5.633,2.4908,1.0854
2025-12-19,3890.448,1.9523,1.1802,1.274,1.025,1.2675539121509287,3.456,3.3898,5.7025,2.5283,1.0873
2025-12-22,3917.364,1.971,1.1801,1.2737,1.02,1.267760237689602,3.4863,3.4477,5.7304,2.5817,1.109
2025-12-23,3919.979,1.9772,1.1806,1.2731,1.021,1.2678290203321232,3.491,3.4982,5.7582,2.6037,1.1151
2025-12-24,3940.947,1.9813,1.1807,1.274,1.023,1.2678978067064635,3.5352,3.5017,5.7702,2.6166,1.1197
2025-12-25,3959.621,1.9845,1.1806,1.2729,1.026,1.2679665968128255,3.5712,3.4846,5.7649,2.613,1.1193
2025-12-26,3963.679,1.9885,1.1807,1.2724,1.027,1.2680353906514115,3.5654,3.4995,5.7597,2.6089,1.1112
2025-12-29,3965.28,1.9822,1.1801,1.2735,1.027,1.268241794562539,3.5607,3.4894,5.731,2.6171,1.107
2025-12-30,3965.116,1.9827,1.1801,1.2733,1.028,1.2683106033320466,3.5659,3.4121,5.718,2.62,1.1107
2025-12-31,3968.84,1.9736,1.1804,1.27,1.028,1.2683794158347907,3.5678,3.3881,5.6666,2.5878,1.1078
2026-01-05,4023.417,2.012,1.1809,1.2701,1.032,1.2687235343541505,3.6123,3.4505,5.6947,2.696,1.1071
2026-01-06,4083.667,2.0398,1.1803,1.2685,1.042,1.2687923692605685,3.6409,3.4828,5.7443,2.7331,1.1026
2026-01-07,4085.772,2.0362,1.18,1.2704,1.039,1.268861207901641,3.6519,3.4724,5.7488,2.7249,1.0824
2026-01-08,4082.979,2.018,1.1805,1.2696,1.036,1.268930050277571,3.6628,3.4599,5.7163,2.6919,1.1006
2026-01-09,4120.426,2.027,1.1808,1.2691,1.04,1.268998896388561,3.7105,3.4839,5.7692,2.7468,1.1298
2026-01-12,4165.287,2.0373,1.1813,1.2685,1.042,1.2692054571339175,3.75,3.5536,5.7723,2.7552,1.1287
2026-01-13,4138.759,2.0179,1.1816,1.2685,1.04,1.269274318187174,3.7073,3.5597,5.7613,2.7319,1.1606
2026-01-14,4126.093,2.015,1.1818,1.2713,1.033,1.2693431829765038,3.7151,3.6033,5.7014,2.7353,1.1631
2026-01-15,4112.601,2.0221,1.1819,1.2691,1.033,1.2694120515021097,3.737,3.5908,5.7153,2.7888,1.1368
2026-01-16,4101.913,2.0165,1.1825,1.2669,1.026,1.2694809237641942,3.7753,3.5855,5.7122,2.8371,1.1395
2026-01-19,4114.0,2.0201,1.1826,1.2666,1.034,1.2696875629713478,3.8225,3.6293,5.71,2.8362,1.1377
2026-01-20,4113.649,2.0144,1.183,1.2617,1.047,1.2697564501813745,3.8098,3.6655,5.5835,2.7809,1.1444
2026-01-21,4116.94,2.0189,1.1833,1.2647,1.042,1.269825341128894,3.856,3.7723,5.6606,2.8504,1.1541
2026-01-22,4122.576,2.0244,1.1834,1.2656,1.048,1.2698942358141085,3.8688,3.7595,5.7054,2.8663,1.1459
2026-01-23,4136.164,2.0138,1.1838,1.2652,1.046,1.2699631342372213,3.9114,3.8489,5.7183,2.827,1.162
2026-01-26,4132.605,2.0178,1.184,1.2652,1.053,1.2701698519359756,3.8733,3.9645,5.7365,2.8137,1.1617
2026-01-27,4139.904,2.0202,1.1839,1.2635,1.047,1.2702387653127085,3.8712,3.9651,5.7874,2.8842,1.178
2026-01-28,4151.238,2.026,1.184,1.2617,1.057,1.2703076824283535,3.8541,4.0988,5.799,2.9295,1.1954
2026-01-29,4157.985,2.0374,1.1841,1.2624,1.068,1.2703766032831136,3.808,4.2992,5.7682,2.8918,1.2304
2026-01-30,4117.948,2.0183,1.1841,1.2603,1.062,1.2704455278771916,3.8012,4.0398,5.6895,2.8616,1.2369
2026-02-02,4015.746,1.9746,1.1841,1.2589,1.034,1.2706523240973615,3.6872,3.5806,5.7308,2.8482,1.1774
2026-02-03,4067.738,1.9931,1.184,1.2582,1.042,1.27072126365074,3.7613,3.8065,5.6371,2.8152,1.1938
2026-02-04,4102.202,2.0075,1.184,1.2564,1.064,1.2707902069444506,3.7764,3.9535,5.5335,2.7082,1.2077
2026-02-05,4075.917,1.9983,1.1843,1.2623,1.062,1.2708591539786966,3.7273,3.8375,5.4595,2.686,1.2024
2026-02-06,4065.583,1.9884,1.1848,1.2618,1.06,1.270928104753681,3.7458,3.7946,5.5759,2.7636,1.2141
2026-02-09,4123.09,2.0172,1.1853,1.2611,1.068,1.2711349795250928,3.7904,3.8737,5.6139,2.8274,1.2147
2026-02-10,4128.373,2.0184,1.1854,1.2639,1.001,1.2712039452650596,3.7908,3.8768,5.5792,2.8104,1.2191
2026-02-11,4131.985,2.0148,1.1858,1.262,1.007,1.2712729147467796,3.8088,3.8979,5.5937,2.8221,1.2333
2026-02-12,4134.018,2.0181,1.1861,1.2673,1.004,1.2713418879704559,3.8318,3.8967,5.4814,2.8144,1.2088
2026-02-13,4082.073,1.9941,1.1861,1.2693,0.989,1.2714108649362912,3.8028,3.8481,5.4872,2.8232,1.1962
2026-02-24,4117.409,2.0132,1.1867,1.2716,1.003,1.2721698586010595,3.8557,3.9802,5.5407,2.8818,1.2626
2026-02-25,4147.231,2.0251,1.1863,1.2697,1.005,1.2722388804886444,3.8844,3.9731,5.6124,2.9328,1.2477
2026-02-26,4146.631,2.0239,1.1857,1.2696,1.004,1.2723079061210287,3.9166,3.9691,5.5415,2.888,1.2531
2026-02-27,4162.882,2.0149,1.186,1.2718,1.011,1.2723769354984156,3.934,3.964,5.5255,2.8636,1.2657
2026-03-02,4182.591,2.0208,1.1866,1.2689,1.022,1.272584046102624,3.8631,4.1518,5.5321,2.8657,1.3488
2026-03-03,4122.676,1.9937,1.1867,1.2653,1.027,1.2726530904620534,3.7348,4.0995,5.4626,2.744,1.3934
2026-03-04,4082.474,1.9711,1.187,1.2648,1.013,1.2727221385675014,3.7061,3.9984,5.547,2.7705,1.3968
2026-03-05,4108.567,1.9889,1.1872,1.2615,1.012,1.2727911904191713,3.7504,3.9866,5.5232,2.7679,1.4394
2026-03-06,4124.194,1.9946,1.1872,1.2615,1.016,1.2728602460172662,3.808,3.9519,5.4416,2.7307,1.5383
2026-03-09,4096.602,1.979,1.1864,1.2655,1.012,1.273067435292135,3.7749,3.9543,5.5211,2.7642,1.6384
2026-03-10,4123.138,2.0031,1.1866,1.2603,1.008,1.2731365058779631,3.8355,3.9703,5.5072,2.8254,1.5559
2026-03-11,4133.433,2.016,1.1865,1.2561,1.02,1.2732055802112332,3.8351,3.9898,5.5046,2.824,1.5736
2026-03-12,4129.103,2.0114,1.1867,1.2557,1.028,1.273274658292148,3.827,3.9753,5.4126,2.7573,1.7025
2026-03-13,4095.449,2.0082,1.1868,1.2556,1.026,1.273343740120911,3.7946,3.9239,5.3817,2.7493,1.7376
2026-03-16,4084.786,2.0089,1.1866,1.2586,1.02,1.2735510080963228,3.7757,3.8666,5.4457,2.8163,1.734
2026-03-17,4049.907,1.9949,1.1868,1.258,1.012,1.273620104918512,3.7063,3.87,5.4665,2.7899,1.7448
2026-03-18,4062.984,2.004,1.1873,1.2553,1.009,1.2736892054895665,3.7347,3.8558,5.3847,2.8147,1.7748
2026-03-19,4006.552,1.9759,1.1874,1.2573,1.002,1.2737583098096894,3.6308,3.6845,5.3735,2.8025,1.789
2026-03-20,3957.053,1.9704,1.1875,1.2504,0.998,1.273827417879084,3.5739,3.6121,5.2673,2.7764,1.8048
2026-03-23,3813.283,1.9059,1.1874,1.2546,0.968,1.2740347645849333,3.4094,3.2212,5.3406,2.741,1.7131
2026-03-24,3881.28,1.9325,1.1876,1.2519,0.985,1.2741038876534496,3.5107,3.3988,5.2925,2.7851,1.717
2026-03-25,3931.838,1.9605,1.1878,1.2537,0.99,1.274173014472255,3.5705,3.5224,5.3255,2.8293,1.6836
2026-03-26,3889.084,1.9374,1.188,1.2523,0.99,1.2742421450415526,3.5294,3.4442,5.2079,2.7258,1.7505
2026-03-27,3913.724,1.9451,1.1883,1.252,0.991,1.2743112793615465,3.5673,3.449,5.1149,2.7033,1.7981
2026-03-30,3923.287,1.9391,1.189,1.2581,0.999,1.2745187048277389,3.5657,3.4995,5.0801,2.6336,1.8442
2026-03-31,3891.861,1.9216,1.1891,1.2589,0.993,1.2745878541525517,3.5174,3.5357,5.2494,2.6797,1.8217
2026-04-01,3948.552,1.953,1.189,1.2564,0.994,1.274657007229078,3.5807,3.6335,5.3003,2.7747,1.7333
2026-04-02,3919.285,1.9334,1.1891,1.2537,0.994,1.2747261640575216,3.5269,3.5672,5.2957,2.7287,1.8269
2026-04-03,3880.097,1.9198,1.1897,1.2533,0.979,1.2747953246380856,3.4767,3.5888,5.299,2.7424,1.8252
2026-04-07,3890.165,1.9185,1.1904,1.254,0.981,1.275072004485621,3.5001,3.5676,5.3276,2.7924,1.8597
2026-04-08,3994.998,1.9812,1.1907,1.2533,0.994,1.2751411838298423,3.6293,3.6762,5.4678,2.9731,1.6823
2026-04-09,3966.171,1.9706,1.1907,1.2532,0.987,1.275210366927406,3.6172,3.5964,5.5041,3.0094,1.7215
2026-04-10,3986.225,2.0022,1.1912,1.2515,0.99,1.2752795537785155,3.6566,3.6332,5.5116,3.0834,1.7092
2026-04-13,3988.558,2.0062,1.1918,1.2529,0.989,1.2754871368551566,3.6463,3.6155,5.5692,3.1148,1.7682
2026-04-14,4026.626,2.0287,1.1923,1.2546,0.992,1.2755563387224864,3.6843,3.6362,5.6635,3.1821,1.7109
2026-04-15,4027.21,2.0238,1.1924,1.2526,0.996,1.2756255443443805,3.6804,3.6611,5.7416,3.1751,1.7055
2026-04-16,4055.547,2.049,1.1925,1.2515,0.998,1.2756947537210428,3.7255,3.6711,5.7717,3.2107,1.734
2026-04-17,4051.425,2.0482,1.1931,1.2551,0.995,1.2757639668526766,3.719,3.6524,5.8454,3.2687,1.6265
2026-04-20,4082.127,2.0554,1.1934,1.256,0.997,1.2759716287794456,3.7326,3.6563,5.8298,3.2862,1.6867
2026-04-21,4085.077,2.0612,1.1937,1.2527,1.007,1.2760408569330037,3.722,3.6441,5.8017,3.2853,1.7383
2026-04-22,4106.258,2.0778,1.1942,1.2532,1.008,1.276110088842552,3.7402,3.6378,5.9007,3.3774,1.7678
2026-04-23,4093.25,2.071,1.1939,1.2525,1.009,1.2761793245082949,3.6903,3.5992,5.8694,3.3858,1.815
2026-04-24,4079.9,2.0634,1.1937,1.254,1.005,1.2762485639304355,3.686,3.5841,5.9816,3.4897,1.8209
2026-04-27,4086.344,2.0612,1.1935,1.2505,1.0,1.2764563047372839,3.6909,3.5974,5.9718,3.5216,1.8468
2026-04-28,4078.637,2.0591,1.1938,1.2506,1.01,1.276525559187055,3.6413,3.542,5.9136,3.4531,1.8876
2026-04-29,4107.514,2.0808,1.1941,1.2467,1.014,1.276594817394243,3.6903,3.503,5.947,3.4966,1.9809
2026-04-30,4112.159,2.0742,1.1941,1.2493,1.011,1.2766640793590522,3.6777,3.5133,6.0044,3.6118,1.9824
2026-05-06,4160.174,2.1018,1.1939,1.2508,1.013,1.2770797300693657,3.7397,3.5595,6.2381,3.802,1.8554
2026-05-07,4180.092,2.1087,1.194,1.2481,1.001,1.2771490183432308,3.7673,3.601,6.2253,3.7926,1.821
2026-05-08,4179.952,2.0939,1.1941,1.25,0.999,1.2772183103763484,3.784,3.5797,6.3639,3.8476,1.8381
2026-05-11,4225.021,2.1243,1.1945,1.248,1.001,1.2774262090332542,3.832,3.557,6.3789,3.9582,1.8922
2026-05-12,4214.489,2.1238,1.1948,1.2447,0.998,1.2774955161054204,3.7996,3.5676,6.3215,3.9382,1.9486
2026-05-13,4242.572,2.1452,1.1952,1.2446,0.995,1.277564826937859,3.8319,3.5707,6.3861,4.0338,1.9292
2026-05-14,4177.918,2.1126,1.1952,1.2439,0.986,1.2776341415307737,3.7619,3.5659,6.4293,4.012,1.9212
2026-05-15,4135.389,2.0866,1.1953,1.2373,0.983,1.2777034598843686,3.7312,3.4885,6.3283,3.9109,1.9714
2026-05-18,4131.528,2.0764,1.1956,1.2378,0.98,1.2779114375112754,3.7098,3.465,6.3022,3.8849,1.9997
2026-05-19,4169.538,2.0812,1.1962,1.2319,0.983,1.2779807709096318,3.7288,3.4601,6.2581,3.9222,2.0182
2026-05-20,4162.185,2.0833,1.1963,1.2381,0.98,1.2780501080696887,3.7246,3.4146,6.3615,4.1122,1.9413
2026-05-21,4077.277,2.0516,1.1963,1.2392,0.968,1.2781194489916503,3.6316,3.4382,6.365,4.0335,1.9542
2026-05-22,4112.9,2.0748,1.1963,1.2415,0.967,1.2781887936757204,3.697,3.4394,6.3949,4.1223,1.9194
2026-05-25,4152.569,2.1037,1.1966,1.2409,0.973,1.2783968503026246,3.6991,3.4561,6.3901,4.1898,1.9052
2026-05-26,4145.373,2.1142,1.197,1.2453,0.972,1.278466210037171,3.6856,3.4393,6.4971,4.2645,1.8596
2026-05-27,4093.727,2.1012,1.1976,1.2461,0.965,1.278535573534847,3.6351,3.4064,6.4892,4.2402,1.8029
2026-05-28,4098.636,2.1036,1.198,1.2482,0.965,1.2786049407958562,3.6492,3.3344,6.5391,4.2961,1.8037
2026-05-29,4068.569,2.1029,1.1983,1.2477,0.975,1.2786743118204034,3.5633,3.413,6.5561,4.1984,1.7711
2026-06-01,4057.74,2.0857,1.1989,1.247,0.994,1.278882447477313,3.6025,3.4007,6.5897,4.1447,1.8423
2026-06-02,4075.102,2.1167,1.1991,1.2485,0.991,1.2789518335580532,3.6056,3.4201,6.6224,4.3075,1.8427
2026-06-03,4083.974,2.1257,1.1991,1.245,0.99,1.2790212234033522,3.5957,3.3726,6.6034,4.3855,1.8895
2026-06-04,4057.781,2.1109,1.1995,1.2469,0.985,1.2790906170134144,3.5524,3.3775,6.5715,4.3788,1.8499
2026-06-05,4027.736,2.0728,1.1994,1.243,0.983,1.2791600143884436,3.5638,3.3763,6.2568,4.12,1.8142
2026-06-08,3959.338,2.0318,1.199,1.241,0.973,1.2793682291053785,3.4465,3.2629,6.3558,4.1429,1.843
2026-06-09,4010.031,2.0658,1.1985,1.2435,0.974,1.27943764154232,3.5113,3.2752,6.2769,4.2215,1.7879
2026-06-10,3993.226,2.0494,1.198,1.2409,0.97,1.2795070577452503,3.4812,3.1731,6.1481,4.1208,1.8147
2026-06-11,3987.015,2.0404,1.1972,1.248,0.965,1.2795764777143737,3.4511,3.1042,6.3464,4.259,1.7991
2026-06-12,4031.513,2.0667,1.1972,1.2464,0.978,1.2796459014498944,3.506,3.1449,6.3797,4.2715,1.7232
2026-06-15,4096.472,2.112,1.1974,1.2467,0.97,1.2798541952568852,3.6124,3.2471,6.5682,4.5036,1.6575
2026-06-16,4091.892,2.1084,1.1979,1.2497,0.957,1.2799236340600393,3.6535,3.2594,6.4465,4.4485,1.6047
2026-06-17,4108.076,2.1295,1.1983,1.2483,0.95,1.2799930766306127,3.6784,3.2551,6.381,4.5526,1.5912
2026-06-18,4090.481,2.1352,1.1987,1.2512,0.933,1.2800625229688098,3.6743,3.2441,6.5399,4.7352,1.5706
2026-06-22,4163.097,2.1862,1.1988,1.2482,0.942,1.280340346001924,3.7491,3.168,6.5295,4.8224,1.5655
2026-06-23,4106.252,2.1315,1.1985,1.2492,0.938,1.280409811181306,3.7006,3.116,6.3203,4.6347,1.5468
2026-06-24,4110.813,2.1458,1.1986,1.2567,0.928,1.2804792801295384,3.7167,3.0984,6.2937,4.7506,1.5018
2026-06-25,4120.281,2.1779,1.1991,1.2567,0.919,1.2805487528468256,3.7017,3.0309,6.3455,4.9361,1.5194
2026-06-26,4027.265,2.1171,1.1993,1.2566,0.903,1.280618229333372,3.5814,3.0598,6.2714,4.7958,1.4774
2026-06-29,4073.902,2.1431,1.1997,1.257,0.909,1.2808266814106126,3.5871,3.0723,6.414,4.9257,1.4987
2026-06-30,4094.397,2.1633,1.1997,1.2504,0.894,1.2808961729762414,3.66,3.0429,6.5145,5.1424,1.4937
2026-07-01,4112.445,2.155,1.1992,1.2481,0.907,1.2809656683121522,3.7021,3.0102,6.4131,4.9594,1.4581
2026-07-02,4028.904,2.0943,1.1993,1.2481,0.913,1.2810351674185496,3.6856,3.0728,6.3084,4.6077,1.4536
2026-07-03,4043.643,2.108,1.1994,1.2475,0.924,1.281104670295638,3.7192,3.1547,6.306,4.6109,1.4653
2026-07-06,4041.238,2.1104,1.1998,1.2485,0.938,1.2813132015530952,3.6984,3.145,6.3876,4.6188,1.4708
2026-07-07,3990.235,2.0873,1.1998,1.2436,0.923,1.2813827195149936,3.6562,3.1265,6.2762,4.5192,1.509
2026-07-08,3970.88,2.0725,1.1999,1.2424,0.927,1.2814522412486062,3.5846,3.1218,6.2952,4.565,1.585
2026-07-09,4036.588,2.1224,1.2001,1.2429,0.918,1.2815217667541374,3.6064,3.1112,6.3929,4.8129,1.5409
2026-07-10,3996.162,2.0834,1.2003,1.2421,0.918,1.2815912960317921,3.593,3.1082,6.4101,4.6512,1.5263
2026-07-13,3913.794,2.0481,1.2003,1.2386,0.916,1.2817999064995427,3.4618,3.0707,6.2886,4.4651,1.6134
2026-07-14,3967.126,2.0941,1.2004,1.24,0.935,1.2818694508677373,3.5316,3.0468,6.3583,4.5815,1.6666
2026-07-15,3955.578,2.0921,1.2006,1.2409,0.944,1.2819389990090788,3.5214,3.0423,6.3332,4.4647,1.6668
2026-07-16,3882.413,2.0531,1.2005,1.2409,0.934,1.2820085509237718,3.4786,3.0391,6.2317,4.2892,1.6637
2026-07-17,3764.155,1.9809,1.2007,1.2422,0.923,1.2820781066120208,3.3212,3.0211,6.1402,4.0324,1.7003
2026-07-20,3796.281,2.0115,1.2007,1.2396,0.949,1.2822867963201525,3.2892,3.023,6.1427,3.975,1.7134
2026-07-21,3864.367,2.0712,1.2009,1.2373,0.94,1.2823563671046738,3.3685,3.0702,6.2574,4.3066,1.7508
2026-07-22,3867.034,2.0592,1.2012,1.2359,0.95,1.282425941663775,3.3489,3.1127,6.2267,4.2559,1.7762
2026-07-23,3876.777,2.0644,1.2013,1.2336,0.959,1.282495519997661,3.4105,3.1029,6.1081,4.1778,1.8375
2026-07-24,3814.198,2.0342,1.2015,1.235,0.942,1.2825651021065367,3.3325,3.059,6.0402,4.0901,1.8072
2026-07-27,3858.245,2.0615,1.2017,1.2371,0.949,1.282773871085149,3.4203,3.0947,6.0184,4.1145,1.7083
2026-07-28,3813.315,2.0045,1.2015,1.2409,0.949,1.2828434682960312,3.3801,3.0579,5.9611,3.8373,1.6554
2026-07-29,3828.469,2.0211,1.2015,1.233,0.963,1.282913069282927,3.4517,3.0528,5.8367,3.7467,1.7396
2026-07-30,3804.693,2.0002,1.2018,1.2327,0.973,1.2829826740460415,3.4007,3.0495,6.0299,3.6967,1.7271
2026-07-31,3832.262,2.0182,1.2019,1.2284,0.972,1.2830522825855792,3.4479,3.0643,6.0658,3.796,1.7366
2026-08-03,3809.663,1.9978,1.2021,1.2327,0.969,1.283261130864783,3.4694,3.0567,6.1724,3.7309,1.667
2026-08-04,3822.285,2.0237,1.2024,1.2382,0.956,1.2833307545120638,3.4954,3.0604,6.3783,3.9536,1.6115
2026-08-05,3878.43,2.0481,1.2025,1.2384,0.956,1.2834003819367927,3.558,3.13,6.3237,4.0031,1.5956
2026-08-06,3900.352,2.0443,1.2026,1.2384,0.965,1.2834700131391747,3.5636,3.2039,6.3237,4.0031,1.5956
