date,sh_index_000001,csi300_index,bond_pure_000015,bond_qdii_004998,dividend_100032,money_market_000198,quant_a_001917,gold_000216,nasdaq_000834,global_tech_017730,oil_501018
2015-01-05,3350.519,3.0489,1.0,1.0,1.0,1.0002170386431357,1.0,1.0,1.0,1.0,1.0
2015-01-06,3351.446,3.0511,1.0009505703422052,0.9868049010367578,1.005586592178771,1.0002713056637973,1.0007215717143887,1.0077951002227172,0.9918533604887984,0.9932318104906938,0.9903329752953813
2015-01-07,3373.954,3.0513,1.0019011406844107,0.9792648444863337,1.0041899441340782,1.0003255756287293,1.0007871691429695,1.010022271714922,0.9979633401221996,1.0084602368866329,0.9924812030075187
2015-01-08,3293.456,3.0293,1.0038022813688212,0.9792648444863337,0.989292364990689,1.0003798485380917,0.9935714519990816,1.0077951002227172,1.0132382892057026,1.0279187817258884,1.0128893662728249
2015-01-09,3285.412,3.0281,1.0047528517110265,0.9830348727615457,0.9860335195530725,1.000434124392044,0.9931778674275967,1.0089086859688197,1.0081466395112015,1.0203045685279188,1.007518796992481
2015-01-12,3229.316,3.0202,1.005703422053232,0.9858623939679548,0.9729981378026069,1.0005969696230388,0.9905867689986552,1.0211581291759466,0.9989816700610998,1.011844331641286,0.9881847475832438
2015-01-13,3235.301,3.0197,1.0076045627376427,0.9905749293119698,0.979050279329609,1.0006512572569488,0.9904227754272031,1.0267260579064588,0.9969450101832994,1.0101522842639594,0.9849624060150376
2015-01-14,3222.437,3.0162,1.0104562737642584,0.9886899151743638,0.9767225325884542,1.0007055478362477,0.9892748204270392,1.0278396436525612,0.9938900203665988,1.005922165820643,0.9860365198711063
2015-01-15,3336.455,3.0462,1.0104562737642584,0.9792648444863337,0.994413407821229,1.0007598413610952,0.9991144347141591,1.017817371937639,0.9816700610997963,0.9940778341793571,0.9828141783029001
2015-01-16,3376.495,3.054,1.0123574144486691,0.9745523091423186,1.0,1.0008141378316513,1.0016727344288103,1.0456570155902003,0.9928716904276985,1.0084602368866329,1.0032223415682062
2015-01-19,3116.351,2.9746,1.0133079847908746,0.9736098020735156,0.9487895716945994,1.0009770449191688,0.975630555282233,1.0612472160356348,0.9928716904276985,1.0093062605752963,1.0010741138560688
2015-01-20,3173.052,2.9858,1.0133079847908746,0.9764373232799247,0.9650837988826815,1.0010313531741575,0.9793040112827576,1.0623608017817372,0.9989816700610998,1.0109983079526228,0.9978517722878625
2015-01-21,3323.611,3.0287,1.0142585551330798,0.9773798303487276,0.9883612662942273,1.0010856643756534,0.9933746597133393,1.0790645879732739,1.0040733197556009,1.015228426395939,1.0107411385606873
2015-01-22,3343.344,3.0322,1.0142585551330798,0.9820923656927428,0.9925512104283054,1.0011399785238173,0.9945226147135032,1.066815144766147,1.0193482688391038,1.0313028764805416,1.0128893662728249
2015-01-23,3351.764,3.033,1.015209125475285,0.9839773798303488,0.9888268156424581,1.001194295618808,0.9947850044278264,1.076837416481069,1.0224032586558045,1.029610829103215,1.0107411385606873
2015-01-26,3383.182,3.0389,1.015209125475285,0.9830348727615457,0.9981378026070763,1.0013572645863449,0.9967201285709599,1.0812917594654787,1.0224032586558045,1.0338409475465313,1.0128893662728249
2015-01-27,3352.96,3.0312,1.015209125475285,0.9858623939679548,0.9972067039106144,1.0014115934702446,0.9941946275705992,1.0712694877505566,1.0,1.0194585448392557,1.011815252416756
2015-01-28,3305.738,3.0178,1.015209125475285,0.9877474081055608,0.9916201117318435,1.001465925301771,0.9897995998556856,1.0746102449888641,0.9928716904276985,1.0126903553299493,0.9924812030075187
2015-01-29,3262.305,3.0036,1.015209125475285,0.9877474081055608,0.9874301675977653,1.0015202600810844,0.9851421824264488,1.0679287305122493,1.0020366598778003,1.027072758037225,0.9881847475832438
2015-01-30,3210.363,2.992,1.015209125475285,0.9924599434495759,0.9795158286778398,1.0015745978083448,0.9813375315687625,1.0512249443207127,0.9959266802443992,1.0126903553299493,0.9935553168635876
2015-02-02,3128.3,2.9717,1.015209125475285,0.9905749293119698,0.9664804469273742,1.0017376286794053,0.9746793925678112,1.0701559020044542,1.0040733197556009,1.0203045685279188,1.0182599355531685
2015-02-03,3204.907,2.9947,1.0142585551330798,0.9905749293119698,0.9771880819366853,1.0017919782000522,0.9822230968546032,1.0712694877505566,1.0132382892057026,1.0321489001692048,1.046186895810956
2015-02-04,3174.126,2.9868,1.0142585551330798,0.9896324222431669,0.9725325884543761,1.0018463306694456,0.9796319984256617,1.0579064587973273,1.010183299389002,1.0313028764805416,1.0300751879699248
2015-02-05,3136.531,2.9785,1.015209125475285,0.9896324222431669,0.9632216014897579,1.0019006860877455,0.9769097051395584,1.0590200445434297,1.0193482688391038,1.0431472081218276,1.046186895810956
2015-02-06,3075.907,2.9649,1.0161596958174903,0.9896324222431669,0.9487895716945994,1.001955044455112,0.9724490799960641,1.0579064587973273,1.0112016293279023,1.0363790186125212,1.0472610096670247
2015-02-09,3095.124,2.9743,1.0171102661596958,0.9905749293119698,0.9483240223463686,1.0021181372532106,0.9755321591393616,1.0412026726057906,1.009164969450102,1.0313028764805416,1.0494092373791621
2015-02-10,3141.593,2.9918,1.0171102661596958,0.9915174363807729,0.9604283054003725,1.0021725074184435,0.9812719341401817,1.0434298440979957,1.0234215885947047,1.0423011844331642,1.0397422126745435
2015-02-11,3157.704,3.0005,1.0199619771863118,0.9924599434495759,0.9632216014897579,1.002226880533543,0.9841254222834465,1.0378619153674833,1.0264765784114054,1.0448392554991541,1.0354457572502684
2015-02-12,3173.416,3.0051,1.0209125475285172,0.9934024505183789,0.9646182495344506,1.002281256598669,0.9856341631408049,1.0267260579064588,1.0376782077393074,1.0541455160744502,1.0537056928034372
2015-02-13,3203.827,3.0117,1.0209125475285172,0.9934024505183789,0.973463687150838,1.0023356356139819,0.9877988782839712,1.0334075723830736,1.044806517311609,1.0575296108291032,1.0816326530612244
2015-02-16,3222.363,3.02,1.0228136882129277,0.9934024505183789,0.9781191806331471,1.0024987903626417,0.9905211715700744,1.0367483296213809,1.044806517311609,1.05668358714044,1.0784103114930181
2015-02-17,3246.906,3.0268,1.023764258555133,0.9943449575871819,0.9841713221601489,1.0025531811803021,0.9927514841418217,1.0311804008908687,1.0458248472505092,1.060067681895093,1.0805585392051558
2015-02-25,3228.843,3.0146,1.0256653992395437,1.0,0.9813780260707635,1.0029884139705738,0.9887500409983928,1.0211581291759466,1.060081466395112,1.0719120135363789,1.0590762620837808
2015-02-26,3298.359,3.0392,1.0256653992395437,1.002827521206409,0.994413407821229,1.0030428313528832,0.9968185247138313,1.0211581291759466,1.0651731160896132,1.0702199661590523,1.046186895810956
2015-02-27,3310.303,3.041,1.0266159695817492,1.0047125353440152,0.99487895716946,1.0030972516876209,0.9974089015710583,1.022271714922049,1.0610997963340123,1.0659898477157361,1.0440386680988183
2015-03-02,3336.285,3.0472,1.0266159695817492,1.0075400565504242,1.0060521415270018,1.003260530408007,0.9994424218570632,1.0322939866369711,1.0723014256619143,1.074450084602369,1.0365198711063373
2015-03-03,3263.052,3.0207,1.0256653992395437,1.0084825636192272,0.9958100558659216,1.0033149625540605,0.9907507625701073,1.022271714922049,1.0672097759674135,1.0693739424703892,1.0397422126745435
2015-03-04,3279.533,3.0283,1.0256653992395437,1.0084825636192272,1.0009310986964617,1.0033693976533433,0.9932434648561776,1.0200445434298442,1.0631364562118126,1.0642978003384096,1.0365198711063373
2015-03-05,3248.476,3.0175,1.0247148288973384,1.0075400565504242,0.9939478584729979,1.003423835706016,0.9897012037128144,1.0144766146993318,1.0661914460285131,1.0651438240270727,1.033297529538131
2015-03-06,3241.187,3.0147,1.023764258555133,1.0084825636192272,0.9930167597765363,1.0034782767122383,0.9887828397126832,1.012249443207127,1.0539714867617107,1.0524534686971236,1.0171858216970997
2015-03-09,3302.408,3.0339,1.0247148288973384,1.0075400565504242,1.0060521415270018,1.0036416174538074,0.99508019285644,0.9933184855233853,1.059063136456212,1.0558375634517767,1.0064446831364124
2015-03-10,3286.068,3.0292,1.023764258555133,1.0065975494816213,1.0060521415270018,1.0036960702758322,0.9935386532847912,0.9855233853006682,1.0427698574338087,1.0406091370558377,0.9849624060150376
2015-03-11,3290.9,3.0323,1.0247148288973384,1.0056550424128181,1.0088454376163871,1.003750526052208,0.9945554134277936,0.9844097995545656,1.0376782077393074,1.0380710659898478,0.9871106337271751
2015-03-12,3349.323,3.0537,1.0256653992395437,1.0047125353440152,1.0176908752327747,1.0038049847830952,1.0015743382859392,0.9866369710467706,1.0458248472505092,1.0524534686971236,0.9838882921589689
2015-03-13,3372.911,3.0609,1.0247148288973384,1.003770028275212,1.0242085661080074,1.003859446468654,1.003935845714848,0.9821826280623608,1.0417515274949083,1.0448392554991541,0.9731471535982814
2015-03-16,3449.305,3.087,1.0256653992395437,1.002827521206409,1.0400372439478585,1.0040228492549652,1.0124963101446423,0.9832962138084632,1.054989816700611,1.0583756345177664,0.9763694951664876
2015-03-17,3502.847,3.1011,1.0247148288973384,1.0009425070688032,1.051675977653631,1.0040773227608148,1.0171209288595886,0.9755011135857461,1.056008146639511,1.0558375634517767,0.9774436090225563
2015-03-18,3577.301,3.1256,1.023764258555133,0.999057492931197,1.0698324022346368,1.0041317992221375,1.0251566138607366,0.967706013363029,1.0651731160896132,1.0651438240270727,1.0
2015-03-19,3582.271,3.1234,1.023764258555133,0.999057492931197,1.074022346368715,1.004186278639094,1.024435042146348,0.9821826280623608,1.0651731160896132,1.0642978003384096,0.99140708915145
2015-03-20,3617.318,3.1371,1.0247148288973384,0.999057492931197,1.0810055865921788,1.004240761011845,1.0289284660041327,0.9821826280623608,1.0733197556008147,1.074450084602369,1.0021482277121374
2015-03-23,3687.728,3.1606,1.0247148288973384,0.998114985862394,1.0968342644320297,1.0044042258664656,1.0366361638623767,0.9910913140311804,1.0692464358452138,1.0710659898477157,1.0010741138560688
2015-03-24,3691.41,3.156,1.023764258555133,0.999057492931197,1.100093109869646,1.0044587200639965,1.0351274230050183,0.9955456570155902,1.0661914460285131,1.0651438240270727,1.0
2015-03-25,3660.727,3.1459,1.0218631178707223,1.0,1.0963687150837989,1.0045132172181235,1.031814752861688,0.9966592427616926,1.039714867617108,1.0439932318104908,1.007518796992481
2015-03-26,3682.095,3.152,1.0190114068441065,1.0,1.0982309124767224,1.0045677173290068,1.0338154744334023,1.0077951002227172,1.034623217922607,1.0448392554991541,1.0064446831364124
2015-03-27,3691.096,3.1593,1.0171102661596958,1.0009425070688032,1.105679702048417,1.0046222203968072,1.0362097805766013,1.0066815144766148,1.0407331975560081,1.0490693739424704,0.9978517722878625
2015-03-30,3786.568,3.1949,1.015209125475285,1.003770028275212,1.1256983240223464,1.004785747343314,1.0478861228639837,1.0,1.0519348268839104,1.0609137055837563,1.011815252416756
2015-03-31,3747.899,3.1859,1.0123574144486691,1.0056550424128181,1.1201117318435754,1.004840262240386,1.0449342385778477,0.9866369710467706,1.0417515274949083,1.0524534686971236,1.007518796992481
2015-04-01,3810.294,3.2075,1.0133079847908746,1.0094250706880301,1.1364059590316573,1.0048947800951775,1.0520187608645741,0.9910913140311804,1.039714867617108,1.0490693739424704,1.0107411385606873
2015-04-02,3825.784,3.2094,1.015209125475285,1.0113100848256362,1.1494413407821227,1.0049493009078483,1.0526419364360917,1.0055679287305122,1.039714867617108,1.050761421319797,1.0150375939849623
2015-04-03,3863.929,3.2215,1.015209125475285,1.0113100848256362,1.1657355679702048,1.0050038246785593,1.05661058086523,1.0022271714922049,1.039714867617108,1.0499153976311337,1.0150375939849623
2015-04-07,3961.378,3.2489,1.0161596958174903,1.0113100848256362,1.1922718808193669,1.0052219493450139,1.0655974285807996,1.010022271714922,1.044806517311609,1.0524534686971236,1.0386680988184747
2015-04-08,3994.811,3.2646,1.015209125475285,1.0169651272384543,1.196927374301676,1.0052764879083327,1.0707468267243925,1.012249443207127,1.0519348268839104,1.0609137055837563,1.0343716433941996
2015-04-09,3957.534,3.2561,1.0161596958174903,1.0197926484448634,1.1899441340782122,1.0053310294306546,1.0679589360097084,0.9977728285077951,1.059063136456212,1.0634517766497462,1.0494092373791621
2015-04-10,4034.31,3.2828,1.0171102661596958,1.0245051837888783,1.2132216014897579,1.00538557391214,1.076716192725245,0.9988864142538976,1.0641547861507128,1.0659898477157361,1.0537056928034372
2015-04-13,4121.715,3.3026,1.018060836501901,1.0311027332704996,1.2304469273743015,1.0055492251131843,1.0832103381547442,1.0089086859688197,1.0621181262729125,1.0609137055837563,1.0483351235230933
2015-04-14,4135.565,3.3026,1.0199619771863118,1.0301602262016964,1.2313780260707634,1.0056037814329302,1.0832103381547442,1.0,1.059063136456212,1.060067681895093,1.0612244897959182
2015-04-15,4084.163,3.2853,1.0218631178707223,1.0301602262016964,1.2090316573556796,1.0056583407126425,1.0775361605825051,0.9955456570155902,1.0651731160896132,1.0617597292724197,1.0848549946294306
2015-04-16,4194.823,3.3228,1.0228136882129277,1.0311027332704996,1.228119180633147,1.005712902952482,1.089835678441405,1.0044543429844097,1.0631364562118126,1.060067681895093,1.0870032223415682
2015-04-17,4287.296,3.3433,1.0228136882129277,1.0282752120640906,1.237895716945996,1.0057674681526092,1.096559414870937,1.0033407572383073,1.0478615071283095,1.0448392554991541,1.0762620837808807
2015-04-20,4217.077,3.3199,1.0275665399239542,1.0282752120640906,1.2188081936685287,1.0059311815163228,1.0888845157269835,1.010022271714922,1.0641547861507128,1.0558375634517767,1.0805585392051558
2015-04-21,4293.623,3.3485,1.0304182509505704,1.0282752120640906,1.2397579143389197,1.0059857585592071,1.0982649480140378,0.9966592427616926,1.0692464358452138,1.0583756345177664,1.0698174006444683
2015-04-22,4398.494,3.3822,1.029467680608365,1.0292177191328937,1.2672253258845436,1.006040338563182,1.1093181147299025,1.0033407572383073,1.0743380855397149,1.062605752961083,1.0730397422126745
2015-04-23,4414.508,3.3827,1.029467680608365,1.0311027332704996,1.2690875232774674,1.0060949215284083,1.1094821083013544,0.9899777282850779,1.079429735234216,1.0659898477157361,1.0816326530612244
2015-04-24,4393.686,3.3697,1.0285171102661597,1.0320452403393026,1.2593109869646182,1.006149507455047,1.1052182754436026,0.9977728285077951,1.093686354378819,1.0668358714043993,1.0805585392051558
2015-04-27,4527.396,3.4015,1.029467680608365,1.0339302544769087,1.2742085661080074,1.0063132830050425,1.1156482665879497,0.9888641425389755,1.0916496945010183,1.0609137055837563,1.0827067669172932
2015-04-28,4476.215,3.3857,1.0304182509505704,1.0348727615457118,1.255586592178771,1.0063678807789367,1.1104660697300666,1.0044543429844097,1.089613034623218,1.0592216582064298,1.0837808807733618
2015-04-29,4476.62,3.3951,1.0313688212927756,1.0367577756833177,1.2644320297951583,1.0064224815150464,1.113549148873364,1.0089086859688197,1.0814663951120165,1.0516074450084605,1.0870032223415682
2015-04-30,4441.655,3.3897,1.032319391634981,1.0377002827521207,1.26536312849162,1.0064770852135325,1.1117780183016825,1.0033407572383073,1.0641547861507128,1.0346869712351947,1.0859291084854994
2015-05-04,4480.464,3.4024,1.0342205323193916,1.0386427898209238,1.2788640595903165,1.0066955296344542,1.1159434550165632,0.9899777282850779,1.0835030549898168,1.0499153976311337,1.0837808807733618
2015-05-05,4298.706,3.3457,1.0342205323193916,1.0377002827521207,1.237895716945996,1.0067501481472332,1.0973465840139065,0.9933184855233853,1.0661914460285131,1.0363790186125212,1.0805585392051558
2015-05-06,4229.266,3.3354,1.0342205323193916,1.0358152686145146,1.2183426443202978,1.0068047696233526,1.0939683164419953,0.9977728285077951,1.059063136456212,1.0338409475465313,1.0784103114930181
2015-05-07,4112.214,3.3162,1.0351711026615968,1.0329877474081057,1.196927374301676,1.0068593940629735,1.0876709632982386,0.9899777282850779,1.0651731160896132,1.0397631133671743,1.0655209452201932
2015-05-08,4205.917,3.3417,1.0370722433460076,1.0367577756833177,1.2192737430167597,1.006914021466257,1.0960346354422905,0.9922048997772829,1.0784114052953155,1.053299492385787,1.0794844253490867
2015-05-11,4333.584,3.3779,1.0389733840304183,1.0395852968897268,1.2527932960893853,1.0070779214596894,1.1079077700154154,0.9910913140311804,1.0733197556008147,1.0499153976311337,1.066595059076262
2015-05-12,4401.219,3.3934,1.0399239543726235,1.0405278039585297,1.2676908752327745,1.0071325607192305,1.1129915707304274,0.9899777282850779,1.0723014256619143,1.0473773265651438,1.0676691729323307
2015-05-13,4375.76,3.3864,1.0418250950570342,1.0424128180961358,1.2648975791433892,1.0071872029432376,1.1106956607300993,0.9966592427616926,1.0733197556008147,1.0465313028764807,1.0698174006444683
2015-05-14,4378.311,3.3772,1.0456273764258555,1.0433553251649388,1.26536312849162,1.0072418481318723,1.1076781790153827,1.012249443207127,1.0885947046843176,1.0575296108291032,1.070891514500537
2015-05-15,4308.691,3.3545,1.0465779467680607,1.045240339302545,1.2504655493482308,1.007296496285295,1.1002328708714617,1.0144766146993318,1.0885947046843176,1.0583756345177664,1.070891514500537
2015-05-18,4283.491,3.3437,1.0484790874524714,1.048067860508954,1.2495344506517692,1.0074604585359002,1.0966906097280986,1.022271714922049,1.0926680244399185,1.0634517766497462,1.070891514500537
2015-05-19,4417.552,3.3897,1.0475285171102662,1.050895381715363,1.2797951582867784,1.0075151185500841,1.1117780183016825,1.0155902004454342,1.0916496945010183,1.062605752961083,1.058002148227712
2015-05-20,4446.288,3.3994,1.0475285171102662,1.051837888784166,1.2937616387337056,1.0075697815298603,1.1149594935878513,1.0044543429844097,1.0947046843177188,1.0617597292724197,1.0558539205155746
2015-05-21,4529.422,3.4294,1.0475285171102662,1.052780395852969,1.3240223463687149,1.00762444747539,1.124799107874971,1.0077951002227172,1.10081466395112,1.0634517766497462,1.0655209452201932
2015-05-22,4657.596,3.4646,1.0484790874524714,1.053722902921772,1.3491620111731844,1.0076791163868337,1.136344255305192,1.0066815144766148,1.10081466395112,1.062605752961083,1.0644468313641244
2015-05-25,4813.798,3.5116,1.0475285171102662,1.053722902921772,1.3808193668528863,1.0078431409182602,1.1517596510216799,1.0022271714922049,1.10081466395112,1.0634517766497462,1.062298603651987
2015-05-26,4910.897,3.5404,1.0475285171102662,1.0556079170593782,1.4050279329608937,1.0078978216949706,1.161205680737315,0.9966592427616926,1.0885947046843176,1.050761421319797,1.045112781954887
2015-05-27,4941.714,3.5345,1.0475285171102662,1.0556079170593782,1.4092178770949721,1.0079525054383998,1.1592705565941814,0.9899777282850779,1.1069246435845215,1.062605752961083,1.0440386680988183
2015-05-28,4620.266,3.4315,1.0456273764258555,1.054665409990575,1.3389199255121043,1.0080071921487088,1.1254878808750697,0.987750556792873,1.1038696537678208,1.0609137055837563,1.0397422126745435
2015-05-29,4611.744,3.4338,1.0427756653992395,1.051837888784166,1.340316573556797,1.0080618818260587,1.1262422513037489,0.9888641425389755,1.0977596741344195,1.0549915397631136,1.0354457572502684
2015-06-01,4828.738,3.5035,1.0427756653992395,1.050895381715363,1.3989757914338918,1.0082259686619637,1.1491029551641574,0.9855233853006682,1.1038696537678208,1.0575296108291032,1.0300751879699248
2015-06-02,4910.527,3.527,1.0427756653992395,1.052780395852969,1.430633147113594,1.0082806702090872,1.1568106530224016,0.9888641425389755,1.10081466395112,1.0558375634517767,1.0365198711063373
2015-06-03,4909.978,3.5255,1.043726235741445,1.051837888784166,1.4329608938547485,1.0083353747240564,1.1563186723080454,0.9888641425389755,1.1038696537678208,1.060067681895093,1.033297529538131
2015-06-04,4947.102,3.5355,1.0446768060836502,1.050895381715363,1.4432029795158285,1.0083900822070324,1.1595985437370855,0.9821826280623608,1.0957230142566192,1.0490693739424704,1.0182599355531685
2015-06-05,5023.096,3.5546,1.0446768060836502,1.050895381715363,1.4641527001862196,1.0084447926581763,1.1658630981665519,0.9788418708240534,1.093686354378819,1.0490693739424704,1.0214822771213747
2015-06-08,5131.881,3.5863,1.0456273764258555,1.051837888784166,1.4860335195530727,1.008608941822226,1.1762602905966086,0.9766146993318485,1.0835030549898168,1.041455160744501,1.016111707841031
2015-06-09,5113.534,3.5643,1.0456273764258555,1.04995287464656,1.4851024208566106,1.008663664147652,1.1690445734527206,0.9788418708240534,1.0814663951120165,1.0397631133671743,1.0193340494092373
2015-06-10,5106.036,3.5668,1.0456273764258555,1.053722902921772,1.4864990689013036,1.0087183894420513,1.1698645413099806,0.9855233853006682,1.0947046843177188,1.0516074450084605,1.033297529538131
2015-06-11,5121.593,3.568,1.0456273764258555,1.0556079170593782,1.4874301675977653,1.008773117705585,1.1702581258814655,0.9844097995545656,1.0947046843177188,1.0549915397631136,1.0300751879699248
2015-06-12,5166.35,3.579,1.0456273764258555,1.058435438265787,1.509776536312849,1.008827848938414,1.1738659844534094,0.9832962138084632,1.0865580448065173,1.0499153976311337,1.0193340494092373
2015-06-15,5062.993,3.5436,1.0456273764258555,1.057492931196984,1.495344506517691,1.0089920604542835,1.1622552395946077,0.9844097995545656,1.0824847250509164,1.0448392554991541,1.016111707841031
2015-06-16,4887.432,3.4974,1.0465779467680607,1.0556079170593782,1.452513966480447,1.0090468035659048,1.147102233592443,0.987750556792873,1.0875763747454177,1.050761421319797,1.0225563909774436
2015-06-17,4967.898,3.5209,1.0465779467680607,1.0565504241281811,1.4781191806331468,1.0091015496476272,1.1548099314506872,0.9810690423162584,1.0906313645621182,1.0516074450084605,1.024704618689581
2015-06-18,4785.356,3.4647,1.0465779467680607,1.057492931196984,1.452513966480447,1.0091562986996117,1.1363770540194824,0.987750556792873,1.104887983706721,1.062605752961083,1.0268528464017186
2015-06-19,4478.364,3.3866,1.0465779467680607,1.058435438265787,1.3845437616387337,1.009211050722019,1.11076125815868,0.9955456570155902,1.09979633401222,1.0609137055837563,1.020408163265306
2015-06-23,4576.492,3.4348,1.0465779467680607,1.061262959472196,1.398510242085661,1.0094300885191054,1.126570238446653,0.9866369710467706,1.1089613034623218,1.0693739424703892,1.0354457572502684
2015-06-24,4690.15,3.4629,1.0465779467680607,1.061262959472196,1.4269087523277466,1.009484855396047,1.1357866771622551,0.9743875278396437,1.1038696537678208,1.0634517766497462,1.0322234156820622
2015-06-25,4527.779,3.4142,1.0475285171102662,1.061262959472196,1.3910614525139664,1.0095396252443785,1.1198137033028306,0.977728285077951,1.10081466395112,1.0634517766497462,1.0225563909774436
2015-06-26,4192.873,3.3102,1.0475285171102662,1.0593779453345902,1.313780260707635,1.0095943980642619,1.0857030404408148,0.9766146993318485,1.093686354378819,1.062605752961083,1.0225563909774436
2015-06-29,4053.03,3.2718,1.0475285171102662,1.0565504241281811,1.281657355679702,1.0097587343548333,1.073108334153301,0.9788418708240534,1.0692464358452138,1.0406091370558377,1.0032223415682062
2015-06-30,4277.222,3.3537,1.0475285171102662,1.057492931196984,1.3305400372439478,1.009813519062535,1.0999704811571385,0.9766146993318485,1.0723014256619143,1.0439932318104908,1.0053705692803436
2015-07-01,4053.7,3.2858,1.0475285171102662,1.057492931196984,1.2783985102420856,1.0098683067425946,1.077700154153957,0.9743875278396437,1.0814663951120165,1.0524534686971236,0.9978517722878625
2015-07-02,3912.767,3.2444,1.0475285171102662,1.0603204524033931,1.2299813780260707,1.0099230973951734,1.0641214864377317,0.967706013363029,1.0824847250509164,1.050761421319797,1.0010741138560688
2015-07-03,3686.915,3.1756,1.0475285171102662,1.0593779453345902,1.1736499068901303,1.0099778910204322,1.0415559710059366,0.9710467706013363,1.0824847250509164,1.050761421319797,0.9989258861439313
2015-07-06,3775.912,3.2097,1.0503802281368821,1.054665409990575,1.1834264432029793,1.0101422897339032,1.0527403325789628,0.9710467706013363,1.0784114052953155,1.0465313028764807,0.9838882921589689
2015-07-07,3727.125,3.192,1.0551330798479088,1.04995287464656,1.148510242085661,1.0101970952514963,1.046934960149562,0.9721603563474387,1.0814663951120165,1.050761421319797,0.9849624060150376
2015-07-08,3507.192,3.1073,1.05893536121673,1.0320452403393026,1.1061452513966479,1.0102519037425761,1.0191544491455935,0.953229398663697,1.0641547861507128,1.0338409475465313,0.9731471535982814
2015-07-09,3709.33,3.1817,1.0579847908745246,1.0367577756833177,1.1592178770949721,1.0103067152073038,1.043556692577651,0.9665924276169264,1.0631364562118126,1.0363790186125212,0.9785177228786252
2015-07-10,3877.803,3.2486,1.0579847908745246,1.045240339302545,1.2099627560521415,1.0103615296458412,1.0654990324379283,0.9665924276169264,1.079429735234216,1.0516074450084605,0.9849624060150376
2015-07-13,3970.388,3.2828,1.0579847908745246,1.048067860508954,1.2481378026070764,1.0105259908059234,1.076716192725245,0.9632516703786191,1.0957230142566192,1.062605752961083,0.99140708915145
2015-07-14,3924.487,3.2494,1.05893536121673,1.04995287464656,1.237895716945996,1.010580817141312,1.0657614221522516,0.9587973273942093,1.1038696537678208,1.0676818950930627,0.9967776584317938
2015-07-15,3805.703,3.2063,1.05893536121673,1.050895381715363,1.195996275605214,1.0106356464513169,1.0516251762930893,0.9610244988864142,1.104887983706721,1.0668358714043993,0.9903329752953813
2015-07-16,3823.176,3.2164,1.05893536121673,1.052780395852969,1.2048417132216014,1.0106904787360995,1.0549378464364196,0.9543429844097995,1.120162932790224,1.0752961082910322,0.99140708915145
2015-07-17,3957.352,3.2628,1.0579847908745246,1.0556079170593782,1.2411545623836127,1.0107453139958213,1.0701564498671652,0.953229398663697,1.1364562118126273,1.0769881556683587,0.9817400644468314
2015-07-20,3992.11,3.267,1.05893536121673,1.058435438265787,1.2467411545623834,1.0109098376262344,1.071533995867362,0.9298440979955456,1.1405295315682282,1.0812182741116751,0.9709989258861439
2015-07-21,4017.675,3.272,1.0598859315589353,1.0603204524033931,1.25512104283054,1.0109646847873266,1.0731739315818818,0.9220489977728284,1.1395112016293278,1.0761421319796955,0.9699248120300752
2015-07-22,4026.045,3.2699,1.0598859315589353,1.0593779453345902,1.2579143389199254,1.0110195349241649,1.0724851585817834,0.9109131403118039,1.1262729124236253,1.0752961082910322,0.9602577873254564
2015-07-23,4123.923,3.2999,1.0608365019011408,1.0593779453345902,1.2788640595903165,1.0110743880369106,1.0823247728689036,0.9131403118040088,1.1221995926680246,1.0668358714043993,0.958109559613319
2015-07-24,4070.908,3.2783,1.0627376425855515,1.0593779453345902,1.2616387337057726,1.0111292441257254,1.0752402505821772,0.9042316258351893,1.1109979633401221,1.053299492385787,0.9409237379162191
2015-07-27,3725.558,3.1721,1.0627376425855515,1.054665409990575,1.1890130353817503,1.0112938302501993,1.0404080160057725,0.9198218262806236,1.10081466395112,1.0448392554991541,0.9258861439312567
2015-07-28,3663.002,3.1667,1.0636882129277565,1.054665409990575,1.1820297951582868,1.0113486982449054,1.038636885434091,0.9131403118040088,1.1099796334012222,1.0549915397631136,0.9441460794844253
2015-07-29,3789.168,3.2033,1.064638783269962,1.0556079170593782,1.2150837988826815,1.011403569216488,1.0506412148643773,0.9131403118040088,1.115071283095723,1.0609137055837563,0.9591836734693877
2015-07-30,3705.766,3.1686,1.064638783269962,1.0565504241281811,1.1922718808193669,1.0114584431651084,1.0392600610056086,0.9042316258351893,1.1191446028513239,1.0617597292724197,0.9613319011815252
2015-07-31,3663.726,3.1665,1.064638783269962,1.058435438265787,1.1918063314711358,1.0115133200909285,1.0385712880055102,0.9020044543429845,1.1160896130346234,1.0617597292724197,0.9484425349087002
2015-08-03,3622.905,3.1656,1.0655893536121672,1.058435438265787,1.1941340782122905,1.011677968733201,1.0382760995768965,0.9120267260579064,1.1160896130346234,1.0592216582064298,0.9334049409237378
2015-08-04,3756.545,3.2031,1.0655893536121672,1.057492931196984,1.2253258845437616,1.0117328575694347,1.0505756174357965,0.9075723830734965,1.1140529531568228,1.0592216582064298,0.9291084854994629
2015-08-05,3694.573,3.1835,1.0665399239543727,1.058435438265787,1.2150837988826815,1.0117877493836755,1.044147069434878,0.9053452115812917,1.1221995926680246,1.0642978003384096,0.9269602577873254
2015-08-06,3661.539,3.1739,1.067490494296578,1.058435438265787,1.2099627560521415,1.011842644176085,1.0409983928629998,0.9053452115812917,1.1059063136456213,1.0516074450084605,0.9334049409237378
2015-08-07,3744.205,3.1987,1.0684410646387834,1.058435438265787,1.228584729981378,1.0118975419468252,1.049132474007019,0.9097995545657015,1.1038696537678208,1.0482233502538072,0.9237379162191192
2015-08-10,3928.415,3.2553,1.0693916349809884,1.0593779453345902,1.2686219739292364,1.012062253130644,1.0676965462953851,0.9153674832962138,1.115071283095723,1.060067681895093,0.9419978517722878
2015-08-11,3927.908,3.2504,1.0684410646387834,1.0744580584354382,1.2690875232774674,1.012117162816322,1.0660894092951556,0.9354120267260578,1.1211812627291242,1.0693739424703892,0.953813104189044
2015-08-12,3886.32,3.2351,1.0684410646387834,1.0819981149858624,1.2537243947858472,1.0121720754811379,1.0610712060087244,0.9665924276169264,1.1435845213849287,1.0846023688663284,0.9763694951664876
2015-08-13,3954.556,3.2531,1.067490494296578,1.0895381715362864,1.2742085661080074,1.0122269911252542,1.0669749745809964,0.9621380846325167,1.1537678207739308,1.098138747884941,0.9785177228786252
2015-08-14,3965.335,3.2548,1.067490494296578,1.0895381715362864,1.271880819366853,1.0122819097488323,1.0675325527239332,0.9576837416481069,1.1558044806517311,1.1006768189509306,0.9763694951664876
2015-08-17,3993.668,3.2572,1.0684410646387834,1.0895381715362864,1.2839851024208566,1.0124466834979533,1.0683197218669027,0.9599109131403117,1.163951120162933,1.107445008460237,0.9731471535982814
2015-08-18,3748.164,3.1763,1.0693916349809884,1.0904806786050896,1.2183426443202978,1.012501614040995,1.0417855620059693,0.9621380846325167,1.1578411405295317,1.1040609137055837,0.966702470461869
2015-08-19,3794.109,3.1961,1.0693916349809884,1.0923656927426957,1.232309124767225,1.0125565475643068,1.0482797074354684,0.9643652561247216,1.15071283095723,1.0964467005076144,0.9462943071965628
2015-08-20,3664.291,3.1577,1.0693916349809884,1.0885956644674837,1.2001862197392923,1.0126114840680502,1.035685001147955,0.9766146993318485,1.120162932790224,1.0702199661590523,0.9301825993555316
2015-08-21,3507.744,3.1053,1.0703422053231937,1.0848256361922715,1.1550279329608937,1.012666423552387,1.0184984748597854,0.9910913140311804,1.0743380855397149,1.0355329949238579,0.9054779806659505
2015-08-24,3209.905,3.0084,1.0712927756653992,1.0782280867106504,1.0875232774674115,1.0128312598905758,0.986716520712388,0.9955456570155902,1.035641547861507,0.9974619289340102,0.8614393125671321
2015-08-25,2964.967,2.9333,1.0722433460076044,1.0782280867106504,1.0293296089385473,1.0128862112989039,0.9620846862802978,0.9910913140311804,1.0325865580448066,0.9940778341793571,0.8657357679914071
2015-08-26,2927.288,2.9291,1.0722433460076044,1.0772855796418475,1.0223463687150838,1.0129411656886342,0.960707140280101,0.9844097995545656,1.0875763747454177,1.0313028764805416,0.8775510204081631
2015-08-27,3083.591,2.9878,1.0722433460076044,1.0838831291234683,1.057262569832402,1.0129961230599283,0.9799599855685657,0.9755011135857461,1.1191446028513239,1.0516074450084605,0.9194414607948442
2015-08-28,3232.35,3.0313,1.0722433460076044,1.0876531573986805,1.0945065176908753,1.0130510834129478,0.9942274262848896,0.9755011135857461,1.1181262729124237,1.0499153976311337,0.9355531686358753
2015-08-31,3205.986,3.0354,1.0731939163498099,1.0867106503298776,1.0842644320297952,1.0132159823639788,0.995572173570796,0.9766146993318485,1.1028513238289206,1.0372250423011844,0.9409237379162191
2015-09-01,3166.624,3.0314,1.0731939163498099,1.0829406220546656,1.0651769087523275,1.013270954645519,0.99426022499918,0.9810690423162584,1.0682281059063137,1.0076142131979697,0.911922663802363
2015-09-02,3160.167,3.0343,1.0741444866920151,1.0791705937794533,1.0647113594040967,1.0133259299095938,0.9952113877136016,0.9821826280623608,1.0885947046843176,1.027072758037225,0.9108485499462943
2015-09-07,3080.42,2.9987,1.0741444866920151,1.0782280867106504,1.0493482309124766,1.013600850973651,0.9835350454262192,0.965478841870824,1.0885947046843176,1.0143824027072759,0.8958109559613319
2015-09-08,3170.452,3.0261,1.0750950570342206,1.0810556079170595,1.074022346368715,1.013655844136332,0.9925218931417888,0.9643652561247216,1.0987780040733197,1.0397631133671743,0.907626208378088
2015-09-09,3243.089,3.0467,1.0750950570342206,1.0829406220546656,1.0917132216014898,1.0137108402826804,0.9992784282856111,0.9665924276169264,1.0855397148676171,1.0262267343485618,0.9022556390977443
2015-09-10,3197.893,3.0343,1.0741444866920151,1.0838831291234683,1.080540037243948,1.0137658394128581,0.9952113877136016,0.953229398663697,1.0977596741344195,1.0363790186125212,0.9011815252416755
2015-09-11,3200.234,3.0311,1.0741444866920151,1.0848256361922715,1.0814711359404097,1.0138208415270276,0.9941618288563088,0.9543429844097995,1.1028513238289206,1.0439932318104908,0.894736842105263
2015-09-14,3114.798,3.0082,1.0750950570342206,1.0857681432610744,1.0460893854748603,1.0139858657751017,0.9866509232838072,0.9521158129175946,1.0987780040733197,1.0406091370558377,0.8925886143931255
2015-09-15,3005.172,2.9682,1.0750950570342206,1.0848256361922715,1.0060521415270018,1.014040879826855,0.9735314375676473,0.953229398663697,1.1099796334012222,1.050761421319797,0.8990332975295381
2015-09-16,3152.263,3.0182,1.0760456273764256,1.0885956644674837,1.0437616387337056,1.0140958968634095,0.9899307947128473,0.953229398663697,1.1160896130346234,1.05668358714044,0.9215896885069816
2015-09-17,3086.061,2.9965,1.076996197718631,1.0914231856738925,1.0270018621973929,1.0141509168849265,0.9828134737118305,0.9632516703786191,1.115071283095723,1.05668358714044,0.9215896885069816
2015-09-18,3097.917,3.0023,1.076996197718631,1.0923656927426957,1.032122905027933,1.0142059398915684,0.9847157991406736,0.9688195991091314,1.09979633401222,1.041455160744501,0.9011815252416755
2015-09-21,3156.54,3.0209,1.076996197718631,1.0951932139491045,1.0493482309124766,1.014371026823862,0.990816359998688,0.977728285077951,1.1038696537678208,1.0473773265651438,0.9022556390977443
2015-09-22,3185.619,3.0321,1.076996197718631,1.0961357210179077,1.0554003724394785,1.0144260617726226,0.9944898159992127,0.9755011135857461,1.0885947046843176,1.0363790186125212,0.8882921589688506
2015-09-23,3115.888,3.0075,1.076996197718631,1.0951932139491045,1.042364990689013,1.0144810997073177,0.9864213322837744,0.9721603563474387,1.089613034623218,1.0372250423011844,0.8807733619763694
2015-09-24,3142.687,3.0153,1.076996197718631,1.0951932139491045,1.0493482309124766,1.0145361406281095,0.9889796319984255,0.977728285077951,1.0865580448065173,1.0338409475465313,0.8764769065520944
2015-09-25,3092.347,2.9977,1.0779467680608363,1.0951932139491045,1.0353817504655494,1.01459118453516,0.9832070582833152,0.9832962138084632,1.0773930753564156,1.029610829103215,0.8829215896885069
2015-09-28,3100.756,3.0024,1.0788973384030418,1.0942507068803018,1.0442271880819365,1.0147563341754837,0.984748597854964,0.9766146993318485,1.0468431771894093,1.003384094754653,0.8582169709989259
2015-09-29,3038.137,2.9837,1.079847908745247,1.0895381715362864,1.0316573556797022,1.0148113900291889,0.9786152382826592,0.9632516703786191,1.0407331975560081,1.00253807106599,0.8603651987110634
2015-09-30,3052.781,2.9934,1.079847908745247,1.0914231856738925,1.0353817504655494,1.0148664488699632,0.981796713568828,0.9621380846325167,1.0631364562118126,1.0169204737732658,0.8754027926960257
2015-10-08,3143.357,3.0234,1.0817490494296575,1.1027332704995287,1.0591247672253257,1.0153070271500848,0.991636327855948,0.9810690423162584,1.1018329938900204,1.0516074450084605,0.9785177228786252
2015-10-09,3183.152,3.0374,1.0817490494296575,1.1046182846371349,1.0679702048417132,1.0153621128817725,0.996228147856604,0.9799554565701559,1.1059063136456213,1.0558375634517767,0.9795918367346939
2015-10-12,3287.662,3.0738,1.082699619771863,1.1065032987747407,1.0968342644320297,1.0155273880096234,1.0081668798583094,0.9910913140311804,1.1069246435845215,1.0583756345177664,0.9677765843179377
2015-10-13,3293.23,3.0742,1.0836501901140683,1.1055607917059378,1.0972998137802608,1.0155824856970437,1.008298074715471,0.9866369710467706,1.0967413441955194,1.050761421319797,0.9559613319011815
2015-10-14,3262.441,3.0646,1.085551330798479,1.107445805843544,1.083798882681564,1.0156375863738023,1.0051493981435926,1.0011135857461024,1.0977596741344195,1.0448392554991541,0.9613319011815252
2015-10-15,3338.073,3.0899,1.085551330798479,1.10933081998115,1.1070763500931098,1.015692690040062,1.013447472859064,1.0089086859688197,1.115071283095723,1.0583756345177664,0.9752953813104189
2015-10-16,3391.352,3.1066,1.085551330798479,1.114043355325165,1.1191806331471135,1.0157477966959843,1.0189248581455606,1.0044543429844097,1.120162932790224,1.0642978003384096,0.9774436090225563
2015-10-19,3386.7,3.1068,1.085551330798479,1.117813383600377,1.1252327746741153,1.015913134603351,1.0189904555741414,1.0011135857461024,1.1272912423625254,1.0719120135363789,0.9624060150375939
2015-10-20,3425.33,3.1201,1.0865019011406845,1.1206409048067862,1.1350093109869646,1.0159682532195473,1.0233526845747645,1.0022271714922049,1.1221995926680246,1.0702199661590523,0.9645542427497314
2015-10-21,3320.676,3.0868,1.0874524714828897,1.1206409048067862,1.0940409683426442,1.0160233748262175,1.0124307127160614,1.0033407572383073,1.1140529531568228,1.0609137055837563,0.9559613319011815
2015-10-22,3368.739,3.1045,1.0874524714828897,1.119698397737983,1.1131284916201116,1.0160784994235241,1.0182360851454622,0.9977728285077951,1.1354378818737272,1.0795262267343486,0.9699248120300752
2015-10-23,3412.434,3.1229,1.088403041825095,1.1253534401508012,1.1294227188081938,1.016133627011629,1.0242710485748958,1.0033407572383073,1.1670061099796334,1.0905245346869712,0.9677765843179377
2015-10-26,3429.581,3.1284,1.091254752851711,1.1310084825636193,1.1364059590316573,1.0162990277223583,1.0260749778608678,0.9944320712694877,1.1670061099796334,1.0888324873096447,0.9462943071965628
2015-10-27,3434.336,3.1308,1.0922053231939164,1.1328934967012252,1.1391992551210428,1.0163541672752803,1.0268621470038373,0.9955456570155902,1.1680244399185336,1.0854483925549916,0.9334049409237378
2015-10-28,3375.196,3.1089,1.0941064638783269,1.1328934967012252,1.1233705772811917,1.0164093098198121,1.01967922857424,1.0011135857461024,1.1782077393075356,1.101522842639594,0.9505907626208377
2015-10-29,3387.315,3.1122,1.0950570342205321,1.1347785108388313,1.126629422718808,1.0164644553561164,1.020761586145823,0.9910913140311804,1.1771894093686355,1.098984771573604,0.9516648764769066
2015-10-30,3382.561,3.1127,1.0950570342205321,1.1347785108388313,1.1233705772811917,1.0165196038843551,1.020925579717275,0.9766146993318485,1.1690427698574337,1.0922165820642977,0.9527389903329753
2015-11-02,3325.085,3.0952,1.0950570342205321,1.1310084825636193,1.1089385474860336,1.0166850674223025,1.015185804716455,0.9743875278396437,1.1761710794297353,1.098138747884941,0.9645542427497314
2015-11-03,3316.695,3.0932,1.0950570342205321,1.1338360037700284,1.1047486033519553,1.0167402279199032,1.0145298304306472,0.9699331848552338,1.1832993890020367,1.098984771573604,0.99140708915145
2015-11-04,3459.64,3.1457,1.0950570342205321,1.1357210179076345,1.1424581005586592,1.0167953914102499,1.031749155433107,0.9565701559020044,1.1832993890020367,1.0964467005076144,0.9881847475832438
2015-11-05,3522.819,3.173,1.0950570342205321,1.1357210179076345,1.1550279329608937,1.0168505578935056,1.040703204434386,0.9487750556792872,1.1812627291242361,1.098138747884941,0.9763694951664876
2015-11-06,3590.032,3.2005,1.0950570342205321,1.1366635249764374,1.1722532588454375,1.0169057273698323,1.049722850864246,0.9498886414253898,1.1832993890020367,1.098138747884941,0.9699248120300752
2015-11-09,3646.881,3.2156,1.0922053231939164,1.1319509896324225,1.1843575418994412,1.0170712537588626,1.0546754567220964,0.9387527839643652,1.1731160896130346,1.089678510998308,0.9602577873254564
2015-11-10,3640.485,3.2129,1.0903041825095057,1.1310084825636193,1.184823091247672,1.0171264352090976,1.0537898914362556,0.9376391982182628,1.171079429735234,1.0913705583756346,0.9591836734693877
2015-11-11,3650.249,3.2135,1.0903041825095057,1.1300659754948164,1.1885474860335195,1.0171816196532155,1.053986683721998,0.9376391982182628,1.170061099796334,1.0871404399323181,0.945220193340494
2015-11-12,3632.902,3.2026,1.0903041825095057,1.1291234684260132,1.1820297951582868,1.017236807091379,1.0504116238643444,0.9342984409799554,1.1588594704684316,1.0719120135363789,0.9280343716433941
2015-11-13,3580.839,3.1859,1.091254752851711,1.1281809613572102,1.1722532588454375,1.0172919975237507,1.0449342385778477,0.933184855233853,1.1374745417515275,1.0549915397631136,0.9215896885069816
2015-11-16,3606.957,3.1964,1.091254752851711,1.1262959472196044,1.1824953445065176,1.017457586787738,1.0483781035783397,0.9420935412026725,1.1537678207739308,1.0685279187817258,0.9441460794844253
2015-11-17,3604.795,3.1955,1.091254752851711,1.1300659754948164,1.1834264432029793,1.017512789198566,1.0480829151497262,0.9298440979955456,1.154786150712831,1.0702199661590523,0.945220193340494
2015-11-18,3568.468,3.1828,1.091254752851711,1.1319509896324225,1.1717877094972067,1.0175679946044145,1.0439174784348453,0.9242761692650333,1.1761710794297353,1.0888324873096447,0.9570354457572502
2015-11-19,3617.062,3.1995,1.0903041825095057,1.1357210179076345,1.1876163873370578,1.0176232030054457,1.0493948637213422,0.9265033407572383,1.1761710794297353,1.0879864636209815,0.9527389903329753
2015-11-20,3630.5,3.2017,1.0903041825095057,1.1376060320452406,1.1936685288640596,1.0176784144018225,1.0501164354357309,0.933184855233853,1.1832993890020367,1.095600676818951,0.945220193340494
2015-11-23,3610.315,3.1971,1.0903041825095057,1.1394910461828465,1.1918063314711358,1.0178440665646495,1.0486076945783724,0.9231625835189309,1.1812627291242361,1.098138747884941,0.9484425349087002
2015-11-24,3616.113,3.1983,1.091254752851711,1.1385485391140433,1.196927374301676,1.0178992899440327,1.0490012791498573,0.9253897550111357,1.1802443991853362,1.098138747884941,0.9591836734693877
2015-11-25,3647.93,3.2086,1.0922053231939164,1.1394910461828465,1.2108938547486032,1.0179545163195738,1.0523795467217685,0.9320712694877505,1.1812627291242361,1.098984771573604,0.9559613319011815
2015-11-26,3635.552,3.201,1.0922053231939164,1.1394910461828465,1.2067039106145252,1.0180097456914357,1.0498868444356981,0.9276169265033407,1.1812627291242361,1.098984771573604,0.958109559613319
2015-11-27,3436.303,3.1371,1.0931558935361216,1.1376060320452406,1.1634078212290502,1.0180649780597804,1.0289284660041327,0.9231625835189309,1.1832993890020367,1.101522842639594,0.9484425349087002
2015-11-30,3445.405,3.1429,1.0941064638783269,1.1404335532516494,1.1703910614525137,1.0182306931453393,1.0308307914329757,0.9120267260579064,1.1802443991853362,1.0939086294416243,0.949516648764769
2015-12-01,3456.309,3.1534,1.0960076045627376,1.1404335532516494,1.1731843575418994,1.0182859375012425,1.0342746564334677,0.9265033407572383,1.1924643584521386,1.1032148900169205,0.9548872180451128
2015-12-02,3536.905,3.1938,1.0960076045627376,1.1394910461828465,1.1876163873370578,1.0183411848544417,1.0475253370067892,0.9220489977728284,1.1843177189409368,1.0939086294416243,0.9387755102040816
2015-12-03,3584.824,3.2033,1.0979087452471483,1.1394910461828465,1.1978584729981376,1.0183964352050996,1.0506412148643773,0.9120267260579064,1.1659877800407332,1.0786802030456852,0.9226638023630505
2015-12-04,3524.992,3.1815,1.0998098859315588,1.1366635249764374,1.1838919925512104,1.0184516885533788,1.0434910951490701,0.918708240534521,1.189409368635438,1.098138747884941,0.9129967776584317
2015-12-07,3536.927,3.1829,1.1017110266159695,1.1385485391140433,1.1866852886405959,1.0186174665855707,1.0439502771491358,0.9398663697104677,1.1863543788187374,1.095600676818951,0.8839957035445756
2015-12-08,3470.07,3.1619,1.1026615969581748,1.1394910461828465,1.1689944134078212,1.0186727319259616,1.0370625471481518,0.9387527839643652,1.1873727087576373,1.0947546531302876,0.8764769065520944
2015-12-09,3472.439,3.1659,1.1036121673003803,1.1394910461828465,1.1727188081936686,1.0187280002647872,1.0383744957197678,0.933184855233853,1.171079429735234,1.0820642978003383,0.8861439312567131
2015-12-10,3455.495,3.163,1.1045627376425855,1.1413760603204526,1.1699255121042829,1.01878327160221,1.0374233330053462,0.930957683741648,1.1782077393075356,1.0879864636209815,0.8936627282491943
2015-12-11,3434.581,3.1584,1.1045627376425855,1.1423185673892555,1.1620111731843574,1.0188385459383928,1.0359145921479878,0.9320712694877505,1.1537678207739308,1.0719120135363789,0.8689581095596133
2015-12-14,3520.668,3.192,1.1045627376425855,1.1413760603204526,1.1783054003724396,1.019004386941128,1.046934960149562,0.9365256124721603,1.163951120162933,1.0803722504230118,0.8668098818474759
2015-12-15,3510.354,3.187,1.1045627376425855,1.1413760603204526,1.1783054003724396,1.0190596732739776,1.045295024435042,0.9265033407572383,1.1720977596741344,1.0871404399323181,0.8872180451127819
2015-12-16,3516.187,3.185,1.1055133079847907,1.1432610744580585,1.1778398510242083,1.0191149626064009,1.0446390501492342,0.9287305122494431,1.189409368635438,1.0998307952622675,0.8850698174006444
2015-12-17,3579.999,3.2078,1.106463878326996,1.1479736098020736,1.1964618249534449,1.0191702549385604,1.0521171570074452,0.933184855233853,1.1761710794297353,1.0879864636209815,0.8743286788399569
2015-12-18,3578.964,3.2112,1.106463878326996,1.1489161168708766,1.196927374301676,1.019225550270619,1.0532323132933188,0.9253897550111357,1.1558044806517311,1.0727580372250423,0.8635875402792696
2015-12-21,3642.472,3.2433,1.1083650190114067,1.1489161168708766,1.2183426443202978,1.0193914542678166,1.0637607005805372,0.9354120267260578,1.1659877800407332,1.0795262267343486,0.8582169709989259
2015-12-22,3651.767,3.2456,1.1102661596958174,1.1489161168708766,1.222998137802607,1.019446761601099,1.0645150710092164,0.9409799554565701,1.1731160896130346,1.0854483925549916,0.8678839957035446
2015-12-23,3636.089,3.244,1.1102661596958174,1.1517436380772856,1.2202048417132216,1.0195020719350942,1.0639902915805701,0.9387527839643652,1.1812627291242361,1.0922165820642977,0.8990332975295381
2015-12-24,3612.485,3.2328,1.112167300380228,1.1517436380772856,1.2108938547486032,1.0195573852699653,1.0603168355800452,0.9387527839643652,1.1812627291242361,1.0922165820642977,0.8979591836734693
2015-12-25,3627.914,3.2381,1.1131178707224334,1.1517436380772856,1.2160148975791434,1.019612701605875,1.0620551674374366,0.9398663697104677,1.1802443991853362,1.0913705583756346,0.8979591836734693
2015-12-28,3533.779,3.2032,1.1131178707224334,1.1526861451460888,1.1941340782122905,1.0197786686214634,1.0506084161500868,0.9398663697104677,1.1802443991853362,1.0939086294416243,0.8872180451127819
2015-12-29,3563.736,3.2163,1.1140684410646386,1.1545711592836947,1.2029795158286778,1.0198339969631554,1.0549050477221291,0.9398663697104677,1.19959266802444,1.107445008460237,0.8915145005370568
2015-12-30,3572.876,3.2175,1.1140684410646386,1.1564561734213008,1.2043761638733705,1.0198893283067003,1.055298632293614,0.9376391982182628,1.190427698574338,1.1006768189509306,0.8786251342642319
2015-12-31,3539.182,3.207,1.1140684410646386,1.1573986804901037,1.1964618249534449,1.0199446626522606,1.051854767293122,0.9320712694877505,1.1771894093686355,1.0888324873096447,0.8818474758324382
2016-01-04,3296.258,3.1241,1.1140684410646386,1.1602262016965128,1.1340782122905027,1.0201660300579163,1.0246646331463807,0.9387527839643652,1.1558044806517311,1.0710659898477157,0.8775510204081631
2016-01-05,3287.711,3.13,1.1140684410646386,1.165881244109331,1.138733705772812,1.020221379415998,1.0265997572895142,0.9465478841870824,1.154786150712831,1.0769881556683587,0.8807733619763694
2016-01-06,3361.84,3.1518,1.1140684410646386,1.1705937794533459,1.1592178770949721,1.020276731777073,1.0337498770048215,0.9521158129175946,1.1466395112016292,1.0685279187817258,0.8539205155746509
2016-01-07,3125.002,3.0736,1.1150190114068441,1.1696512723845431,1.0968342644320297,1.0203320871413035,1.0081012824297286,0.9732739420935412,1.1181262729124237,1.0465313028764807,0.8356605800214822
2016-01-08,3186.412,3.0967,1.1159695817490494,1.1705937794533459,1.116852886405959,1.020387445508853,1.015677785430811,0.9743875278396437,1.1099796334012222,1.0372250423011844,0.8281417830290011
2016-01-11,3016.704,3.0422,1.1159695817490494,1.16870876531574,1.0721601489757913,1.0205535386330447,0.9978024861425431,0.9799554565701559,1.1120162932790225,1.038917089678511,0.8141783029001074
2016-01-12,3022.861,3.0465,1.1178707224334599,1.16870876531574,1.0721601489757913,1.020608909015499,0.9992128308570304,0.9710467706013363,1.124236252545825,1.050761421319797,0.8131041890440386
2016-01-13,2949.597,3.0273,1.1188212927756653,1.167766258246937,1.0567970204841712,1.0206642824020873,0.9929154777132736,0.9599109131403117,1.0875763747454177,1.0186125211505923,0.8034371643394199
2016-01-14,3007.649,3.0488,1.1197718631178706,1.165881244109331,1.074022346368715,1.0207196587929723,0.9999672012857095,0.967706013363029,1.1099796334012222,1.029610829103215,0.8238453276047261
2016-01-15,2900.97,3.0131,1.1197718631178706,1.1649387370405277,1.0460893854748603,1.0207750381883167,0.9882580602840368,0.9643652561247216,1.0773930753564156,1.0101522842639594,0.8034371643394199
2016-01-18,2913.837,3.0171,1.120722433460076,1.1630537229029219,1.0484171322160147,1.0209411944027387,0.9895700088556528,0.9688195991091314,1.0773930753564156,1.0093062605752963,0.799140708915145
2016-01-19,3007.739,3.0485,1.1197718631178706,1.163996229971725,1.072625698324022,1.0209965858175518,0.9998688051428384,0.967706013363029,1.0784114052953155,1.0101522842639594,0.7894736842105262
2016-01-20,2976.694,3.0344,1.1197718631178706,1.162111215834119,1.063314711359404,1.02105198023764,0.995244186427892,0.9710467706013363,1.0743380855397149,1.0042301184433164,0.7679914070891514
2016-01-21,2880.482,3.0034,1.1188212927756653,1.1602262016965128,1.0405027932960893,1.021107377663166,0.9850765849978681,0.9788418708240534,1.0763747454175152,1.0076142131979697,0.7873254564983888
2016-01-22,2916.562,3.015,1.1197718631178706,1.1602262016965128,1.0484171322160147,1.021162778094293,0.9888812358555544,0.9721603563474387,1.1038696537678208,1.029610829103215,0.8174006444683136
2016-01-25,2938.515,3.0203,1.1197718631178706,1.158341187558907,1.053538175046555,1.02132899742291,0.9906195677129457,0.9766146993318485,1.0875763747454177,1.0177664974619292,0.7959183673469388
2016-01-26,2749.785,2.9582,1.1188212927756653,1.1555136663524976,1.00512104283054,1.0213844098780713,0.9702515661386074,0.9899777282850779,1.0967413441955194,1.027072758037225,0.8120300751879699
2016-01-27,2735.558,2.9553,1.1169201520912548,1.1564561734213008,1.0004655493482308,1.0214398253396488,0.9693004034241857,0.9910913140311804,1.070264765784114,1.0084602368866329,0.8163265306122449
2016-01-28,2655.661,2.9323,1.1159695817490494,1.1573986804901037,0.9813780260707635,1.0214952438078062,0.9617566991373938,0.9899777282850779,1.084521384928717,1.0160744500846024,0.8356605800214822
2016-01-29,2737.6,2.9639,1.1169201520912548,1.158341187558907,1.0023277467411544,1.0215506652827058,0.9721210928531602,0.987750556792873,1.1069246435845215,1.0372250423011844,0.8571428571428571
2016-02-01,2688.854,2.9512,1.1178707224334599,1.1592836946277099,0.9958100558659216,1.0217169477494916,0.9679556561382794,0.9944320712694877,1.1089613034623218,1.041455160744501,0.8388829215896885
2016-02-02,2749.57,2.9714,1.1178707224334599,1.1592836946277099,1.0088454376163871,1.021772381252993,0.9745809964249401,0.9955456570155902,1.0855397148676171,1.0253807106598984,0.8120300751879699
2016-02-03,2739.247,2.969,1.1169201520912548,1.158341187558907,1.0069832402234635,1.0218278177640527,0.9737938272819705,0.9966592427616926,1.080448065173116,1.0203045685279188,0.8292158968850698
2016-02-04,2781.023,2.9819,1.1169201520912548,1.1573986804901037,1.0139664804469273,1.0218832572828342,0.9780248614254321,1.0089086859688197,1.0784114052953155,1.015228426395939,0.8431793770139635
2016-02-05,2763.492,2.9762,1.1178707224334599,1.1555136663524976,1.0125698324022345,1.0219386998095,0.9761553347108792,1.017817371937639,1.0407331975560081,0.988155668358714,0.8313641245972073
2016-02-15,2746.196,2.9711,1.1197718631178706,1.1479736098020736,1.0088454376163871,1.0224932905457238,0.9744826002820688,1.05456570155902,1.035641547861507,0.9873096446700509,0.8141783029001074
2016-02-16,2836.571,3.001,1.1197718631178706,1.1489161168708766,1.026536312849162,1.022548766169894,0.9842894158548984,1.0489977728285078,1.0570264765784114,1.0042301184433164,0.8184747583243823
2016-02-17,2867.338,3.0093,1.1197718631178706,1.1517436380772856,1.0316573556797022,1.0226042448039077,0.9870117091410017,1.0579064587973273,1.0814663951120165,1.0203045685279188,0.841031149301826
2016-02-18,2862.893,3.0059,1.1197718631178706,1.1517436380772856,1.0311918063314711,1.0226597264479282,0.985896552855128,1.0534521158129175,1.0682281059063137,1.0135363790186125,0.8356605800214822
2016-02-19,2860.021,3.0053,1.120722433460076,1.1517436380772856,1.03072625698324,1.0227152111021192,0.9856997605693857,1.0679287305122493,1.0723014256619143,1.0160744500846024,0.8281417830290011
2016-02-22,2927.175,3.0287,1.120722433460076,1.1526861451460888,1.0432960893854748,1.0228816831273462,0.9933746597133393,1.0612472160356348,1.0875763747454177,1.029610829103215,0.8474758324382384
2016-02-23,2903.331,3.0185,1.1216730038022813,1.1545711592836947,1.0391061452513968,1.0229371798238511,0.9900291908557184,1.0657015590200445,1.0723014256619143,1.0228426395939088,0.8302900107411385
2016-02-24,2928.896,3.026,1.1216730038022813,1.1526861451460888,1.0446927374301676,1.0229926795313429,0.9924890944274983,1.0690423162583518,1.0824847250509164,1.029610829103215,0.8302900107411385
2016-02-25,2741.245,2.9609,1.1216730038022813,1.1508011310084827,1.0083798882681563,1.0230481822499848,0.9711371314244481,1.0824053452115812,1.0926680244399185,1.041455160744501,0.832438238453276
2016-02-26,2767.21,2.9711,1.1216730038022813,1.1517436380772856,1.0139664804469273,1.0231036879799404,0.9744826002820688,1.0824053452115812,1.0916496945010183,1.038917089678511,0.841031149301826
2016-02-29,2687.979,2.9485,1.1216730038022813,1.1545711592836947,1.0013966480446925,1.0232702232393227,0.9670700908524386,1.076837416481069,1.084521384928717,1.0346869712351947,0.841031149301826
2016-03-01,2733.17,2.9662,1.1216730038022813,1.1536286522148917,1.0116387337057728,1.0233257410161667,0.9728754632818394,1.0857461024498887,1.115071283095723,1.05668358714044,0.8528464017185822
2016-03-02,2849.681,3.01,1.1226235741444868,1.1573986804901037,1.036312849162011,1.0233812618051412,0.9872413001410344,1.0757238307349666,1.1171079429735233,1.0575296108291032,0.8700322234156821
2016-03-03,2859.758,3.0124,1.1226235741444868,1.1573986804901037,1.036312849162011,1.0234367856064097,0.988028469284004,1.0857461024498887,1.1130346232179227,1.0575296108291032,0.8850698174006444
2016-03-04,2874.147,3.0215,1.1226235741444868,1.1564561734213008,1.0381750465549346,1.0234923124201358,0.9910131522844304,1.099109131403118,1.1120162932790225,1.05668358714044,0.8979591836734693
2016-03-07,2897.34,3.0257,1.1226235741444868,1.1564561734213008,1.0432960893854748,1.0236589109376928,0.9923906982846272,1.1002227171492205,1.1028513238289206,1.0490693739424704,0.911922663802363
2016-03-08,2901.387,3.0267,1.123574144486692,1.1555136663524976,1.042364990689013,1.0237144498028834,0.9927186854275312,1.1046770601336302,1.0926680244399185,1.0397631133671743,0.8829215896885069
2016-03-09,2862.556,3.0156,1.1245247148288973,1.1555136663524976,1.0344506517690875,1.0237699916813483,0.9890780281412969,1.0957683741648105,1.09979633401222,1.0465313028764807,0.8936627282491943
2016-03-10,2804.726,2.9967,1.1254752851711025,1.1564561734213008,1.0260707635009312,1.0238255365732516,0.9828790711404113,1.086859688195991,1.0987780040733197,1.0490693739424704,0.8893662728249193
2016-03-11,2810.307,2.996,1.1254752851711025,1.1555136663524976,1.0256052141527001,1.0238810844787565,0.9826494801403785,1.101336302895323,1.1130346232179227,1.0592216582064298,0.907626208378088
2016-03-14,2859.499,3.0114,1.126425855513308,1.158341187558907,1.0358472998137802,1.0240477462785171,0.9826494801403785,1.089086859688196,1.1140529531568228,1.0592216582064298,0.9022556390977443
2016-03-15,2864.368,3.0144,1.126425855513308,1.1602262016965128,1.0381750465549346,1.0241033062400642,0.9877004821411001,1.0712694877505566,1.1171079429735233,1.0617597292724197,0.8979591836734693
2016-03-16,2870.43,3.0182,1.126425855513308,1.162111215834119,1.0395716945996276,1.0241588692160306,0.9877004821411001,1.076837416481069,1.1272912423625254,1.0719120135363789,0.9140708915145005
2016-03-17,2904.832,3.0297,1.1273764258555132,1.1611687087653157,1.0465549348230914,1.0242144352065798,0.9877004821411001,1.0979955456570156,1.1221995926680246,1.0702199661590523,0.9323308270676691
2016-03-18,2955.15,3.0476,1.1273764258555132,1.1592836946277099,1.0558659217877093,1.0242700042118755,0.9886881826232411,1.0913140311804008,1.1191446028513239,1.0685279187817258,0.9280343716433941
2016-03-21,3018.802,3.0741,1.1283269961977187,1.1630537229029219,1.0651769087523275,1.024436729317877,0.9886881826232411,1.0801781737193763,1.1262729124236253,1.0719120135363789,0.9269602577873254
2016-03-22,2999.363,3.0657,1.1273764258555132,1.165881244109331,1.063314711359404,1.0244923103837944,0.9886881826232411,1.0902004454342984,1.1313645621181263,1.0752961082910322,0.9280343716433941
2016-03-23,3009.96,3.0693,1.1283269961977187,1.167766258246937,1.063314711359404,1.024547894465276,0.9886881826232411,1.0734966592427617,1.1221995926680246,1.0676818950930627,0.907626208378088
2016-03-24,2960.97,3.0526,1.1283269961977187,1.1696512723845431,1.0549348230912476,1.0246034815624856,0.9886881826232411,1.0601336302895321,1.1262729124236253,1.0685279187817258,0.9065520945220192
2016-03-25,2979.434,3.0585,1.1283269961977187,1.1696512723845431,1.0595903165735567,1.0246590716755868,0.9886881826232411,1.064587973273942,1.1262729124236253,1.0693739424703892,0.907626208378088
2016-03-28,2957.82,3.0487,1.1283269961977187,1.1696512723845431,1.0567970204841712,1.0248258601118758,0.9886881826232411,1.0623608017817372,1.125254582484725,1.0710659898477157,0.9065520945220192
2016-03-29,2919.832,3.0378,1.1283269961977187,1.1696512723845431,1.0507448789571694,1.0248814622901796,0.9886881826232411,1.0601336302895321,1.1395112016293278,1.083756345177665,0.9044038668098817
2016-03-30,3000.645,3.0649,1.1283269961977187,1.16870876531574,1.0647113594040967,1.0249370674851934,0.9886881826232411,1.0746102449888641,1.1405295315682282,1.0829103214890017,0.9151450053705692
2016-03-31,3003.915,3.065,1.1283269961977187,1.1668237511781339,1.0651769087523275,1.0249926756970806,0.9886881826232411,1.0623608017817372,1.1354378818737272,1.0752961082910322,0.9097744360902255
2016-04-01,3009.53,3.0678,1.1283269961977187,1.1696512723845431,1.0665735567970205,1.0250482869260051,0.9916512840696645,1.0679287305122493,1.145621181262729,1.0854483925549916,0.8958109559613319
2016-04-05,3053.065,3.0827,1.1283269961977187,1.1705937794533459,1.0758845437616387,1.0252707620153478,0.9916512840696645,1.0612472160356348,1.1313645621181263,1.0727580372250423,0.8807733619763694
2016-04-06,3050.592,3.0819,1.1283269961977187,1.172478793590952,1.0758845437616387,1.0253263883319137,0.9916512840696645,1.0634743875278396,1.15071283095723,1.0871404399323181,0.894736842105263
2016-04-07,3008.42,3.0673,1.1283269961977187,1.172478793590952,1.0670391061452513,1.025382017666499,0.9916512840696645,1.0612472160356348,1.1334012219959266,1.0752961082910322,0.8915145005370568
2016-04-08,2984.958,3.0603,1.1283269961977187,1.1734213006597551,1.063780260707635,1.0254376500192672,0.9946143855160877,1.0690423162583518,1.1334012219959266,1.0769881556683587,0.9097744360902255
2016-04-11,3033.957,3.0776,1.1273764258555132,1.172478793590952,1.0730912476722532,1.025604565188309,0.9946143855160877,1.0835189309576836,1.1283095723014258,1.0736040609137056,0.9108485499462943
2016-04-12,3023.646,3.0731,1.126425855513308,1.172478793590952,1.0716945996275604,1.0256602096154475,0.9946143855160877,1.0857461024498887,1.1364562118126273,1.0820642978003383,0.9334049409237378
2016-04-13,3066.638,3.0866,1.1245247148288973,1.174363807728558,1.079143389199255,1.0257158570615883,0.9946143855160877,1.0790645879732739,1.14969450101833,1.0905245346869712,0.945220193340494
2016-04-14,3082.362,3.0917,1.1226235741444868,1.1800188501413762,1.0814711359404097,1.025771507526895,1.0232576994981797,1.0712694877505566,1.154786150712831,1.093062605752961,0.9473684210526315
2016-04-15,3078.117,3.0917,1.1216730038022813,1.1809613572101791,1.0800744878957167,1.0258271610115313,1.0212822985338974,1.0679287305122493,1.1517311608961305,1.0947546531302876,0.936627282491944
2016-04-18,3033.66,3.0777,1.1226235741444868,1.17813383600377,1.074022346368715,1.0259941395830559,1.0104175932303452,1.07271714922049,1.154786150712831,1.0972927241962775,0.9398496240601504
2016-04-19,3042.823,3.0805,1.1216730038022813,1.1771913289349671,1.0758845437616387,1.026049805146649,1.0143683951589098,1.079175946547884,1.1466395112016292,1.0947546531302876,0.9602577873254564
2016-04-20,2972.584,3.0604,1.120722433460076,1.171536286522149,1.0614525139664803,1.0261054737303907,0.9728849749089835,1.0801781737193763,1.144602851323829,1.0913705583756346,0.9656283566058002
2016-04-21,2952.891,3.0548,1.1188212927756653,1.1753063147973613,1.0586592178770948,1.026161145334445,0.9630079700875726,1.0909799554565702,1.1486761710794295,1.0905245346869712,0.9699248120300752
2016-04-22,2959.24,3.0606,1.1159695817490494,1.176248821866164,1.062849162011173,1.026216819958976,0.9718972744268425,1.0821826280623608,1.1354378818737272,1.0854483925549916,0.9785177228786252
2016-04-25,2946.67,3.057,1.112167300380228,1.1771913289349671,1.063780260707635,1.026383861957067,0.9699218734625602,1.075946547884187,1.138492871690428,1.0871404399323181,0.9709989258861439
2016-04-26,2964.7,3.0635,1.111216730038023,1.1753063147973613,1.0665735567970205,1.026439548665143,0.9797988782839713,1.0733853006681513,1.129327902240326,1.0846023688663284,0.9785177228786252
2016-04-27,2953.671,3.0599,1.1131178707224334,1.176248821866164,1.0647113594040967,1.026495238394515,0.9788111778018301,1.0820712694877506,1.120162932790224,1.0829103214890017,0.9924812030075187
2016-04-28,2945.589,3.0582,1.1140684410646386,1.17813383600377,1.0642458100558658,1.0265509311453471,0.9778234773196891,1.0856347438752783,1.1089613034623218,1.0719120135363789,0.9903329752953813
2016-04-29,2938.324,3.0581,1.1140684410646386,1.1734213006597551,1.063780260707635,1.0266066269178027,0.9788111778018301,1.1055679287305122,1.0967413441955194,1.0642978003384096,0.9817400644468314
2016-05-03,2992.643,3.0772,1.1150190114068441,1.1734213006597551,1.074022346368715,1.0268294402271432,1.0054790908196398,1.1251670378619154,1.0957230142566192,1.062605752961083,0.958109559613319
2016-05-04,2991.272,3.0772,1.1159695817490494,1.17813383600377,1.072625698324022,1.0268851511101773,1.0054790908196398,1.1151447661469933,1.0957230142566192,1.0609137055837563,0.949516648764769
2016-05-05,2997.842,3.0785,1.1169201520912548,1.1809613572101791,1.072625698324022,1.026940865015819,1.0143683951589098,1.1121380846325166,1.0987780040733197,1.0642978003384096,0.9548872180451128
2016-05-06,2913.248,3.0492,1.1169201520912548,1.181903864278982,1.0563314711359404,1.0269965819442326,0.976835776837548,1.1144766146993317,1.104887983706721,1.0736040609137056,0.953813104189044
2016-05-09,2832.113,3.0266,1.1188212927756653,1.181903864278982,1.042830540037244,1.0271637508677427,0.9402908589983272,1.1143652561247215,1.104887983706721,1.0710659898477157,0.9387755102040816
2016-05-10,2832.591,3.0262,1.120722433460076,1.1837888784165882,1.0446927374301676,1.0272194798888827,0.9363400570697629,1.1059020044543428,1.1221995926680246,1.086294416243655,0.9527389903329753
2016-05-11,2837.037,3.0317,1.120722433460076,1.1837888784165882,1.0488826815642458,1.0272752119336146,0.9333769556233396,1.1092427616926503,1.1109979633401221,1.0702199661590523,0.9570354457572502
2016-05-12,2835.862,3.0339,1.1216730038022813,1.181903864278982,1.0502793296089383,1.027330947002102,0.9343646561054806,1.1075723830734967,1.1028513238289206,1.0651438240270727,0.9559613319011815
2016-05-13,2827.109,3.0284,1.1226235741444868,1.186616399622997,1.0484171322160147,1.0273866850945093,0.9323892551411984,1.1115812917594654,1.1028513238289206,1.062605752961083,0.9516648764769066
2016-05-16,2850.862,3.0355,1.1226235741444868,1.1885014137606031,1.0521415270018621,1.0275539175168906,0.9531309652661615,1.1192650334075724,1.1171079429735233,1.074450084602369,0.9634801288936627
2016-05-17,2843.684,3.0321,1.1226235741444868,1.1885014137606031,1.0502793296089383,1.0276096677066178,0.9521432647840204,1.1134743875278397,1.1018329938900204,1.0617597292724197,0.9645542427497314
2016-05-18,2807.514,3.0234,1.1226235741444868,1.1885014137606031,1.041899441340782,1.0276654209210854,0.9244876512840697,1.1134743875278397,1.104887983706721,1.0583756345177664,0.9570354457572502
2016-05-19,2806.906,3.0202,1.1216730038022813,1.1922714420358151,1.041899441340782,1.027721177160457,0.9314015546590573,1.0996659242761693,1.104887983706721,1.0609137055837563,0.953813104189044
2016-05-20,2825.483,3.0258,1.1216730038022813,1.1932139491046183,1.0442271880819365,1.0277769364248972,0.938315458034045,1.0993318485523385,1.1160896130346234,1.0676818950930627,0.958109559613319
2016-05-23,2843.645,3.031,1.1216730038022813,1.1922714420358151,1.047486033519553,1.0279442323702699,0.9560940667125848,1.097772828507795,1.1130346232179227,1.0634517766497462,0.9505907626208377
2016-05-24,2821.666,3.0235,1.1226235741444868,1.1941564561734213,1.042830540037244,1.028000003736625,0.947204762373315,1.0907572383073496,1.134419551934827,1.074450084602369,0.9559613319011815
2016-05-25,2815.086,3.0219,1.123574144486692,1.1979264844486333,1.0432960893854748,1.0280557781288695,0.9442416609268917,1.074053452115813,1.145621181262729,1.0820642978003383,0.9752953813104189
2016-05-26,2822.443,3.0231,1.1226235741444868,1.1979264844486333,1.0437616387337056,1.0281115555471674,0.9501678638197383,1.079621380846325,1.145621181262729,1.0820642978003383,0.9720730397422126
2016-05-27,2821.046,3.0215,1.123574144486692,1.1969839773798305,1.0446927374301676,1.0281673359916825,0.948192462855456,1.0722717149220489,1.15071283095723,1.083756345177665,0.9720730397422126
2016-05-30,2822.451,3.023,1.123574144486692,1.2026390197926484,1.0451582867783984,1.0283346954841754,0.9412785594804683,1.060913140311804,1.1558044806517311,1.0888324873096447,0.9742212674543501
2016-05-31,2916.616,3.0576,1.123574144486692,1.2026390197926484,1.0619180633147114,1.0283904880352026,0.9817742792482534,1.067706013363029,1.1578411405295317,1.0871404399323181,0.9688506981740064
2016-06-01,2913.508,3.0547,1.1226235741444868,1.2035815268614514,1.0619180633147114,1.0284462836132684,0.9926389845518054,1.0734966592427617,1.1588594704684316,1.0922165820642977,0.966702470461869
2016-06-02,2925.229,3.0569,1.1226235741444868,1.2016965127238455,1.063780260707635,1.028502082218537,1.0025159893732165,1.0721603563474387,1.1578411405295317,1.0913705583756346,0.9634801288936627
2016-06-03,2938.682,3.0648,1.1226235741444868,1.2035815268614514,1.0679702048417132,1.0285578838511726,1.0054790908196398,1.0698218262806236,1.1537678207739308,1.0947546531302876,0.9656283566058002
2016-06-06,2934.098,3.0637,1.123574144486692,1.2016965127238455,1.0675046554934824,1.028725306914924,1.007454491783922,1.0908685968819598,1.1517311608961305,1.0913705583756346,0.9806659505907626
2016-06-07,2936.045,3.062,1.123574144486692,1.2054665409990575,1.0670391061452513,1.0287811206586701,1.0133806946767687,1.0925389755011135,1.1517311608961305,1.0947546531302876,1.0032223415682062
2016-06-08,2927.159,3.0581,1.1245247148288973,1.2064090480678606,1.0647113594040967,1.0288369374306048,1.0104175932303452,1.1012249443207127,1.1527494908350304,1.0998307952622675,1.0064446831364124
2016-06-13,2833.071,3.0291,1.1245247148288973,1.2073515551366636,1.047951582867784,1.0291160667188537,0.9610325691232904,1.1283964365256125,1.1323828920570267,1.0854483925549916,0.9752953813104189
2016-06-14,2842.189,3.0323,1.1254752851711025,1.2045240339302545,1.0502793296089383,1.0291719016633687,0.9630079700875726,1.1276169265033407,1.1323828920570267,1.0846023688663284,0.9752953813104189
2016-06-15,2887.21,3.0464,1.126425855513308,1.2073515551366636,1.0591247672253257,1.0292277396372227,0.9965897864803699,1.1329621380846326,1.1313645621181263,1.089678510998308,0.966702470461869
2016-06-16,2872.817,3.0417,1.126425855513308,1.2035815268614514,1.0549348230912476,1.0292835806405791,0.9965897864803699,1.1525612472160356,1.1303462321792261,1.0871404399323181,0.966702470461869
2016-06-17,2885.105,3.0481,1.1273764258555132,1.2054665409990575,1.0605214152700186,1.0293394246736034,1.0044913903374986,1.1337416481069043,1.1191446028513239,1.0803722504230118,0.966702470461869
2016-06-20,2888.809,3.0496,1.1283269961977187,1.2064090480678606,1.0609869646182495,1.0295069749523234,1.0133806946767687,1.1302895322939865,1.124236252545825,1.0854483925549916,0.9666058002148228
2016-06-21,2878.558,3.0464,1.1283269961977187,1.2082940622054665,1.0591247672253257,1.0295628311056606,1.0015282888910755,1.1288418708240535,1.1262729124236253,1.083756345177665,0.9666058002148228
2016-06-22,2905.55,3.0559,1.1283269961977187,1.2120640904806788,1.0647113594040967,1.029618690289487,1.0193068975696153,1.1152561247216035,1.1283095723014258,1.0888324873096447,0.9666058002148228
2016-06-23,2891.96,3.0529,1.1283269961977187,1.2111215834118756,1.0614525139664803,1.0296745525039674,1.0143683951589098,1.1165924276169263,1.138492871690428,1.093062605752961,0.966702470461869
2016-06-24,2854.286,3.0412,1.129277566539924,1.2082940622054665,1.0554003724394785,1.0297304177492659,1.0054790908196398,1.1678173719376392,1.0967413441955194,1.0727580372250423,0.9667991407089152
2016-06-27,2895.703,3.0561,1.1311787072243344,1.2139491046182846,1.063314711359404,1.0298980316717141,1.028196201908885,1.1729398663697104,1.0865580448065173,1.0685279187817258,0.966702470461869
2016-06-28,2912.557,3.0613,1.1311787072243344,1.2177191328934969,1.0656424581005586,1.0299539090419296,1.038073206730296,1.1693763919821827,1.1099796334012222,1.083756345177665,0.966702470461869
2016-06-29,2931.592,3.0665,1.1311787072243344,1.2196041470311028,1.068435754189944,1.0300097894437854,1.0410363081767195,1.1739420935412026,1.124236252545825,1.0939086294416243,0.9665091299677766
2016-06-30,2929.606,3.0685,1.13212927756654,1.223374175306315,1.069366852886406,1.0300656728774462,1.0439994096231426,1.1680400890868596,1.1354378818737272,1.104906937394247,0.9665091299677766
2016-07-01,2932.476,3.0709,1.1330798479087452,1.223374175306315,1.0712290502793296,1.0301215593430764,1.0410363081767195,1.185412026726058,1.1435845213849287,1.1150592216582065,0.9665091299677766
2016-07-04,2988.604,3.0925,1.1340304182509506,1.223374175306315,1.0814711359404097,1.0302892369334282,1.0578272163731182,1.2021158129175946,1.1435845213849287,1.1150592216582065,0.9665091299677766
2016-07-05,3006.392,3.0963,1.1340304182509506,1.231856738925542,1.083798882681564,1.030345135528581,1.0627657187838238,1.1974387527839643,1.138492871690428,1.1159052453468696,0.9624489795918367
2016-07-06,3017.292,3.1011,1.1349809885931559,1.235626767200754,1.0861266294227188,1.0304010371565258,1.066716520712388,1.217371937639198,1.15071283095723,1.1294416243654823,0.9675725026852846
2016-07-07,3016.847,3.101,1.1359315589353611,1.23751178133836,1.0851955307262569,1.0304569418174272,1.0706673226409527,1.2195991091314031,1.1527494908350304,1.126057529610829,0.9433082706766918
2016-07-08,2988.094,3.0964,1.1368821292775664,1.2403393025447693,1.083798882681564,1.0305128495114497,1.0677042211945291,1.2094654788418708,1.170061099796334,1.1438240270727582,0.9404081632653062
2016-07-11,2994.917,3.1006,1.1368821292775664,1.2431668237511782,1.0856610800744877,1.030680590793889,1.0607903178195415,1.2141425389755012,1.1761710794297353,1.1489001692047378,0.9338345864661654
2016-07-12,3049.381,3.1215,1.1378326996197718,1.2459943449575872,1.100093109869646,1.0307365106220414,1.0677042211945291,1.2119153674832963,1.1832993890020367,1.149746192893401,0.9680558539205156
2016-07-13,3060.689,3.1279,1.1368821292775664,1.2450518378887843,1.1033519553072626,1.0307924334841378,1.07758122601594,1.1996659242761691,1.1792260692464358,1.152284263959391,0.936154672395274
2016-07-14,3054.018,3.1268,1.1378326996197718,1.2450518378887843,1.101489757914339,1.0308483593803428,1.0785689264980813,1.191759465478842,1.185336048879837,1.1539763113367176,0.9468850698174007
2016-07-15,3054.296,3.1285,1.1378326996197718,1.2450518378887843,1.1042830540037243,1.0309042883108213,1.075605825051658,1.1897550111358575,1.1832993890020367,1.1514382402707277,0.9530719656283566
2016-07-18,3043.564,3.1255,1.138783269961977,1.2478793590951933,1.105679702048417,1.0310720933095416,1.0736304240873757,1.1868596881959912,1.1924643584521386,1.1582064297800339,0.9425349087003222
2016-07-19,3036.598,3.1203,1.138783269961977,1.2478793590951933,1.1024208566108007,1.031128034378759,1.0785689264980813,1.1898663697104677,1.1883910386965377,1.1590524534686972,0.938861439312567
2016-07-20,3027.9,3.1178,1.1397338403041826,1.2488218661639963,1.1005586592178769,1.0311839784830727,1.0795566269802224,1.1853006681514477,1.2006109979633401,1.1565143824027073,0.9409881847475833
2016-07-21,3039.009,3.1244,1.141634980988593,1.2488218661639963,1.1047486033519553,1.0312399256226477,1.0815320279445046,1.174610244988864,1.1965376782077393,1.152284263959391,0.9244575725026853
2016-07-22,3012.816,3.1143,1.141634980988593,1.2469368520263902,1.0982309124767224,1.0312958757976485,1.0736304240873757,1.1812917594654788,1.1975560081466394,1.1539763113367176,0.9113104189044039
2016-07-25,3015.828,3.1165,1.141634980988593,1.2516493873704053,1.1005586592178769,1.0314637445368522,1.075605825051658,1.1740534521158128,1.2006109979633401,1.152284263959391,0.8954564983888292
2016-07-26,3050.166,3.1299,1.141634980988593,1.2497643732327994,1.1089385474860336,1.0315197068552031,1.0894336318016333,1.1767260579064587,1.2006109979633401,1.1539763113367176,0.8898496240601503
2016-07-27,2991.999,3.1135,1.141634980988593,1.2478793590951933,1.1005586592178769,1.031575672209803,1.0430117091410018,1.1753897550111359,1.2057026476578412,1.1565143824027073,0.8738023630504834
2016-07-28,2994.323,3.1155,1.141634980988593,1.2469368520263902,1.1084729981378025,1.0316316406008172,1.0439994096231426,1.1919821826280623,1.2097759674134418,1.1607445008460238,0.8578517722878625
2016-07-29,2979.339,3.1125,1.1425855513307983,1.2469368520263902,1.1075418994413406,1.0316876120284102,1.038073206730296,1.1847438752783965,1.2097759674134418,1.1658206429780034,0.8611385606874329
2016-08-01,2953.385,3.1053,1.1435361216730038,1.2431668237511782,1.1028864059590318,1.031855544532309,1.025233100462462,1.194097995545657,1.2118126272912424,1.1641285956006768,0.8378410311493019
2016-08-02,2971.279,3.1092,1.1435361216730038,1.2441093308199813,1.105679702048417,1.0319115281078648,1.0331347043195906,1.2016703786191536,1.2057026476578412,1.161590524534687,0.8336842105263158
2016-08-03,2978.461,3.1107,1.144486692015209,1.2403393025447693,1.1070763500931098,1.031967514720823,1.0390609072124373,1.20902004454343,1.204684317718941,1.1548223350253808,0.8450912996777659
2016-08-04,2982.426,3.1121,1.144486692015209,1.2469368520263902,1.1075418994413406,1.0320235043713486,1.044987110105284,1.1977728285077949,1.2107942973523422,1.161590524534687,0.8542749731471536
2016-08-05,2976.696,3.1131,1.1454372623574145,1.2469368520263902,1.1094040968342644,1.0320794970596066,1.0400486076945783,1.2099109131403119,1.2219959266802445,1.1649746192893402,0.8561117078410312
2016-08-08,3004.277,3.1224,1.1463878326996197,1.2525918944392083,1.1154562383612663,1.0322474933524215,1.0519010134802715,1.1869710467706014,1.2230142566191446,1.1666666666666667,0.872642320085929
2016-08-09,3025.681,3.1285,1.1463878326996197,1.2544769085768144,1.1191806331471135,1.0323034981932564,1.0607903178195415,1.1962138084632516,1.2250509164969452,1.1683587140439933,0.8710955961331901
2016-08-10,3018.746,3.1227,1.1473384030418252,1.2554194156456175,1.1159217877094971,1.0323595060726478,1.0588149168552594,1.1993318485523385,1.2209775967413443,1.1683587140439933,0.8505048335123524
2016-08-11,3002.638,3.1199,1.1473384030418252,1.2516493873704053,1.1140595903165733,1.0324155169907603,1.044987110105284,1.1926503340757237,1.2209775967413443,1.1666666666666667,0.8779591836734694
2016-08-12,3050.667,3.1414,1.1482889733840302,1.2582469368520264,1.1256983240223464,1.032471530947759,1.0548641149266949,1.1885300668151446,1.2270875763747455,1.1717428087986463,0.9001933404940924
2016-08-15,3125.195,3.1719,1.1492395437262357,1.2573044297832234,1.1401303538175045,1.0326395910537203,1.0785689264980813,1.1906458797327393,1.2291242362525459,1.170896785109983,0.9199140708915146
2016-08-16,3110.037,3.1667,1.1492395437262357,1.2563619227144205,1.13780260707635,1.032695617167912,1.085482829873069,1.1929844097995546,1.2189409368635438,1.1590524534686972,0.9309344790547798
2016-08-17,3109.555,3.166,1.1492395437262357,1.2535344015080114,1.138268156424581,1.0327516463218145,1.0884459313194923,1.1885300668151446,1.2169042769857434,1.152284263959391,0.9333512352309346
2016-08-18,3104.114,3.1629,1.1492395437262357,1.2582469368520264,1.1359404096834262,1.0328076785155924,1.0894336318016333,1.196881959910913,1.2209775967413443,1.1590524534686972,0.9590655209452202
2016-08-19,3108.102,3.1654,1.1492395437262357,1.2573044297832234,1.1368715083798884,1.0328637137494108,1.0914090327659156,1.1943207126948774,1.2189409368635438,1.1556683587140442,0.9566487647690656
2016-08-22,3084.805,3.1559,1.1492395437262357,1.2657869934024506,1.1336126629422718,1.0330318376927576,1.0805443274623636,1.1868596881959912,1.2281059063136457,1.161590524534687,0.9421482277121375
2016-08-23,3089.706,3.1579,1.1492395437262357,1.2657869934024506,1.1340782122905027,1.033087885088387,1.0815320279445046,1.1886414253897548,1.2291242362525459,1.1598984771573604,0.950171858216971
2016-08-24,3085.88,3.1549,1.1482889733840302,1.2639019792648445,1.1317504655493482,1.0331439355248815,1.084495129390928,1.188195991091314,1.2169042769857434,1.1429780033840948,0.9281310418904404
2016-08-25,3068.329,3.1491,1.1482889733840302,1.2657869934024506,1.1298882681564246,1.0331999890024064,1.0795566269802224,1.1807349665924276,1.2189409368635438,1.1455160744500847,0.9404081632653062
2016-08-26,3070.309,3.1489,1.1492395437262357,1.2639019792648445,1.1294227188081938,1.0332560455211264,1.0825197284266457,1.180400890868597,1.2189409368635438,1.1421319796954317,0.9440816326530612
2016-08-29,3070.027,3.1497,1.1492395437262357,1.2704995287464658,1.1284916201117317,1.0334242333261072,1.0864705303552102,1.1753897550111359,1.2270875763747455,1.152284263959391,0.9426315789473684
2016-08-30,3074.677,3.1504,1.1473384030418252,1.2686145146088597,1.1303538175046555,1.033480302011258,1.0864705303552102,1.1770601336302895,1.2219959266802445,1.1412859560067683,0.9285177228786252
2016-08-31,3085.491,3.1536,1.1482889733840302,1.2686145146088597,1.13268156424581,1.0335363737384289,1.0864705303552102,1.1737193763919822,1.2230142566191446,1.1395939086294418,0.8998066595059075
2016-09-01,3063.305,3.1448,1.1482889733840302,1.2648444863336477,1.127094972067039,1.0335924485077854,1.0795566269802224,1.166815144766147,1.2230142566191446,1.1421319796954317,0.8767991407089152
2016-09-02,3067.352,3.1475,1.1482889733840302,1.2648444863336477,1.1280260707635008,1.033648526319492,1.076593525533799,1.1703786191536747,1.2250509164969452,1.149746192893401,0.8876262083780881
2016-09-05,3072.095,3.148,1.1492395437262357,1.2676720075400565,1.1308193668528863,1.0338167780103646,1.085482829873069,1.1821826280623609,1.2250509164969452,1.152284263959391,0.8876262083780881
2016-09-06,3090.713,3.1537,1.1482889733840302,1.2676720075400565,1.1354748603351954,1.0338728679931235,1.1022737380694678,1.1860801781737194,1.2311608961303464,1.1565143824027073,0.8932330827067669
2016-09-07,3091.928,3.1537,1.1482889733840302,1.2667295004712538,1.1359404096834262,1.033928961019058,1.1022737380694678,1.1986636971046771,1.230142566191446,1.1548223350253808,0.9007733619763695
2016-09-08,3095.954,3.1547,1.1482889733840302,1.2676720075400565,1.1364059590316573,1.0339850570883335,1.105236839515891,1.1979955456570157,1.2240325865580448,1.1489001692047378,0.933641245972073
2016-09-09,3078.855,3.1484,1.1492395437262357,1.2676720075400565,1.132216014897579,1.034041156201115,1.1022737380694678,1.1919821826280623,1.1965376782077393,1.1201353637901863,0.9098603651987112
2016-09-12,3021.977,3.1292,1.1492395437262357,1.2676720075400565,1.121508379888268,1.0342094718021466,1.0736304240873757,1.1865256124721602,1.219959266802444,1.1395939086294418,0.9132438238453277
2016-09-13,3023.51,3.1273,1.1492395437262357,1.2629594721960415,1.12243947858473,1.0342655830906033,1.0805443274623636,1.185412026726058,1.2067209775967414,1.122673434856176,0.8917830290010741
2016-09-14,3002.849,3.1193,1.1492395437262357,1.2639019792648445,1.1173184357541899,1.0343216974233918,1.074618124569517,1.1806236080178174,1.214867617107943,1.1269035532994924,0.8752524167561762
2016-09-19,3026.051,3.1288,1.150190114068441,1.2629594721960415,1.12243947858473,1.0346023147580912,1.084495129390928,1.1758351893095769,1.2240325865580448,1.1362098138747885,0.870515574650913
2016-09-20,3023.0,3.1272,1.150190114068441,1.2610744580584357,1.1233705772811917,1.0346584473603389,1.0835074289087867,1.1748329621380846,1.2230142566191446,1.1319796954314723,0.8676154672395273
2016-09-21,3025.874,3.1289,1.150190114068441,1.2648444863336477,1.1243016759776536,1.0347145830080746,1.084495129390928,1.1782850779510023,1.2372708757637476,1.149746192893401,0.887529538131042
2016-09-22,3042.313,3.1367,1.1511406844106464,1.2657869934024506,1.1294227188081938,1.0347707217014637,1.0933844337301977,1.1883073496659242,1.2423625254582484,1.1539763113367176,0.8960365198711063
2016-09-23,3033.896,3.1322,1.1511406844106464,1.2686145146088597,1.1261638733705772,1.0348268634406712,1.0923967332480569,1.1883073496659242,1.2372708757637476,1.1489001692047378,0.8785392051557466
2016-09-26,2980.43,3.1137,1.1520912547528517,1.2686145146088597,1.116852886405959,1.0349953069348583,1.0696796221588114,1.189532293986637,1.2281059063136457,1.1412859560067683,0.8911063372717508
2016-09-27,2998.172,3.1207,1.1520912547528517,1.2676720075400565,1.121508379888268,1.035051460858993,1.074618124569517,1.19097995545657,1.2372708757637476,1.1472081218274113,0.8693555316863587
2016-09-28,2987.858,3.1176,1.1520912547528517,1.2695570216776626,1.1201117318435754,1.0351076178297722,1.0716550231230935,1.1807349665924276,1.240325865580448,1.1514382402707277,0.8985499462943072
2016-09-29,2998.483,3.1216,1.1520912547528517,1.2704995287464658,1.12243947858473,1.0351637778473621,1.074618124569517,1.1791759465478842,1.2311608961303464,1.1412859560067683,0.9225241675617616
2016-09-30,3004.703,3.1254,1.1530418250950571,1.2704995287464658,1.1243016759776536,1.0352199409119274,1.0785689264980813,1.1807349665924276,1.2413441955193483,1.149746192893401,0.9283243823845329
2016-10-10,3048.143,3.1379,1.1549429657794676,1.2704995287464658,1.13268156424581,1.0357817391776067,1.0993106366230443,1.1334075723830734,1.2484725050916496,1.1446700507614214,0.9283243823845329
2016-10-11,3065.25,3.141,1.1549429657794676,1.2770970782280868,1.1350093109869646,1.0358379357698155,1.1072122404801732,1.1335189309576839,1.2331975560081467,1.1319796954314723,0.9790762620837808
2016-10-12,3058.498,3.1386,1.1549429657794676,1.27803958529689,1.1340782122905027,1.035894135410984,1.1081999409623144,1.130846325167038,1.235234215885947,1.1387478849407784,0.971439312567132
2016-10-13,3061.346,3.1381,1.155893536121673,1.2789820923656927,1.1350093109869646,1.035950338101278,1.1081999409623144,1.1329621380846326,1.2321792260692463,1.1353637901861253,0.9715359828141782
2016-10-14,3063.809,3.1407,1.1568441064638784,1.2770970782280868,1.1345437616387335,1.0360065438408628,1.105236839515891,1.1315144766146994,1.2311608961303464,1.1319796954314723,0.9698925886143932
2016-10-17,3041.166,3.132,1.1568441064638784,1.2799245994344959,1.1298882681564246,1.0361751793570155,1.0963475351766212,1.132293986636971,1.2311608961303464,1.134517766497462,0.9684425349087004
2016-10-18,3083.875,3.1474,1.1568441064638784,1.2789820923656927,1.13780260707635,1.0362313972954176,1.1121507428908786,1.1400890868596882,1.239307535641548,1.1412859560067683,0.9722126745435017
2016-10-19,3084.719,3.147,1.1568441064638784,1.2808671065032988,1.1364059590316573,1.0362876182839378,1.1111630424087375,1.1387527839643652,1.239307535641548,1.1446700507614214,0.9885499462943071
2016-10-20,3084.458,3.1474,1.1577946768060836,1.281809613572102,1.1368715083798884,1.0363438423227413,1.1151138443373019,1.144543429844098,1.2372708757637476,1.1429780033840948,0.9721160042964555
2016-10-21,3090.941,3.1514,1.158745247148289,1.285579641847314,1.1396648044692737,1.0364000694119941,1.1111630424087375,1.1425389755011135,1.2464358452138493,1.1489001692047378,0.9794629430719657
2016-10-24,3128.247,3.1635,1.158745247148289,1.289349670122526,1.1466480446927374,1.0365687689841012,1.1210400472301485,1.1478841870824052,1.2627291242362526,1.1582064297800339,0.9799462943071966
2016-10-25,3131.939,3.1653,1.158745247148289,1.291234684260132,1.1489757914338918,1.036625008276805,1.124990849158713,1.1497772828507795,1.2596741344195521,1.1539763113367176,0.9701825993555317
2016-10-26,3116.312,3.1603,1.1577946768060836,1.289349670122526,1.1447858472998138,1.0366812506207854,1.1200523467480075,1.1557906458797327,1.2515274949083504,1.146362098138748,0.9581954887218045
2016-10-27,3112.35,3.1572,1.1568441064638784,1.288407163053723,1.143389199255121,1.0367374960162081,1.1200523467480075,1.151336302895323,1.2454175152749491,1.1387478849407784,0.9644790547798067
2016-10-28,3104.27,3.1555,1.1568441064638784,1.289349670122526,1.1405959031657356,1.0367937444632382,1.1101753419265965,1.1507795100222717,1.240325865580448,1.137901861252115,0.9559720730397422
2016-10-31,3100.492,3.1562,1.1568441064638784,1.285579641847314,1.1405959031657356,1.0369625081156313,1.1121507428908786,1.156458797327394,1.235234215885947,1.1370558375634519,0.9172073039742212
2016-11-01,3122.436,3.1635,1.155893536121673,1.2846371347785108,1.1447858472998138,1.0370187687707482,1.1230154481944308,1.1612472160356346,1.2281059063136457,1.1311336717428089,0.9137271750805586
2016-11-02,3102.733,3.1545,1.1568441064638784,1.2799245994344959,1.138268156424581,1.037075032478301,1.1170892453015842,1.1713808463251671,1.215885947046843,1.1201353637901863,0.8904296455424275
2016-11-03,3128.936,3.165,1.1568441064638784,1.27803958529689,1.1424581005586592,1.0371312992384545,1.1230154481944308,1.176391982182628,1.204684317718941,1.1125211505922166,0.8809559613319012
2016-11-04,3125.317,3.1627,1.1568441064638784,1.27803958529689,1.1405959031657356,1.0371875690513752,1.125978549640854,1.1730512249443206,1.19959266802444,1.1099830795262269,0.8714822771213748
2016-11-07,3133.333,3.1651,1.1568441064638784,1.282752120640905,1.141992551210428,1.0373563968083948,1.1269662501229951,1.1670378619153674,1.2311608961303464,1.1353637901861253,0.8796992481203008
2016-11-08,3147.888,3.1693,1.1568441064638784,1.285579641847314,1.1447858472998138,1.0374126788340394,1.1338801534979828,1.1638084632516703,1.239307535641548,1.1412859560067683,0.8797959183673469
2016-11-09,3128.37,3.1615,1.1568441064638784,1.282752120640905,1.1410614525139664,1.037468963913279,1.1230154481944308,1.1947661469933184,1.244399185336049,1.1421319796954317,0.8860794844253491
2016-11-10,3171.282,3.1742,1.155893536121673,1.2808671065032988,1.1489757914338918,1.0375252520462794,1.1427694578372527,1.1723830734966592,1.2270875763747455,1.1294416243654823,0.8782491944146079
2016-11-11,3196.044,3.1825,1.1549429657794676,1.2799245994344959,1.1517690875232776,1.0375815432332065,1.1516587621765226,1.1551224944320713,1.2311608961303464,1.1429780033840948,0.8618152524167562
2016-11-14,3210.371,3.1868,1.1539923954372622,1.2752120640904807,1.1517690875232776,1.0377504351192026,1.153634163140805,1.1280623608017817,1.2219959266802445,1.137901861252115,0.8623952738990334
2016-11-15,3206.986,3.1858,1.1530418250950571,1.285579641847314,1.1522346368715084,1.0378067385234921,1.1635111679622159,1.1348552338530065,1.240325865580448,1.1548223350253808,0.8939097744360902
2016-11-16,3205.057,3.1853,1.1520912547528517,1.286522148916117,1.1517690875232776,1.037863044982537,1.1674619698907802,1.1335189309576839,1.2484725050916496,1.1632825719120137,0.8943931256713212
2016-11-17,3208.453,3.1872,1.1511406844106464,1.288407163053723,1.1550279329608937,1.0379193544965024,1.1644988684443571,1.1342984409799555,1.2576374745417516,1.173434856175973,0.8893662728249195
2016-11-18,3192.856,3.1808,1.150190114068441,1.28746465598492,1.1527001862197392,1.0379756670655544,1.1635111679622159,1.1232739420935411,1.2556008146639512,1.170896785109983,0.8965198711063372
2016-11-21,3218.148,3.1903,1.150190114068441,1.291234684260132,1.1578212290502794,1.0381446231048865,1.1724004723014858,1.131403118040089,1.2698574338085542,1.1844331641285957,0.9347046186895811
2016-11-22,3248.352,3.2008,1.150190114068441,1.290292177191329,1.1629422718808193,1.0382009478959422,1.18524057856932,1.1302895322939865,1.2698574338085542,1.1869712351945856,0.9290977443609022
2016-11-23,3241.137,3.2043,1.150190114068441,1.292177191328935,1.1657355679702048,1.038257275742913,1.1783266751943324,1.1326280623608016,1.2668024439918533,1.1895093062605753,0.9333512352309346
2016-11-24,3241.736,3.2084,1.150190114068441,1.292177191328935,1.1689944134078212,1.0383136066459648,1.1714127718193446,1.1219376391982183,1.2698574338085542,1.1920473773265652,0.9346079484425349
2016-11-25,3261.938,3.222,1.150190114068441,1.295947219604147,1.1755121042830539,1.0383699406052638,1.1714127718193446,1.1171492204899778,1.274949083503055,1.1962774957698816,0.9121804511278195
2016-11-28,3277.0,3.2278,1.1492395437262357,1.295004712535344,1.179702048417132,1.0385389608223008,1.1674619698907802,1.1224944320712695,1.2698574338085542,1.1886632825719121,0.9148872180451129
2016-11-29,3282.924,3.2386,1.1482889733840302,1.292177191328935,1.1834264432029793,1.0385953070082456,1.1496833612122404,1.1150334075723831,1.2708757637474541,1.1878172588832487,0.8884962406015038
2016-11-30,3250.034,3.227,1.144486692015209,1.2931196983977382,1.1764432029795158,1.0386516562512669,1.1467202597658173,1.1115812917594654,1.2556008146639512,1.1776649746192893,0.9454350161117079
2016-12-01,3273.309,3.2366,1.1406844106463878,1.292177191328935,1.1838919925512104,1.0387080085515301,1.154621863622946,1.1016703786191535,1.2382892057026476,1.1700507614213198,0.985843179377014
2016-12-02,3243.843,3.2235,1.138783269961977,1.290292177191329,1.1769087523277466,1.038764363909201,1.1279539506051361,1.1006681514476613,1.2362525458248472,1.170896785109983,0.9913533834586467
2016-12-05,3204.709,3.2043,1.1378326996197718,1.290292177191329,1.1675977653631284,1.0389334483283204,1.1240031486765718,1.099554565701559,1.2464358452138493,1.1810490693739424,0.9955102040816327
2016-12-06,3199.647,3.2006,1.1340304182509506,1.288407163053723,1.1657355679702048,1.0389898159172817,1.1289416510872774,1.0981069042316258,1.244399185336049,1.1835871404399323,0.9812030075187969
2016-12-07,3222.242,3.2065,1.1330798479087452,1.2940622054665412,1.169459962756052,1.0390461865644804,1.1417817573551117,1.101002227171492,1.2627291242362526,1.2021996615905246,0.975982814178303
2016-12-08,3215.366,3.2055,1.1340304182509506,1.295004712535344,1.1689944134078212,1.0391025602700825,1.1338801534979828,1.1133630289532295,1.2627291242362526,1.206429780033841,0.9792696025778732
2016-12-09,3232.883,3.2169,1.1340304182509506,1.298774740810556,1.174115456238361,1.0391589370342538,1.1328924530158417,1.1055679287305122,1.2759674134419552,1.212351945854484,0.9980236305048336
2016-12-12,3152.97,3.1909,1.1330798479087452,1.300659754948162,1.1568901303538173,1.0393280856798424,1.0716550231230935,1.0994432071269487,1.2729124236252547,1.206429780033841,1.0239312567132115
2016-12-13,3155.037,3.1899,1.129277566539924,1.2997172478793593,1.1559590316573556,1.03938447467995,1.0736304240873757,1.1007795100222717,1.2851323828920571,1.2081218274111676,1.0211278195488722
2016-12-14,3140.531,3.1806,1.126425855513308,1.300659754948162,1.1513035381750465,1.0394408667394566,1.0657288202302468,1.1032293986636972,1.2841140529531567,1.206429780033841,1.0021804511278196
2016-12-15,3117.677,3.1645,1.1178707224334599,1.3044297832233742,1.143389199255121,1.0394972618585285,1.076593525533799,1.0915367483296212,1.2912423625254583,1.215736040609137,0.9990870032223417
2016-12-16,3122.982,3.1652,1.1169201520912548,1.3081998114985862,1.1461824953445066,1.0395536600373312,1.0933844337301977,1.0876391982182627,1.290224032586558,1.2148900169204737,1.0170676691729323
2016-12-19,3118.085,3.1603,1.1150190114068441,1.3072573044297833,1.1447858472998138,1.0397228729337853,1.0963475351766212,1.0902004454342984,1.2912423625254583,1.2148900169204737,1.0114607948442536
2016-12-20,3102.876,3.1541,1.111216730038023,1.3091423185673894,1.1405959031657356,1.0397792833531725,1.1032614385516089,1.0875278396436525,1.2983706720977597,1.2267343485617597,1.024607948442535
2016-12-21,3137.43,3.1656,1.111216730038023,1.3100848256361923,1.1471135940409682,1.0398356968331204,1.1111630424087375,1.0825167037861916,1.2973523421588595,1.2250423011844331,1.0134908700322234
2016-12-22,3139.558,3.165,1.1140684410646386,1.3100848256361923,1.1480446927374302,1.0398921133737957,1.1081999409623144,1.0788418708240535,1.2922606924643585,1.2191201353637904,1.0110741138560688
2016-12-23,3110.154,3.1558,1.1178707224334599,1.3119698397737982,1.141992551210428,1.0399485329753642,1.0983229361409035,1.0789532293986637,1.2942973523421588,1.22419627749577,1.01687432867884
2016-12-26,3122.569,3.1623,1.1188212927756653,1.3119698397737982,1.143389199255121,1.0401178101470898,1.1062245399980322,1.0844097995545656,1.2942973523421588,1.22419627749577,1.0171643394199785
2016-12-27,3114.664,3.1603,1.120722433460076,1.3119698397737982,1.143389199255121,1.040174241993892,1.1131384433730198,1.0857461024498887,1.2993890020366599,1.233502538071066,1.0278947368421052
2016-12-28,3102.236,3.1552,1.120722433460076,1.3138548539114043,1.1405959031657356,1.040230676902418,1.1111630424087375,1.086859688195991,1.290224032586558,1.2191201353637904,1.0353383458646617
2016-12-29,3096.097,3.1543,1.1216730038022813,1.3129123468426014,1.1401303538175045,1.0402871148728339,1.1121507428908786,1.0910913140311804,1.2881873727087576,1.22165820642978,1.0348549946294308
2016-12-30,3103.637,3.1599,1.123574144486692,1.3110273327049953,1.143389199255121,1.0403435559053054,1.1151138443373019,1.0948775055679287,1.2729124236252547,1.2081218274111676,1.0316648764769065
2017-01-03,3135.921,3.1727,1.1254752851711025,1.3147973609802075,1.1513035381750465,1.040569350659074,1.125978549640854,1.0938752783964365,1.286150712830957,1.215736040609137,1.0218045112781955
2017-01-04,3158.794,3.1843,1.126425855513308,1.3157398680490104,1.1568901303538173,1.0406258070043177,1.135855554462265,1.098663697104677,1.2922606924643585,1.2267343485617597,1.0238345864661653
2017-01-05,3165.411,3.1832,1.1273764258555132,1.3138548539114043,1.1578212290502794,1.0406822664126139,1.137830955426547,1.098218262806236,1.2953156822810592,1.220812182741117,1.027798066595059
2017-01-06,3154.321,3.1787,1.1273764258555132,1.3053722902921772,1.1554934823091247,1.0407387288841292,1.1289416510872774,1.1002227171492205,1.2932790224032586,1.2131979695431472,1.0225778732545652
2017-01-09,3171.236,3.186,1.1273764258555132,1.3157398680490104,1.1592178770949721,1.0409081346796514,1.1368432549444063,1.102227171492205,1.3085539714867616,1.2258883248730965,1.0049838882921591
2017-01-10,3161.671,3.1845,1.1283269961977187,1.3147973609802075,1.1573556797020483,1.040964609405705,1.1338801534979828,1.111358574610245,1.310590631364562,1.2292724196277498,0.9863265306122448
2017-01-11,3136.754,3.176,1.129277566539924,1.3147973609802075,1.1517690875232776,1.0410210871958088,1.1210400472301485,1.1167037861915365,1.3136456211812628,1.2309644670050763,1.0006337271750805
2017-01-12,3119.289,3.1691,1.1302281368821292,1.3138548539114043,1.1471135940409682,1.0410775680501285,1.1091876414444555,1.1175946547884188,1.309572301425662,1.22419627749577,1.0141675617615467
2017-01-13,3112.764,3.1709,1.1302281368821292,1.3110273327049953,1.1480446927374302,1.0411340519688312,1.0914090327659156,1.115367483296214,1.309572301425662,1.22419627749577,1.0046938775510204
2017-01-16,3103.428,3.1717,1.1302281368821292,1.3110273327049953,1.148510242085661,1.0413035221128972,1.0390609072124373,1.1212694877505567,1.309572301425662,1.2233502538071066,1.0026638023630503
2017-01-17,3108.775,3.1737,1.129277566539924,1.3129123468426014,1.1494413407821227,1.041360018290793,1.0528887139624128,1.1283964365256125,1.3075356415478616,1.2191201353637904,1.004887218045113
2017-01-18,3113.012,3.1803,1.1283269961977187,1.3053722902921772,1.15316573556797,1.0414165175339025,1.0430117091410018,1.125501113585746,1.3024439918533603,1.2140439932318106,0.9809129967776584
2017-01-19,3101.299,3.1763,1.1273764258555132,1.30631479736098,1.1517690875232776,1.0414730198423925,1.0400486076945783,1.114142538975501,1.3014256619144604,1.212351945854484,0.9785929108485499
2017-01-20,3123.139,3.1866,1.1273764258555132,1.3091423185673894,1.1564245810055864,1.041529525216429,1.0588149168552594,1.1165924276169263,1.3065173116089612,1.2165820642978002,0.9958002148227713
2017-01-23,3136.775,3.1907,1.1283269961977187,1.3081998114985862,1.1568901303538173,1.0416990597334814,1.0696796221588114,1.121714922048998,1.304480651731161,1.215736040609137,0.9909667024704618
2017-01-24,3142.553,3.1927,1.1283269961977187,1.3053722902921772,1.1592178770949721,1.0417555773713676,1.066716520712388,1.1203786191536749,1.3085539714867616,1.215736040609137,0.9898066595059076
2017-01-25,3149.555,3.1986,1.1273764258555132,1.3100848256361923,1.1601489757914338,1.0418120980756322,1.0696796221588114,1.1133630289532295,1.3248472505091649,1.2199661590524535,0.9899033297529538
2017-01-26,3159.166,3.2024,1.1273764258555132,1.3100848256361923,1.1615456238361266,1.0418686218464415,1.074618124569517,1.105456570155902,1.3258655804480652,1.2199661590524535,1.0014070891514502
2017-02-03,3140.17,3.194,1.126425855513308,1.3119698397737982,1.1578212290502794,1.0423209224284904,1.0706673226409527,1.1178173719376392,1.3268839103869654,1.218741293430915,1.0053705692803439
2017-02-06,3156.984,3.1972,1.1245247148288973,1.3147973609802075,1.159683426443203,1.0424905857648812,1.084495129390928,1.1271714922048996,1.3289205702647657,1.218741293430915,0.995123523093448
2017-02-07,3153.088,3.1963,1.120722433460076,1.3138548539114043,1.159683426443203,1.0425471463472062,1.084495129390928,1.1374164810690424,1.3329938900203666,1.218741293430915,0.9783995703544576
2017-02-08,3166.982,3.2007,1.1197718631178706,1.3185673892554195,1.1610800744878957,1.0426037099982397,1.0933844337301977,1.138641425389755,1.3391038696537678,1.218741293430915,0.9799462943071966
2017-02-09,3183.179,3.2053,1.1197718631178706,1.3166823751178134,1.163873370577281,1.0426602767181479,1.1032614385516089,1.1466592427616926,1.3411405295315681,1.218741293430915,0.9872932330827069
2017-02-10,3196.699,3.2125,1.120722433460076,1.3195098963242224,1.1675977653631284,1.0427168465070973,1.0993106366230443,1.1328507795100224,1.3462321792260694,1.2224158902955309,1.0038238453276047
2017-02-13,3216.839,3.2192,1.1216730038022813,1.3223374175306315,1.1713221601489758,1.042886574289858,1.1062245399980322,1.1396436525612472,1.354378818737271,1.2224158902955309,0.9905800214822771
2017-02-14,3217.928,3.2203,1.1216730038022813,1.3213949104618286,1.1699255121042829,1.0429431563566378,1.1032614385516089,1.137193763919822,1.3564154786150713,1.2224158902955309,0.9919334049409237
2017-02-15,3212.986,3.2143,1.1216730038022813,1.3185673892554195,1.1689944134078212,1.0429997414932914,1.0973352356587622,1.1345211581291759,1.3604887983706722,1.2224158902955309,0.9850698174006444
2017-02-16,3229.618,3.2203,1.1216730038022813,1.3195098963242224,1.1717877094972067,1.0430563296999853,1.1042491390337499,1.1406458797327395,1.3604887983706722,1.2224158902955309,0.984296455424275
2017-02-17,3202.076,3.2111,1.1216730038022813,1.3176248821866163,1.1685288640595901,1.0431129209768866,1.09535983469448,1.1442093541202674,1.3625254582484727,1.2199661590524535,0.9823630504833513
2017-02-20,3239.961,3.2297,1.1226235741444868,1.3223374175306315,1.1783054003724396,1.0432827132304976,1.1022737380694678,1.143207126948775,1.3625254582484727,1.2199661590524535,0.9885499462943071
2017-02-21,3253.326,3.2345,1.1226235741444868,1.3242224316682376,1.179702048417132,1.0433393167898926,1.1131384433730198,1.1434298440979955,1.3737270875763747,1.2199661590524535,0.9958002148227713
2017-02-22,3261.218,3.2384,1.1226235741444868,1.3251649387370406,1.1834264432029793,1.0433959234203276,1.1170892453015842,1.143652561247216,1.3747454175152751,1.2199661590524535,0.9845864661654135
2017-02-23,3251.375,3.2348,1.1226235741444868,1.3242224316682376,1.180633147113594,1.0434525331219693,1.1170892453015842,1.1461024498886412,1.3676171079429735,1.2199661590524535,0.9939634801288937
2017-02-24,3253.433,3.232,1.123574144486692,1.3232799245994344,1.179702048417132,1.0435091458949841,1.124990849158713,1.160022271714922,1.3696537678207739,1.2224158902955309,0.9892266380236306
2017-02-27,3228.66,3.2233,1.123574144486692,1.3270499528746464,1.1755121042830539,1.0436790026439344,1.1170892453015842,1.1642538975501115,1.3737270875763747,1.2224158902955309,0.9934801288936628
2017-02-28,3241.733,3.2275,1.123574144486692,1.3270499528746464,1.1769087523277466,1.0437356277041088,1.1230154481944308,1.1690423162583519,1.3676171079429735,1.2224158902955309,0.991546723952739
2017-03-01,3246.934,3.2303,1.123574144486692,1.3279924599434496,1.1778398510242083,1.0437922558364898,1.1269662501229951,1.153674832962138,1.3828920570264767,1.2224158902955309,0.9929967776584318
2017-03-02,3230.028,3.2224,1.123574144486692,1.3289349670122526,1.1755121042830539,1.0438488870412437,1.1190646462658664,1.1550111358574608,1.3767820773930755,1.2224158902955309,0.9756928034371645
2017-03-03,3218.312,3.2221,1.123574144486692,1.3298774740810557,1.1755121042830539,1.0439055213185375,1.124990849158713,1.1464365256124722,1.3808553971486763,1.2260904871601463,0.9824597207303974
2017-03-06,3233.866,3.2274,1.123574144486692,1.3279924599434496,1.1787709497206704,1.0440754425873258,1.1398063563908294,1.1475501113585747,1.375763747454175,1.2260904871601463,0.9829430719656282
2017-03-07,3242.406,3.228,1.1226235741444868,1.3289349670122526,1.1801675977653632,1.0441320891564463,1.1427694578372527,1.1429844097995545,1.3767820773930755,1.2260904871601463,0.9845864661654135
2017-03-08,3240.665,3.2257,1.1226235741444868,1.3289349670122526,1.1783054003724396,1.0441887387989404,1.1407940568729706,1.1364142538975501,1.379837067209776,1.2260904871601463,0.9507518796992481
2017-03-09,3216.746,3.2168,1.1216730038022813,1.3270499528746464,1.1745810055865922,1.044245391514975,1.1368432549444063,1.1299554565701557,1.3818737270875763,1.2260904871601463,0.9290977443609022
2017-03-10,3212.76,3.2184,1.120722433460076,1.3279924599434496,1.1759776536312847,1.0443020473047162,1.1328924530158417,1.1224944320712695,1.3869653767820775,1.2420137402401485,0.9130504833512353
2017-03-13,3237.024,3.2282,1.120722433460076,1.3261074458058437,1.1810986964618249,1.04447203311785,1.1388186559086884,1.1321826280623608,1.3869653767820775,1.2420137402401485,0.9071535982814178
2017-03-14,3239.328,3.2288,1.120722433460076,1.3279924599434496,1.1810986964618249,1.0445287012040871,1.137830955426547,1.1261692650334076,1.3859470468431772,1.2420137402401485,0.9029967776584319
2017-03-15,3241.76,3.2305,1.120722433460076,1.3289349670122526,1.1824953445065176,1.044585372364865,1.135855554462265,1.1269487750556793,1.394093686354379,1.2420137402401485,0.9131471535982815
2017-03-16,3268.935,3.2393,1.1226235741444868,1.3279924599434496,1.184823091247672,1.0446420466003508,1.1467202597658173,1.144543429844098,1.3879837067209777,1.2420137402401485,0.9089903329752954
2017-03-17,3237.447,3.2273,1.1216730038022813,1.3289349670122526,1.179702048417132,1.044698723910711,1.1427694578372527,1.1437639198218261,1.3879837067209777,1.2603867245632276,0.9076369495166487
2017-03-20,3250.808,3.2285,1.1216730038022813,1.3317624882186618,1.1810986964618249,1.0448687742927074,1.1477079602479583,1.1496659242761693,1.3910386965376784,1.2603867245632276,0.9082169709989258
2017-03-21,3261.611,3.233,1.1216730038022813,1.3336475023562677,1.186219739292365,1.0449254639042342,1.1486956607300993,1.1444320712694878,1.3727087576374746,1.2603867245632276,0.8991299677765844
2017-03-22,3245.22,3.2257,1.1216730038022813,1.3308199811498587,1.1838919925512104,1.0449821565914699,1.1407940568729706,1.1543429844097994,1.3778004073319756,1.2603867245632276,0.892749731471536
2017-03-23,3248.55,3.2286,1.1216730038022813,1.3317624882186618,1.184823091247672,1.045038852354581,1.1388186559086884,1.15456570155902,1.3747454175152751,1.2603867245632276,0.8884962406015038
2017-03-24,3269.445,3.2382,1.1226235741444868,1.3317624882186618,1.1899441340782122,1.0450955511937348,1.1407940568729706,1.1532293986636972,1.375763747454175,1.2714105151570751,0.8919763694951665
2017-03-27,3266.955,3.2342,1.123574144486692,1.3308199811498587,1.1890130353817503,1.0452656661691202,1.1338801534979828,1.1639198218262805,1.375763747454175,1.2714105151570751,0.8877228786251343
2017-03-28,3252.948,3.2306,1.1245247148288973,1.3327049952874646,1.1866852886405959,1.045322377314113,1.1319047525337005,1.1629175946547885,1.3849287169042772,1.2714105151570751,0.8970032223415682
2017-03-29,3241.314,3.2277,1.1245247148288973,1.3355325164938738,1.1857541899441342,1.045379091535983,1.1180769457837252,1.160913140311804,1.3930753564154787,1.2714105151570751,0.9117937701396348
2017-03-30,3210.237,3.2202,1.1245247148288973,1.3364750235626768,1.1815642458100557,1.045435808834897,1.0894336318016333,1.1602449888641426,1.394093686354379,1.2726353807786135,0.9261976369495166
2017-03-31,3222.514,3.228,1.1245247148288973,1.33741753063148,1.1857541899441342,1.0454925292110218,1.0923967332480569,1.1528953229398664,1.395112016293279,1.2714105151570751,0.9317078410311493
2017-04-05,3270.305,3.2458,1.1254752851711025,1.3383600377002827,1.1936685288640596,1.0457761772556546,1.1151138443373019,1.1641425389755011,1.3890020366598779,1.268960783913998,0.9391514500537057
2017-04-06,3281.005,3.2487,1.1254752851711025,1.3383600377002827,1.195996275605214,1.0458329160985516,1.1200523467480075,1.1624721603563475,1.390020366598778,1.2763099776432296,0.9493984962406015
2017-04-07,3286.616,3.2492,1.1254752851711025,1.3393025447690858,1.196927374301676,1.0458896580198285,1.1210400472301485,1.1738307349665924,1.390020366598778,1.277534843264768,0.9572287862513427
2017-04-10,3269.393,3.2445,1.126425855513308,1.341187558906692,1.1973929236499068,1.0460599022556083,1.1072122404801732,1.1678173719376392,1.3930753564154787,1.2836591713724612,0.9717293233082708
2017-04-11,3288.966,3.2474,1.126425855513308,1.3402450518378888,1.1992551210428306,1.0461166564920745,1.1141261438551608,1.1692650334075725,1.3859470468431772,1.2714105151570751,0.9725993555316864
2017-04-12,3273.83,3.2417,1.1273764258555132,1.3402450518378888,1.1983240223463685,1.046173413807756,1.1042491390337499,1.179955456570156,1.379837067209776,1.2738602464001525,0.972986036519871
2017-04-13,3275.96,3.2429,1.1273764258555132,1.3355325164938738,1.2020484171322159,1.0462301742028197,1.1101753419265965,1.1893095768374164,1.368635437881874,1.267735918292459,0.9678625134264233
2017-04-14,3246.067,3.2335,1.126425855513308,1.3355325164938738,1.195996275605214,1.0462869376774324,1.094372134212339,1.189086859688196,1.3706720977596742,1.2714105151570751,0.9695059076262083
2017-04-17,3222.167,3.2297,1.1254752851711025,1.3355325164938738,1.1922718808193669,1.0464572465802364,1.075605825051658,1.1903118040089087,1.3818737270875763,1.2812094401293839,0.9665091299677766
2017-04-18,3196.713,3.2261,1.1245247148288973,1.3393025447690858,1.1908752327746739,1.0465140223747167,1.0617780183016825,1.1868596881959912,1.3818737270875763,1.2799845745078453,0.9625456498388829
2017-04-19,3170.687,3.2205,1.123574144486692,1.3364750235626768,1.1894785847299814,1.0465708012495814,1.045974810587425,1.1853006681514477,1.379837067209776,1.2836591713724612,0.9363480128893663
2017-04-20,3172.1,3.2263,1.123574144486692,1.3383600377002827,1.1918063314711358,1.046627583204998,1.0390609072124373,1.183741648106904,1.3930753564154787,1.305706752560156,0.9257142857142857
2017-04-21,3173.151,3.2295,1.1216730038022813,1.3402450518378888,1.1922718808193669,1.0466843682411335,1.0390609072124373,1.182739420935412,1.3930753564154787,1.305706752560156,0.9129538131041891
2017-04-24,3129.531,3.2163,1.1216730038022813,1.3402450518378888,1.185288640595903,1.0468547418355254,1.007454491783922,1.1749443207126948,1.4063136456211813,1.3118310806678493,0.902610096670247
2017-04-25,3134.567,3.2184,1.120722433460076,1.342130065975495,1.1876163873370578,1.046911539196208,1.0123929941946275,1.1733853006681516,1.4185336048879837,1.33755325872016,0.9087003222341568
2017-04-26,3140.847,3.2187,1.1216730038022813,1.343072573044298,1.1876163873370578,1.0469683396384455,1.0163437961231918,1.1680400890868596,1.4175152749490834,1.3326537962340055,0.9053168635875403
2017-04-27,3152.187,3.2185,1.1216730038022813,1.3440150801131008,1.1857541899441342,1.047025143162405,1.0242453999803207,1.170044543429844,1.4256619144602851,1.3436775868278528,0.8981632653061224
2017-04-28,3154.658,3.2158,1.1216730038022813,1.345900094250707,1.1838919925512104,1.0470819497682533,1.0311593033553086,1.1732739420935412,1.4287169042769858,1.3436775868278528,0.9015467239527389
2017-05-02,3143.712,3.2105,1.1216730038022813,1.347785108388313,1.1815642458100557,1.047309207013883,1.0341224048017317,1.163140311804009,1.4439918533604887,1.3571511086647776,0.8833727175080558
2017-05-03,3135.346,3.2067,1.120722433460076,1.347785108388313,1.179702048417132,1.0473660290316855,1.0331347043195906,1.1606904231625834,1.4378818737270875,1.349801914935546,0.880375939849624
2017-05-04,3127.369,3.2035,1.1197718631178706,1.347785108388313,1.1783054003724396,1.0474228541323802,1.0291839023910263,1.1438752783964363,1.4399185336048879,1.3449024524493918,0.8542749731471536
2017-05-05,3103.038,3.1938,1.1197718631178706,1.34684260131951,1.1755121042830539,1.0474796823161352,1.015356095641051,1.141870824053452,1.4419551934826884,1.353476511800162,0.8635553168635876
2017-05-08,3078.613,3.188,1.1188212927756653,1.348727615457116,1.1703910614525137,1.0476501853674305,0.9985651874446521,1.1405345211581293,1.446028513238289,1.3669500336370868,0.8629752953813105
2017-05-09,3080.527,3.187,1.1178707224334599,1.349670122525919,1.1703910614525137,1.0477070258850973,1.0064667913017808,1.1393095768374164,1.4531568228105907,1.3865478835817042,0.8588184747583244
2017-05-10,3052.785,3.1811,1.1159695817490494,1.350612629594722,1.1662011173184357,1.04776386948666,0.9916512840696645,1.1338530066815145,1.4541751527494908,1.3938970773109358,0.87515574650913
2017-05-11,3061.5,3.1867,1.1150190114068441,1.350612629594722,1.169459962756052,1.0478207161722863,0.9847373806946768,1.1353006681514477,1.4521384928716903,1.4061457335263219,0.8841460794844254
2017-05-12,3083.513,3.1952,1.1150190114068441,1.349670122525919,1.1736499068901303,1.0478775659421435,0.9807865787661123,1.1403118040089086,1.4531568228105907,1.4073705991478607,0.8801825993555317
2017-05-15,3090.229,3.2015,1.1150190114068441,1.348727615457116,1.1769087523277466,1.048048133758774,0.9827619797303946,1.1435412026726057,1.4562118126272912,1.4073705991478607,0.8966165413533834
2017-05-16,3112.964,3.2111,1.1140684410646386,1.347785108388313,1.1838919925512104,1.048104995867228,1.0054790908196398,1.14543429844098,1.4592668024439919,1.436767374064787,0.8928464017185822
2017-05-17,3104.442,3.2052,1.1140684410646386,1.345900094250707,1.1815642458100557,1.04816186106075,1.0084421922660631,1.149109131403118,1.4215885947046842,1.4036960022832445,0.8962298603651988
2017-05-18,3090.139,3.2031,1.1140684410646386,1.342130065975495,1.1801675977653632,1.0482187293395064,1.0064667913017808,1.1583518930957684,1.4317718940936863,1.4073705991478607,0.8999033297529537
2017-05-19,3090.631,3.2035,1.1140684410646386,1.345900094250707,1.1824953445065176,1.0482756007036658,1.0054790908196398,1.1561247216035635,1.4409368635437882,1.4245187178494012,0.9177873254564984
2017-05-22,3075.676,3.205,1.1150190114068441,1.345900094250707,1.1810986964618249,1.0484462333102318,0.9847373806946768,1.1589086859688196,1.4490835030549898,1.4355425084432485,0.9225241675617616
2017-05-23,3061.947,3.2083,1.1140684410646386,1.345900094250707,1.1820297951582868,1.0485031170176748,0.9570817671947259,1.1646993318485523,1.4490835030549898,1.4330927772001714,0.9266809881847476
2017-05-24,3064.076,3.2083,1.1140684410646386,1.347785108388313,1.1820297951582868,1.0485600038113572,0.9630079700875726,1.153118040089087,1.4572301425661915,1.43431764282171,0.9264876476906553
2017-05-25,3107.831,3.2281,1.1140684410646386,1.347785108388313,1.1885474860335195,1.0486168936914466,0.9728849749089835,1.1579064587973273,1.4674134419551936,1.44289170217248,0.8947798066595058
2017-05-26,3110.059,3.2255,1.1140684410646386,1.347785108388313,1.1894785847299814,1.0486737866581104,0.9738726753911247,1.1601336302895324,1.4704684317718941,1.4441165677940189,0.8949731471535982
2017-05-31,3117.178,3.2286,1.1150190114068441,1.347785108388313,1.190409683426443,1.0489582977959062,0.9718972744268425,1.1547884187082404,1.4684317718940936,1.4281933147140167,0.871578947368421
2017-06-01,3102.623,3.2312,1.1150190114068441,1.341187558906692,1.1885474860335195,1.0490152092855334,0.947204762373315,1.1547884187082404,1.4633401221995928,1.4318679115786326,0.865875402792696
2017-06-02,3105.54,3.2277,1.1159695817490494,1.341187558906692,1.1894785847299814,1.0490721238629075,0.9580694676768671,1.151336302895323,1.4786150712830957,1.43431764282171,0.8555316863587541
2017-06-05,3091.656,3.2203,1.1159695817490494,1.3402450518378888,1.1876163873370578,1.0492428861231855,0.9649833710518547,1.1662583518930956,1.4745417515274948,1.4355425084432485,0.8477013963480129
2017-06-06,3102.126,3.2281,1.1159695817490494,1.341187558906692,1.190409683426443,1.049299813053222,0.9699218734625602,1.1719376391982181,1.469450101832994,1.44289170217248,0.853984962406015
2017-06-07,3140.325,3.244,1.1169201520912548,1.3402450518378888,1.1983240223463685,1.0493567430718433,0.9906635835875233,1.1743875278396436,1.4725050916496945,1.4637144177386365,0.8284640171858217
2017-06-08,3150.334,3.255,1.1169201520912548,1.3393025447690858,1.2034450651769086,1.0494136761792165,0.9886881826232411,1.1698218262806235,1.4755600814663952,1.4698387458463293,0.8251772287862513
2017-06-09,3158.4,3.2628,1.1169201520912548,1.3402450518378888,1.205772811918063,1.0494706123755093,0.9896758831053822,1.157683741648107,1.4429735234215886,1.4490160302801733,0.8283673469387756
2017-06-12,3139.877,3.2646,1.1178707224334599,1.3402450518378888,1.207169459962756,1.0496414394995826,0.9738726753911247,1.1538975501113586,1.434826883910387,1.44289170217248,0.8309774436090226
2017-06-13,3153.743,3.2678,1.1197718631178706,1.3402450518378888,1.2094972067039105,1.0496983880532302,0.9877004821411001,1.151781737193764,1.4450101832993891,1.440441970929403,0.8316541353383459
2017-06-14,3130.674,3.2534,1.120722433460076,1.342130065975495,1.2034450651769086,1.0497553396966357,0.9896758831053822,1.155456570155902,1.438900203665988,1.43431764282171,0.8125134264232009
2017-06-15,3132.486,3.249,1.1216730038022813,1.3402450518378888,1.2020484171322159,1.0498122944299666,0.9995528879267933,1.1484409799554567,1.4307535641547862,1.4220689866063239,0.809419978517723
2017-06-16,3123.166,3.2476,1.1226235741444868,1.341187558906692,1.2001862197392923,1.0498692522533906,0.997577486962511,1.1455456570155902,1.4297352342158858,1.4294181803355557,0.8129001074113856
2017-06-19,3144.374,3.26,1.1245247148288973,1.342130065975495,1.2043761638733705,1.0500401442658969,1.0044913903374986,1.1430957683741647,1.45010183299389,1.4465662990370962,0.8072932330827067
2017-06-20,3140.014,3.2593,1.126425855513308,1.343072573044298,1.2043761638733705,1.0500971144513696,1.0035036898553578,1.1419821826280625,1.4419551934826884,1.440441970929403,0.7929860365198711
2017-06-21,3156.212,3.2706,1.1273764258555132,1.3440150801131008,1.2108938547486032,1.0501540877277733,1.0064667913017808,1.14097995545657,1.4572301425661915,1.4575900896309435,0.7803222341568207
2017-06-22,3147.453,3.2697,1.126425855513308,1.343072573044298,1.2104283054003724,1.0502110640952764,0.9926389845518054,1.147772828507795,1.4562118126272912,1.4551403583878662,0.780515574650913
2017-06-23,3157.873,3.2802,1.126425855513308,1.3440150801131008,1.2155493482309125,1.0502680435540463,0.9965897864803699,1.149109131403118,1.4623217922606924,1.4637144177386365,0.7855424274973147
2017-06-26,3185.444,3.3002,1.1273764258555132,1.344957587181904,1.223463687150838,1.0504390004796338,1.0114052937124864,1.1496659242761693,1.4551934826883912,1.4637144177386365,0.7889258861439313
2017-06-27,3191.197,3.3037,1.1283269961977187,1.3440150801131008,1.2243947858472997,1.050495992305148,1.015356095641051,1.1438752783964363,1.4317718940936863,1.4575900896309435,0.8056498388829216
2017-06-28,3173.201,3.2974,1.129277566539924,1.3402450518378888,1.2216014897579144,1.050552987222768,1.0114052937124864,1.1415367483296213,1.4470468431771895,1.4539154927663278,0.8099999999999999
2017-06-29,3188.063,3.3051,1.129277566539924,1.33741753063148,1.2243947858472997,1.0506099852326607,1.0193068975696153,1.1378619153674834,1.420570264765784,1.4416668365509415,0.8123200859291085
2017-06-30,3192.427,3.3064,1.1302281368821292,1.3336475023562677,1.2257914338919924,1.0506669863349947,1.0212822985338974,1.1298440979955455,1.415478615071283,1.4379922396863258,0.8258539205155746
2017-07-03,3195.912,3.303,1.1302281368821292,1.3345900094250707,1.2253258845437616,1.0508380081983204,1.0291839023910263,1.1246102449888642,1.4042769857433808,1.43431764282171,0.8378410311493019
2017-07-04,3182.804,3.294,1.1302281368821292,1.3345900094250707,1.2216014897579144,1.0508950216720965,1.025233100462462,1.1182628062360802,1.4063136456211813,1.4281933147140167,0.8412244897959184
2017-07-05,3207.134,3.31,1.1311787072243344,1.33741753063148,1.226722532588454,1.0509520382391522,1.0331347043195906,1.1169265033407572,1.419551934826884,1.4465662990370962,0.8149301825993555
2017-07-06,3212.444,3.3141,1.13212927756654,1.3364750235626768,1.2271880819366852,1.0510090578996558,1.0341224048017317,1.117260579064588,1.4083503054989817,1.440441970929403,0.8188936627282491
2017-07-07,3217.957,3.3166,1.13212927756654,1.3345900094250707,1.228584729981378,1.0510660806537753,1.0410363081767195,1.115924276169265,1.4215885947046842,1.4453414334155572,0.7991729323308271
2017-07-10,3212.632,3.3194,1.1330798479087452,1.3364750235626768,1.2276536312849162,1.0512371674795058,1.0370855062481552,1.0997772828507795,1.4317718940936863,1.4637144177386365,0.8029430719656284
2017-07-11,3203.038,3.3244,1.1330798479087452,1.33741753063148,1.2304469273743015,1.0512942026097662,1.025233100462462,1.1065701559020045,1.4358452138492872,1.4771879395755612,0.8106766917293233
2017-07-12,3197.544,3.3215,1.1330798479087452,1.3383600377002827,1.228119180633147,1.0513512408344816,1.0242453999803207,1.1120267260579064,1.4490835030549898,1.4943360582771017,0.8148335123523094
2017-07-13,3218.163,3.3294,1.1340304182509506,1.33741753063148,1.2304469273743015,1.0514082821538202,1.028196201908885,1.1129175946547882,1.4511201629327903,1.4955609238986405,0.8243071965628357
2017-07-14,3222.417,3.3385,1.1340304182509506,1.3383600377002827,1.234171322160149,1.0514653265679494,1.0242453999803207,1.1075723830734967,1.4613034623217924,1.5102593113571037,0.8325241675617615
2017-07-17,3176.465,3.3255,1.1349809885931559,1.3364750235626768,1.2271880819366852,1.0516364783807606,0.9837496802125356,1.1178173719376392,1.4572301425661915,1.5053598488709492,0.822953813104189
2017-07-18,3187.567,3.3265,1.1349809885931559,1.33741753063148,1.228119180633147,1.0516935351757317,0.9965897864803699,1.1202672605790647,1.4674134419551936,1.5200582363294126,0.8274006444683136
2017-07-19,3230.976,3.3486,1.1349809885931559,1.3364750235626768,1.2360335195530725,1.0517505950663335,1.015356095641051,1.122271714922049,1.4725050916496945,1.5261825644371056,0.8365843179377014
2017-07-20,3244.865,3.3538,1.1349809885931559,1.3364750235626768,1.2406890130353816,1.0518076580527338,1.017331496605333,1.1220489977728285,1.4745417515274948,1.5286322956801828,0.833780880773362
2017-07-21,3237.982,3.3473,1.1349809885931559,1.3364750235626768,1.2392923649906888,1.0518647241351002,1.0202945980517564,1.129510022271715,1.4735234215885948,1.5261825644371056,0.8153168635875403
2017-07-24,3250.599,3.3514,1.1359315589353611,1.3364750235626768,1.2430167597765363,1.0520359409596773,1.025233100462462,1.132293986636971,1.4775967413441957,1.5408809518955688,0.8222771213748657
2017-07-25,3243.689,3.3443,1.1359315589353611,1.3364750235626768,1.2402234636871508,1.0520930194275888,1.0222699990160384,1.1324053452115812,1.4765784114052953,1.5384312206524915,0.8438345864661654
2017-07-26,3247.675,3.3397,1.1359315589353611,1.3383600377002827,1.2369646182495344,1.0521501009923064,1.025233100462462,1.1260579064587974,1.4826883910386965,1.5457804143817233,0.8552416756176155
2017-07-27,3249.781,3.336,1.1359315589353611,1.3364750235626768,1.2364990689013036,1.0522071856539987,1.0321470038374494,1.135412026726058,1.4704684317718941,1.5408809518955688,0.8598818474758324
2017-07-28,3253.24,3.3414,1.1359315589353611,1.33741753063148,1.2392923649906888,1.0522642734128331,1.0370855062481552,1.1342984409799555,1.469450101832994,1.5482301456248004,0.8694522019334049
2017-07-31,3273.028,3.3507,1.1368821292775664,1.3355325164938738,1.2420856610800746,1.0524355552738707,1.0548641149266949,1.1376391982182628,1.4613034623217924,1.5494550112463388,0.873609022556391
2017-08-01,3292.638,3.3602,1.1359315589353611,1.3364750235626768,1.2448789571694598,1.0524926554229548,1.0519010134802715,1.1383073496659242,1.4623217922606924,1.5482301456248004,0.8593984962406015
2017-08-02,3285.057,3.3572,1.1359315589353611,1.3383600377002827,1.2425512104283054,1.0525497586700217,1.0469625110695662,1.1363028953229397,1.4674134419551936,1.5359814894094146,0.8656820622986037
2017-08-03,3272.929,3.3464,1.1359315589353611,1.3402450518378888,1.2383612662942272,1.052606865015239,1.0499256125159893,1.1307349665924278,1.4623217922606924,1.5359814894094146,0.8638453276047261
2017-08-04,3262.081,3.3406,1.1368821292775664,1.3393025447690858,1.2355679702048417,1.0526639744587751,1.0479502115517072,1.1380846325167038,1.4633401221995928,1.5384312206524915,0.8635553168635876
2017-08-07,3279.457,3.346,1.1368821292775664,1.3402450518378888,1.2402234636871508,1.0528353213809774,1.0588149168552594,1.1304008908685967,1.4725050916496945,1.5641533987048024,0.8614285714285714
2017-08-08,3281.873,3.3463,1.1359315589353611,1.3393025447690858,1.2402234636871508,1.0528924432194695,1.0548641149266949,1.1288418708240535,1.469450101832994,1.5629285330832636,0.8635553168635876
2017-08-09,3275.573,3.347,1.1359315589353611,1.3355325164938738,1.2420856610800746,1.052949568157121,1.0607903178195415,1.1332962138084632,1.4663951120162932,1.5666031299478795,0.8644253490870032
2017-08-10,3261.749,3.3393,1.1359315589353611,1.3298774740810557,1.2392923649906888,1.0530066961941003,1.0538764144445538,1.138195991091314,1.4297352342158858,1.537206355030953,0.8507948442534908
2017-08-11,3208.541,3.3154,1.1359315589353611,1.3242224316682376,1.228584729981378,1.053063827330575,1.0301716028731673,1.1440979955456572,1.4368635437881874,1.5274074300586442,0.847314715359828
2017-08-14,3237.36,3.3286,1.1368821292775664,1.3270499528746464,1.2337057728119178,1.053235239338655,1.045974810587425,1.143652561247216,1.4541751527494908,1.5519047424894161,0.8351342642320086
2017-08-15,3251.262,3.3316,1.1368821292775664,1.3298774740810557,1.2364990689013036,1.0532923828747942,1.0489379120338482,1.135857461024499,1.4572301425661915,1.553129608110955,0.8293340494092374
2017-08-16,3246.451,3.3295,1.1368821292775664,1.3327049952874646,1.2351024208566108,1.0533495295112698,1.0489379120338482,1.1348552338530065,1.4613034623217924,1.5641533987048024,0.8250805585392051
2017-08-17,3268.43,3.3369,1.1368821292775664,1.3317624882186618,1.237895716945996,1.0534066792482504,1.0568395158909771,1.144988864142539,1.4317718940936863,1.5604788018401865,0.8213104189044039
2017-08-18,3268.724,3.3376,1.1368821292775664,1.3308199811498587,1.238826815642458,1.0534638320859038,1.0548641149266949,1.1512249443207128,1.4317718940936863,1.5666031299478795,0.8402577873254565
2017-08-21,3286.906,3.3442,1.1368821292775664,1.3308199811498587,1.2411545623836127,1.0536353092045845,1.0627657187838238,1.147327394209354,1.4297352342158858,1.5776269205417273,0.8331041890440387
2017-08-22,3290.226,3.3475,1.1368821292775664,1.3298774740810557,1.2411545623836127,1.0536924744466123,1.0558518154088359,1.143986636971047,1.4470468431771895,1.5776269205417273,0.8349409237379163
2017-08-23,3287.705,3.3463,1.1368821292775664,1.3308199811498587,1.2406890130353816,1.0537496427901543,1.0489379120338482,1.1451002227171492,1.4429735234215886,1.5800766517848044,0.8426745435016112
2017-08-24,3271.512,3.3391,1.1359315589353611,1.3298774740810557,1.2397579143389197,1.0538068142353787,1.0430117091410018,1.14543429844098,1.4368635437881874,1.57517718929865,0.8351342642320086
2017-08-25,3331.522,3.3622,1.1359315589353611,1.3308199811498587,1.2472067039106143,1.0538639887824541,1.0548641149266949,1.1442093541202674,1.434826883910387,1.5568042049755706,0.83687432867884
2017-08-28,3362.651,3.3792,1.1359315589353611,1.3289349670122526,1.2518621973929236,1.0540355310364675,1.0637534192659648,1.1497772828507795,1.4338085539714867,1.5482301456248004,0.825563909774436
2017-08-29,3365.226,3.3788,1.1349809885931559,1.3279924599434496,1.2523277467411544,1.054092717992629,1.0617780183016825,1.1621380846325167,1.4378818737270875,1.5494550112463388,0.8202470461868958
2017-08-30,3363.627,3.3805,1.1349809885931559,1.3270499528746464,1.2537243947858472,1.0541499080514827,1.0706673226409527,1.149554565701559,1.4511201629327903,1.5641533987048024,0.8132867883995704
2017-08-31,3360.81,3.3775,1.1340304182509506,1.3261074458058437,1.2509310986964617,1.054207101213197,1.074618124569517,1.1487750556792873,1.4613034623217924,1.5727274580555728,0.8315574650912997
2017-09-01,3367.119,3.3784,1.1349809885931559,1.3251649387370406,1.2523277467411544,1.0542642974779406,1.084495129390928,1.155456570155902,1.4592668024439919,1.5776269205417273,0.8340708915145005
2017-09-04,3379.583,3.3802,1.1349809885931559,1.3213949104618286,1.2523277467411544,1.0544359048920284,1.087458230837351,1.1655902004454342,1.4541751527494908,1.57517718929865,0.8314607948442535
2017-09-05,3384.317,3.3855,1.1349809885931559,1.3176248821866163,1.2537243947858472,1.0544931135705715,1.085482829873069,1.162249443207127,1.434826883910387,1.561703667461725,0.8400644468313642
2017-09-06,3385.389,3.3847,1.1349809885931559,1.3166823751178134,1.2527932960893853,1.0545503253529855,1.0914090327659156,1.1671492204899778,1.4378818737270875,1.561703667461725,0.8497314715359828
2017-09-07,3365.497,3.3776,1.1359315589353611,1.3176248821866163,1.2518621973929236,1.0546075402394388,1.085482829873069,1.1629175946547885,1.4399185336048879,1.57517718929865,0.8481847475832438
2017-09-08,3365.243,3.3814,1.1359315589353611,1.3138548539114043,1.2518621973929236,1.0546647582300999,1.0884459313194923,1.1643652561247217,1.4236252545824846,1.5629285330832636,0.8313641245972073
2017-09-11,3376.419,3.3845,1.1368821292775664,1.3138548539114043,1.2523277467411544,1.0548364308290132,1.0963475351766212,1.163251670378619,1.4378818737270875,1.5788517861632656,0.8310741138560688
2017-09-12,3379.488,3.3882,1.1378326996197718,1.3185673892554195,1.2546554934823089,1.0548936612381892,1.0973352356587622,1.1565701559020043,1.4470468431771895,1.5923253080001905,0.8405477980665951
2017-09-13,3384.147,3.3912,1.1378326996197718,1.3204524033930256,1.2560521415270018,1.0549508947524149,1.1012860375873266,1.1596881959910914,1.4521384928716903,1.6008993673509604,0.852438238453276
2017-09-14,3371.426,3.3874,1.138783269961977,1.3213949104618286,1.2546554934823089,1.0550081313718591,1.0993106366230443,1.1561247216035635,1.4450101832993891,1.5923253080001905,0.8620085929108486
2017-09-15,3353.619,3.3826,1.138783269961977,1.3213949104618286,1.2537243947858472,1.0550653710966904,1.0914090327659156,1.1577951002227171,1.4490835030549898,1.5911004423786517,0.8653920515574651
2017-09-18,3362.859,3.3869,1.1397338403041826,1.3213949104618286,1.255586592178771,1.0552371089051893,1.0983229361409035,1.1525612472160356,1.4470468431771895,1.6070236954586539,0.8589151450053706
2017-09-19,3356.845,3.3828,1.1397338403041826,1.3223374175306315,1.2537243947858472,1.0552943610532526,1.0933844337301977,1.1512249443207128,1.4521384928716903,1.6070236954586539,0.8602685284640172
2017-09-20,3365.996,3.3878,1.1397338403041826,1.3251649387370406,1.2569832402234637,1.0553516163075451,1.1022737380694678,1.1522271714922048,1.4511201629327903,1.6143728891878852,0.8719656283566058
2017-09-21,3357.812,3.3838,1.1397338403041826,1.3279924599434496,1.255586592178771,1.0554088746682355,1.0923967332480569,1.142316258351893,1.446028513238289,1.6119231579448081,0.8758324382384534
2017-09-22,3352.529,3.3865,1.1397338403041826,1.3289349670122526,1.2565176908752327,1.0554661361354924,1.0894336318016333,1.1452115812917594,1.4450101832993891,1.6082485610801922,0.876219119226638
2017-09-25,3341.549,3.3809,1.1397338403041826,1.3308199811498587,1.2537243947858472,1.055637939178347,1.0785689264980813,1.142316258351893,1.4317718940936863,1.5764020549201883,0.8986466165413534
2017-09-26,3343.583,3.3833,1.1397338403041826,1.3317624882186618,1.2537243947858472,1.0556952130735549,1.0835074289087867,1.1569042316258351,1.4378818737270875,1.5776269205417273,0.8990332975295382
2017-09-27,3345.272,3.3863,1.1397338403041826,1.3317624882186618,1.25512104283054,1.0557524900761723,1.0904213322837746,1.147327394209354,1.4541751527494908,1.6021242329724994,0.9004833512352309
2017-09-28,3339.642,3.3855,1.1406844106463878,1.3327049952874646,1.2537243947858472,1.0558097701863673,1.0864705303552102,1.1429844097995545,1.4551934826883912,1.5984496361078833,0.8974865735767992
2017-09-29,3348.943,3.3909,1.1406844106463878,1.3345900094250707,1.2560521415270018,1.0558670534043089,1.0933844337301977,1.1458797327394208,1.4674134419551936,1.615597754809424,0.894296455424275
2017-10-09,3374.378,3.4047,1.141634980988593,1.3393025447690858,1.2635009310986964,1.056440056546876,1.1032614385516089,1.1410913140311802,1.4887983706720977,1.6596929171848138,0.8694522019334049
2017-10-10,3382.988,3.4048,1.141634980988593,1.3364750235626768,1.2635009310986964,1.0564973739611585,1.1062245399980322,1.1406458797327395,1.4847250509164969,1.6621426484278912,0.8827926960257787
2017-10-11,3388.284,3.4077,1.141634980988593,1.3308199811498587,1.2658286778398509,1.0565546944852113,1.1012860375873266,1.1363028953229397,1.4786150712830957,1.6547934546986593,0.8798925886143931
2017-10-12,3386.1,3.4121,1.141634980988593,1.3317624882186618,1.266294227188082,1.0566120181192034,1.1012860375873266,1.1407572383073497,1.4755600814663952,1.652343723455582,0.8730290010741139
2017-10-13,3390.523,3.4156,1.141634980988593,1.3336475023562677,1.2672253258845436,1.056669344863303,1.1062245399980322,1.1417594654788419,1.4816700610997964,1.6670421109140454,0.8844360902255639
2017-10-16,3378.47,3.4117,1.141634980988593,1.3336475023562677,1.2635009310986964,1.0568413437579367,1.0923967332480569,1.1479955456570154,1.4867617107942974,1.6805156327509703,0.8925563909774437
2017-10-17,3372.041,3.4106,1.1406844106463878,1.33741753063148,1.2630353817504656,1.0568986829441556,1.0923967332480569,1.142316258351893,1.4887983706720977,1.6670421109140454,0.8925563909774437
2017-10-18,3381.794,3.422,1.1406844106463878,1.3393025447690858,1.2681564245810055,1.0569560252413255,1.084495129390928,1.1384187082405344,1.4898167006109981,1.675616170264816,0.8951664876476907
2017-10-19,3370.172,3.4189,1.1406844106463878,1.341187558906692,1.2690875232774674,1.057013370649616,1.074618124569517,1.1350779510022273,1.4867617107942974,1.6682669765355842,0.8889795918367347
2017-10-20,3378.648,3.4177,1.1406844106463878,1.341187558906692,1.2690875232774674,1.0570707191691957,1.0864705303552102,1.1348552338530065,1.490835030549898,1.6768410358863544,0.8931364124597208
2017-10-23,3380.699,3.422,1.141634980988593,1.343072573044298,1.2695530726256983,1.057242783397358,1.0933844337301977,1.1317371937639198,1.483706720977597,1.678065901507893,0.8935230934479055
2017-10-24,3388.248,3.432,1.141634980988593,1.342130065975495,1.2737430167597765,1.0573001443637828,1.0933844337301977,1.1353006681514477,1.4877800407331976,1.6768410358863544,0.9016433941997851
2017-10-25,3396.898,3.4406,1.1406844106463878,1.342130065975495,1.276070763500931,1.0573575084423408,1.1032614385516089,1.1307349665924278,1.4826883910386965,1.6645923796709683,0.9027067669172932
2017-10-26,3407.567,3.4443,1.1406844106463878,1.342130065975495,1.2770018621973929,1.0574148756332007,1.1091876414444555,1.133184855233853,1.4775967413441957,1.653568589077121,0.9075402792696026
2017-10-27,3416.812,3.4516,1.1397338403041826,1.344957587181904,1.2797951582867784,1.0574722459365318,1.1022737380694678,1.1269487750556793,1.5234215885947047,1.6768410358863544,0.9290977443609022
2017-10-30,3390.337,3.4474,1.138783269961977,1.34684260131951,1.2770018621973929,1.0576443755230396,1.0815320279445046,1.1267260579064589,1.5274949083503055,1.6805156327509703,0.9338345864661654
2017-10-31,3393.342,3.4458,1.1378326996197718,1.345900094250707,1.2746741154562382,1.0577017582779435,1.0894336318016333,1.1307349665924278,1.5295315682281059,1.690314557723279,0.9373147153598281
2017-11-01,3395.913,3.4428,1.1378326996197718,1.344957587181904,1.271880819366853,1.0577591441461627,1.0894336318016333,1.1286191536748331,1.5274949083503055,1.6866399608586633,0.9349946294307196
2017-11-02,3383.31,3.4391,1.138783269961977,1.343072573044298,1.2723463687150838,1.0578165331278664,1.076593525533799,1.1281737193763919,1.5224032586558045,1.6805156327509703,0.9359613319011815
2017-11-03,3371.744,3.4379,1.138783269961977,1.341187558906692,1.2695530726256983,1.0578739252232234,1.066716520712388,1.1293986636971047,1.5325865580448064,1.6878648264802016,0.9463050483351235
2017-11-06,3388.174,3.452,1.138783269961977,1.343072573044298,1.2737430167597765,1.058046120192903,1.0805443274623636,1.1270601336302895,1.5407331975560081,1.7246107951263598,0.9771428571428571
2017-11-07,3413.575,3.4619,1.138783269961977,1.343072573044298,1.277467411545624,1.0581035247445625,1.085482829873069,1.132293986636971,1.5417515274949083,1.7331848544771304,0.9786895810955961
2017-11-08,3415.46,3.4592,1.1378326996197718,1.342130065975495,1.2770018621973929,1.0581609324107197,1.087458230837351,1.1332962138084632,1.5488798370672097,1.7331848544771304,0.9774328678839959
2017-11-09,3427.795,3.4694,1.1378326996197718,1.342130065975495,1.2802607076350092,1.0582183431915442,1.09535983469448,1.1365256124721603,1.5417515274949083,1.7380843169632847,0.9815896885069818
2017-11-10,3432.673,3.4837,1.1378326996197718,1.3402450518378888,1.2849162011173183,1.0582757570872046,1.0963475351766212,1.1389755011135856,1.5407331975560081,1.746658376314055,0.9803329752953813
2017-11-13,3447.836,3.4902,1.1368821292775664,1.3393025447690858,1.2881750465549346,1.0584480174648918,1.1022737380694678,1.134966592427617,1.5437881873727088,1.7552324356648255,0.9764661654135338
2017-11-14,3429.548,3.4808,1.1359315589353611,1.3402450518378888,1.2830540037243947,1.0585054438215862,1.0993106366230443,1.1328507795100224,1.539714867617108,1.7417589138279006,0.9552953813104189
2017-11-15,3402.525,3.4706,1.1359315589353611,1.3364750235626768,1.2802607076350092,1.0585628732939616,1.0923967332480569,1.1350779510022273,1.5295315682281059,1.7319599888555914,0.9520085929108486
2017-11-16,3399.25,3.4877,1.1359315589353611,1.33741753063148,1.2821229050279328,1.0586203058821873,1.0973352356587622,1.1309576837416482,1.5488798370672097,1.7638064950155954,0.9506552094522019
2017-11-17,3382.908,3.4918,1.1359315589353611,1.3383600377002827,1.2830540037243947,1.058677741586432,1.0686919216766704,1.134187082405345,1.5427698574338085,1.7613567637725183,0.9658324382384533
2017-11-20,3392.399,3.5032,1.1359315589353611,1.3383600377002827,1.286312849162011,1.0588500673969719,1.0726427236052347,1.1400890868596882,1.5417515274949083,1.773605419987904,0.959452201933405
2017-11-21,3410.498,3.5322,1.1349809885931559,1.341187558906692,1.2946927374301676,1.0589075155669838,1.076593525533799,1.1344097995545657,1.5590631364562118,1.8017773292832926,0.9675725026852846
2017-11-22,3430.464,3.5339,1.1340304182509506,1.341187558906692,1.2956238361266292,1.0589649668538605,1.074618124569517,1.1337416481069043,1.5590631364562118,1.787078941824829,0.9772395273899033
2017-11-23,3351.918,3.4846,1.1330798479087452,1.341187558906692,1.2783985102420856,1.0590224212577708,1.0548641149266949,1.135523385300668,1.5529531568228105,1.7601318981509797,0.9756928034371645
2017-11-24,3353.821,3.4854,1.13212927756654,1.3355325164938738,1.277467411545624,1.059079878778884,1.0578272163731182,1.135523385300668,1.553971486761711,1.750332973178671,0.9794629430719657
2017-11-27,3322.23,3.4646,1.13212927756654,1.33741753063148,1.2714152700186219,1.059252270047131,1.0509133129981305,1.135857461024499,1.553971486761711,1.7246107951263598,0.9755961331901183
2017-11-28,3333.657,3.4707,1.13212927756654,1.33741753063148,1.2728119180633146,1.0593097400387463,1.0677042211945291,1.1375278396436526,1.5590631364562118,1.7380843169632847,0.9756928034371645
2017-11-29,3337.862,3.4748,1.1311787072243344,1.3364750235626768,1.2728119180633146,1.0593672131484102,1.07758122601594,1.1394209354120268,1.5366598778004072,1.6988886170740491,0.9701825993555317
2017-11-30,3317.188,3.4596,1.1311787072243344,1.3364750235626768,1.2676908752327745,1.059424689376292,1.0716550231230935,1.1321826280623608,1.5488798370672097,1.6854150952371243,0.9690225563909775
2017-12-01,3317.617,3.4572,1.13212927756654,1.3383600377002827,1.2676908752327745,1.0594821687225604,1.076593525533799,1.1256124721603562,1.5437881873727088,1.6731664390217387,0.9831364124597206
2017-12-04,3309.618,3.4651,1.13212927756654,1.3393025447690858,1.2690875232774674,1.0596546254733785,1.0706673226409527,1.1247216035634744,1.5274949083503055,1.6633675140494297,0.9712459720730396
2017-12-05,3303.675,3.4701,1.1330798479087452,1.341187558906692,1.2714152700186219,1.0597121172948862,1.0489379120338482,1.1256124721603562,1.5274949083503055,1.6596929171848138,0.9739527389903331
2017-12-06,3293.965,3.4616,1.1330798479087452,1.341187558906692,1.2672253258845436,1.0597696122356268,1.0538764144445538,1.1197104677060135,1.534623217922607,1.6609177828063524,0.9545220193340495
2017-12-07,3272.054,3.442,1.1340304182509506,1.3402450518378888,1.260707635009311,1.0598271102957695,1.0469625110695662,1.1112472160356348,1.5407331975560081,1.675616170264816,0.9603222341568206
2017-12-08,3289.992,3.456,1.1340304182509506,1.3402450518378888,1.2616387337057726,1.0598846114754839,1.0568395158909771,1.1047884187082404,1.5478615071283097,1.7025632139386648,0.9760794844253491
2017-12-11,3322.196,3.4795,1.1340304182509506,1.3402450518378888,1.2695530726256983,1.0600571337337465,1.0677042211945291,1.106347438752784,1.5580448065173116,1.7233859295048215,0.985263157894737
2017-12-12,3280.814,3.4608,1.1340304182509506,1.3402450518378888,1.2635009310986964,1.0601146473934389,1.0568395158909771,1.1034521158129176,1.5560081466395113,1.7025632139386648,0.975982814178303
2017-12-13,3303.037,3.4747,1.1340304182509506,1.3402450518378888,1.2681564245810055,1.0601721641735486,1.0637534192659648,1.1044543429844098,1.5600814663951121,1.7123621389109738,0.96312567132116
2017-12-14,3292.439,3.469,1.1340304182509506,1.3402450518378888,1.266294227188082,1.0602296840742456,1.0637534192659648,1.1135857461024499,1.553971486761711,1.700113482695588,0.9667991407089152
2017-12-15,3266.137,3.45,1.1340304182509506,1.3405131008482563,1.260707635009311,1.0602872070956986,1.0519010134802715,1.1120267260579064,1.5733197556008147,1.7037880795602038,0.9701825993555317
2017-12-18,3267.922,3.4512,1.1349809885931559,1.340781149858624,1.2621042830540037,1.060459794886289,1.0528887139624128,1.1132516703786193,1.5855397148676171,1.7197113326402056,0.973469387755102
2017-12-19,3296.538,3.4718,1.1349809885931559,1.3427915174363807,1.2681564245810055,1.0605173303924607,1.0598026173374002,1.1188195991091312,1.5763747454175154,1.7197113326402056,0.9764661654135338
2017-12-20,3287.606,3.4699,1.1349809885931559,1.3439977379830348,1.2672253258845436,1.0605748690202355,1.0509133129981305,1.1164810690423161,1.5733197556008147,1.718486467018667,0.9855531686358755
2017-12-21,3300.059,3.4888,1.1349809885931559,1.3398429783223376,1.2700186219739293,1.0606324107697824,1.0578272163731182,1.1143652561247215,1.5672097759674133,1.7258356607478986,0.9841031149301827
2017-12-22,3297.063,3.4844,1.1349809885931559,1.340111027332705,1.2700186219739293,1.0606899556412712,1.0578272163731182,1.1157015590200445,1.5661914460285133,1.7246107951263598,0.9859398496240602
2017-12-25,3280.461,3.4798,1.1349809885931559,1.340111027332705,1.2714152700186219,1.0608626089890818,1.0499256125159893,1.1198218262806237,1.5661914460285133,1.7160367357755897,0.9838131041890441
2017-12-26,3306.125,3.4838,1.1359315589353611,1.3340799245994344,1.2732774674115455,1.0609201663500312,1.0548641149266949,1.1213808463251669,1.54989816700611,1.7037880795602038,0.9925134264232008
2017-12-27,3275.783,3.4597,1.1349809885931559,1.3339459000942506,1.2686219739292364,1.0609777268337697,1.0489379120338482,1.1247216035634744,1.54989816700611,1.7050129451817422,1.0004403866809881
2017-12-28,3296.385,3.4717,1.1349809885931559,1.3326056550424128,1.271880819366853,1.0610352904404659,1.0548641149266949,1.127839643652561,1.5519348268839104,1.7148118701540511,1.0031471535982814
2017-12-29,3307.172,3.4756,1.1349809885931559,1.3315334590009427,1.276070763500931,1.06109285717029,1.0617780183016825,1.1259465478841872,1.539714867617108,1.7148118701540511,1.007013963480129
2018-01-02,3348.326,3.4992,1.1368821292775664,1.3276467483506127,1.286778398510242,1.0613231553242513,1.0825197284266457,1.1351893095768375,1.5590631364562118,1.750332973178671,1.004887218045113
2018-01-03,3369.108,3.5061,1.1368821292775664,1.3271106503298775,1.2895716945996274,1.061380737672255,1.0884459313194923,1.1383073496659242,1.5702647657841142,1.7662562262586727,1.0185177228786253
2018-01-04,3385.71,3.512,1.1368821292775664,1.3297911404335532,1.292364990689013,1.0614383231444036,1.09535983469448,1.1344097995545657,1.575356415478615,1.7760551512309815,1.0249946294307197
2018-01-05,3391.75,3.5139,1.1368821292775664,1.3283168708765316,1.297486033519553,1.0614959117408658,1.0963475351766212,1.1387527839643652,1.5875763747454175,1.7895286730679063,1.0192910848549945
2018-01-08,3409.48,3.5238,1.1378326996197718,1.327378699340245,1.3035381750465547,1.061668696277831,1.1062245399980322,1.1400890868596882,1.5906313645621182,1.7956530011755991,1.0217078410311493
2018-01-09,3413.9,3.5326,1.1378326996197718,1.3289869934024505,1.3030726256983238,1.061726297373244,1.1062245399980322,1.1425389755011135,1.5936863543788187,1.8115762542556013,1.0347583243823846
2018-01-10,3421.834,3.5395,1.138783269961977,1.3323376060320453,1.3054003724394785,1.0617839015938186,1.1002983371051855,1.1403118040089086,1.5957230142566192,1.8066767917694468,1.0476154672395275
2018-01-11,3425.345,3.5373,1.1378326996197718,1.3315334590009427,1.3030726256983238,1.0618415089397244,1.0973352356587622,1.1451002227171492,1.6048879837067211,1.803002194904831,1.0509989258861439
2018-01-12,3428.941,3.5476,1.1378326996197718,1.3279147973609802,1.3058659217877095,1.061899119411131,1.09535983469448,1.1474387527839642,1.6109979633401224,1.8140259854986784,1.0512889366272824
2018-01-15,3410.488,3.5527,1.138783269961977,1.3279147973609802,1.3035381750465547,1.0620719695800498,1.074618124569517,1.1522271714922048,1.6109979633401224,1.7956530011755991,1.0497422126745437
2018-01-16,3436.594,3.5643,1.138783269961977,1.3200073515551367,1.3119180633147114,1.0621295925551548,1.0864705303552102,1.1493318485523385,1.5926680244399187,1.7797297480955976,1.0402685284640172
2018-01-17,3444.671,3.5571,1.138783269961977,1.3183990574929312,1.3100558659217876,1.0621872186566084,1.0825197284266457,1.1446547884187082,1.6079429735234216,1.7883038074463677,1.0393018259935554
2018-01-18,3474.754,3.5696,1.138783269961977,1.3194712535344015,1.3151769087523277,1.0622448478845803,1.0904213322837746,1.1385300668151448,1.6089613034623218,1.7907535386894449,1.039591836734694
2018-01-19,3487.864,3.5704,1.138783269961977,1.314780395852969,1.3151769087523277,1.0623024802392398,1.087458230837351,1.1360801781737193,1.6089613034623218,1.7932032699325222,1.03031149301826
2018-01-22,3501.362,3.5909,1.138783269961977,1.3135741753063148,1.3216945996275604,1.0624753960650428,1.105236839515891,1.1375278396436526,1.6232179226069248,1.805451926147908,1.0357250268528464
2018-01-23,3546.505,3.6059,1.1397338403041826,1.312099905749293,1.3286778398510242,1.0625330409281508,1.1042491390337499,1.142316258351893,1.6334012219959269,1.8115762542556013,1.0455853920515574
2018-01-24,3559.465,3.6065,1.1397338403041826,1.310357587181904,1.3286778398510242,1.0625906889187946,1.1072122404801732,1.1452115812917594,1.6211812627291244,1.805451926147908,1.0532223415682063
2018-01-25,3548.307,3.6,1.1397338403041826,1.3088833176248822,1.3268156424581006,1.0626483400371445,1.1091876414444555,1.1494432071269487,1.6160896130346232,1.8042270605263697,1.0493555316863588
2018-01-26,3558.129,3.6071,1.1397338403041826,1.3037903864278981,1.3305400372439478,1.0627059942833699,1.1111630424087375,1.1437639198218261,1.6323828920570265,1.8250497760925257,1.0493555316863588
2018-01-29,3523.001,3.5855,1.1397338403041826,1.2997696512723846,1.324487895716946,1.0628789757909967,1.1042491390337499,1.1376391982182628,1.620162932790224,1.7968778667971381,1.0362083780880773
2018-01-30,3488.009,3.5685,1.1397338403041826,1.2982953817153629,1.3179702048417132,1.0629366425504214,1.1022737380694678,1.1296213808463251,1.6089613034623218,1.7846292105817518,1.0240279269602577
2018-01-31,3480.833,3.5781,1.1406844106463878,1.2992335532516495,1.318435754189944,1.0629943124385703,1.0933844337301977,1.1297327394209353,1.6140529531568228,1.8017773292832926,1.027314715359828
2018-02-01,3446.98,3.5713,1.1406844106463878,1.2941406220546654,1.3133147113594041,1.0630519854556133,1.0677042211945291,1.1269487750556793,1.5957230142566192,1.7760551512309815,1.0369817400644468
2018-02-02,3462.081,3.5856,1.1406844106463878,1.2906559849198869,1.3175046554934822,1.0631096616017197,1.07758122601594,1.1283964365256125,1.561099796334012,1.750332973178671,1.019484425349087
2018-02-05,3487.497,3.5931,1.141634980988593,1.2902539114043354,1.3212290502793296,1.0632827088161192,1.0825197284266457,1.119153674832962,1.5071283095723014,1.7111372732894354,1.0115574650912997
2018-02-06,3370.652,3.544,1.141634980988593,1.2858311027332705,1.3054003724394785,1.0633403974801783,1.0370855062481552,1.1261692650334076,1.5488798370672097,1.700113482695588,1.000827067669173
2018-02-07,3309.26,3.5036,1.141634980988593,1.2846248821866164,1.292364990689013,1.06339808927415,1.0331347043195906,1.1121380846325166,1.5254582484725052,1.678065901507893,0.9793662728249194
2018-02-08,3262.05,3.4849,1.1425855513307983,1.2803360980207352,1.2858472998137802,1.0634557841982037,1.0370855062481552,1.1099109131403118,1.4633401221995928,1.6388702016186576,0.9605155746509131
2018-02-09,3129.851,3.4161,1.1425855513307983,1.2799340245051838,1.2658286778398509,1.0635134822525103,0.9956020859982289,1.1111358574610244,1.4959266802443993,1.652343723455582,0.9477551020408164
2018-02-12,3154.125,3.4369,1.1435361216730038,1.2777896324222433,1.2714152700186219,1.0636865951986412,1.0163437961231918,1.1131403118040089,1.514256619144603,1.675616170264816,0.9472717508055853
2018-02-13,3184.959,3.4565,1.144486692015209,1.2810062205466541,1.2770018621973929,1.063744305775655,1.0222699990160384,1.1174832962138086,1.5274949083503055,1.6988886170740491,0.9443716433941998
2018-02-14,3199.159,3.468,1.144486692015209,1.2842228086710652,1.2788640595903165,1.06380201948377,1.028196201908885,1.1257238307349664,1.5580448065173116,1.7417589138279006,0.9633190118152525
2018-02-22,3268.559,3.5045,1.1454372623574145,1.291192082940622,1.2914338919925512,1.0642638418887336,1.045974810587425,1.1182628062360802,1.5784114052953158,1.787078941824829,0.9987003222341567
2018-02-23,3289.024,3.5117,1.1454372623574145,1.2906559849198869,1.2932960893854748,1.064321583784408,1.0528887139624128,1.1206013363028953,1.605906313645621,1.8115762542556013,1.011654135338346
2018-02-26,3329.574,3.5313,1.1463878326996197,1.2923983034872761,1.298417132216015,1.0644948282689157,1.0696796221588114,1.1270601336302895,1.6232179226069248,1.8115762542556013,1.0176476906552094
2018-02-27,3292.068,3.5073,1.1473384030418252,1.2887796418473139,1.2900372439478585,1.0645525826968127,1.0617780183016825,1.122271714922049,1.59877800407332,1.7883038074463677,1.00546723952739
2018-02-28,3259.408,3.4955,1.1482889733840302,1.2906559849198869,1.2858472998137802,1.0646103402581906,1.0637534192659648,1.1138084632516703,1.5926680244399187,1.7821794793386747,0.9861331901181526
2018-03-01,3273.755,3.5041,1.1482889733840302,1.2898518378887842,1.286778398510242,1.064668100953219,1.0716550231230935,1.1116926503340756,1.5712830957230142,1.7785048824740586,0.9746294307196562
2018-03-02,3254.528,3.4906,1.1482889733840302,1.2883775683317626,1.2849162011173183,1.064725864782068,1.0627657187838238,1.1161469933184855,1.584521384928717,1.7785048824740586,0.9761761546723953
2018-03-05,3256.926,3.4873,1.1492395437262357,1.2909240339302543,1.2839851024208566,1.0648991750732397,1.0617780183016825,1.1210467706013363,1.6018329938900204,1.780954613717136,0.9931901181525242
2018-03-06,3289.642,3.5063,1.1492395437262357,1.2913261074458058,1.2909683426443204,1.064956951439072,1.076593525533799,1.1173719376391982,1.6079429735234216,1.8042270605263697,0.9955102040816327
2018-03-07,3271.668,3.4933,1.1492395437262357,1.2889136663524976,1.2886405959031655,1.065014730939575,1.0686919216766704,1.1220489977728285,1.6089613034623218,1.8066767917694468,0.9834264232008594
2018-03-08,3288.406,3.5056,1.150190114068441,1.288109519321395,1.2932960893854748,1.0650725135749188,1.076593525533799,1.1214922048997773,1.615071283095723,1.818925447984833,0.9704726100966703
2018-03-09,3307.166,3.5134,1.150190114068441,1.2910580584354383,1.2956238361266292,1.065130299345274,1.084495129390928,1.1150334075723831,1.65071283095723,1.8446476260371436,0.9911600429645544
2018-03-12,3326.699,3.5217,1.1511406844106464,1.2898518378887842,1.297951582867784,1.0653036754681062,1.09535983469448,1.1157015590200445,1.6537678207739308,1.8556714166309909,0.9863265306122448
2018-03-13,3310.239,3.5093,1.1511406844106464,1.2875734213006598,1.2946927374301676,1.0653614737802066,1.087458230837351,1.1152561247216035,1.6323828920570265,1.8323989698217575,0.9786895810955961
2018-03-14,3291.382,3.503,1.1511406844106464,1.2869032987747409,1.292364990689013,1.0654192752281684,1.0815320279445046,1.1170378619153676,1.6303462321792261,1.8360735666863734,0.9805263157894737
2018-03-15,3291.112,3.5088,1.1511406844106464,1.2846248821866164,1.292830540037244,1.065477079812162,1.0795566269802224,1.116369710467706,1.6272912423625256,1.849547088523298,0.9833297529538132
2018-03-16,3269.882,3.4959,1.1520912547528517,1.2875734213006598,1.2886405959031655,1.0655348875323574,1.0736304240873757,1.1131403118040089,1.629327902240326,1.8397481635509894,0.999280343716434
2018-03-19,3279.252,3.4976,1.1520912547528517,1.2859651272384542,1.2858472998137802,1.0657083295118566,1.0726427236052347,1.1066815144766147,1.5957230142566192,1.827499507335603,0.997733619763695
2018-03-20,3290.64,3.4986,1.1520912547528517,1.2836867106503298,1.2858472998137802,1.0657661497785613,1.076593525533799,1.1103563474387528,1.5977596741344195,1.8470973572802207,1.0130075187969925
2018-03-21,3280.952,3.4905,1.1530418250950571,1.2863672007540057,1.2844506517690875,1.0658239731823185,1.0686919216766704,1.1111358574610244,1.594704684317719,1.8397481635509894,1.0404618689581095
2018-03-22,3263.48,3.4769,1.1539923954372622,1.2827485391140432,1.2797951582867784,1.0658817997232988,1.0598026173374002,1.1207126948775055,1.5529531568228105,1.7846292105817518,1.0275080558539205
2018-03-23,3152.761,3.433,1.155893536121673,1.2803360980207352,1.2635009310986964,1.0659396294016723,1.0163437961231918,1.1321826280623608,1.5173116089613035,1.749108107557132,1.0470354457572502
2018-03-26,3133.722,3.4224,1.1568441064638784,1.2780576814326108,1.259776536312849,1.0661131372628536,1.0232576994981797,1.129510022271715,1.5692464358452138,1.7821794793386747,1.0428786251342643
2018-03-27,3166.649,3.4342,1.1568441064638784,1.2755112158341186,1.2635009310986964,1.0661709794925023,1.0410363081767195,1.1289532293986637,1.5071283095723014,1.7429837794494392,1.0332116004296454
2018-03-28,3122.29,3.4087,1.1577946768060836,1.2744390197926483,1.2560521415270018,1.0662288248603948,1.028196201908885,1.1224944320712695,1.4898167006109981,1.7086875420463583,1.0280880773361976
2018-03-29,3160.531,3.4274,1.1577946768060836,1.2807381715362864,1.26536312849162,1.0662866733667022,1.0390609072124373,1.1118040089086858,1.524439918533605,1.7368594513417461,1.035918367346939
2018-03-30,3168.897,3.4284,1.158745247148289,1.2807381715362864,1.2658286778398509,1.0663445250115944,1.0489379120338482,1.1140311804008909,1.524439918533605,1.7344097200986688,1.033018259935553
2018-04-02,3163.179,3.4231,1.1596958174904943,1.2807381715362864,1.2635009310986964,1.0665180987794836,1.0479502115517072,1.1152561247216035,1.4745417515274948,1.706237810803281,1.017454350161117
2018-04-03,3136.633,3.4146,1.1596958174904943,1.2806041470311027,1.2593109869646182,1.0665759629804181,1.0400486076945783,1.1219376391982183,1.4918533604887985,1.7123621389109738,1.0149409237379163
2018-04-04,3131.111,3.4102,1.1606463878326996,1.2826145146088594,1.2588454376163873,1.0666338303207894,1.036097805766014,1.1206013363028953,1.5162932790224033,1.7111372732894354,1.014747583243824
2018-04-09,3138.294,3.4099,1.1625475285171103,1.2901198868991517,1.2565176908752327,1.066923214120153,1.036097805766014,1.1180400890868596,1.5010183299389002,1.727060526369437,1.0212244897959184
2018-04-10,3190.322,3.4369,1.1625475285171103,1.2914601319509897,1.266294227188082,1.06698110030072,1.045974810587425,1.1199331848552339,1.5315682281059064,1.7650313606371342,1.047422126745435
2018-04-11,3208.082,3.442,1.1634980988593155,1.2895837888784167,1.2700186219739293,1.0670389896219157,1.0499256125159893,1.1236080178173717,1.5203665987780042,1.7650313606371342,1.0636627282491944
2018-04-12,3180.158,3.4275,1.1634980988593155,1.287975494816211,1.2648975791433892,1.0670968820839108,1.0430117091410018,1.1286191536748331,1.534623217922607,1.7650313606371342,1.0600859291084854
2018-04-13,3159.052,3.4191,1.1634980988593155,1.2895837888784167,1.2630353817504656,1.0671547776868757,1.0400486076945783,1.120489977728285,1.5295315682281059,1.7478832419355936,1.0684962406015037
2018-04-16,3110.649,3.3956,1.164448669201521,1.2878414703110272,1.2537243947858472,1.0673284833432928,1.0301716028731673,1.1234966592427615,1.539714867617108,1.7478832419355936,1.0574758324382385
2018-04-17,3066.797,3.3731,1.1653992395437263,1.286099151743638,1.2476722532588453,1.0673863915118407,1.007454491783922,1.1259465478841872,1.5672097759674133,1.746658376314055,1.0560257787325458
2018-04-18,3091.399,3.3814,1.170152091254753,1.2859651272384542,1.2509310986964617,1.0674443028222105,1.018319197087474,1.124053452115813,1.5723014256619146,1.7515578388002093,1.08203007518797
2018-04-19,3117.376,3.3967,1.1692015209125475,1.2851609802073516,1.255586592178771,1.0675022172745725,1.0232576994981797,1.1283964365256125,1.5600814663951121,1.7625816293940568,1.088700322234157
2018-04-20,3071.543,3.3769,1.1692015209125475,1.284356833176249,1.2481378026070764,1.0675601348690977,1.0035036898553578,1.1233853006681513,1.5376782077393076,1.7442086450709777,1.0833834586466167
2018-04-23,3068.012,3.377,1.1692015209125475,1.2827485391140432,1.249068901303538,1.0677339065073543,0.9965897864803699,1.1175946547884188,1.5366598778004072,1.7295102576125143,1.0956605800214823
2018-04-24,3128.927,3.4069,1.1692015209125475,1.2859651272384542,1.259776536312849,1.0677918366722352,1.018319197087474,1.115924276169265,1.5112016293279023,1.7344097200986688,1.09546723952739
2018-04-25,3117.974,3.4022,1.1692015209125475,1.2827485391140432,1.2574487895716946,1.0678497699801317,1.0212822985338974,1.1134743875278397,1.5081466395112018,1.7172616013971282,1.086670247046187
2018-04-26,3075.03,3.3772,1.1682509505703422,1.284356833176249,1.2495344506517692,1.067907706431214,1.0035036898553578,1.116369710467706,1.5427698574338085,1.7258356607478986,1.0979806659505906
2018-04-27,3082.232,3.3796,1.1682509505703422,1.2866352497643732,1.2504655493482308,1.0679656460256526,1.0064667913017808,1.1124721603563474,1.5468431771894093,1.7331848544771304,1.0968206229860367
2018-05-02,3081.177,3.3822,1.1682509505703422,1.2873053722902923,1.2532588454376163,1.0682553911541601,1.0064667913017808,1.1103563474387528,1.5509164969450102,1.7540075700432864,1.094017185821697
2018-05-03,3100.859,3.391,1.1682509505703422,1.2851609802073516,1.2574487895716946,1.0683133496123187,1.015356095641051,1.1086859688195991,1.5519348268839104,1.7601318981509797,1.1025241675617616
2018-05-04,3091.033,3.3866,1.1682509505703422,1.279665975494816,1.2565176908752327,1.0683713112150277,1.015356095641051,1.1090200445434297,1.575356415478615,1.7662562262586727,1.1173147153598282
2018-05-07,3136.645,3.4088,1.1682509505703422,1.2791298774740811,1.2639664804469273,1.0685452148921624,1.036097805766014,1.1110244988864142,1.5885947046843178,1.7919784043109834,1.125531686358754
2018-05-08,3161.498,3.4215,1.1682509505703422,1.2781917059377945,1.2681564245810055,1.0686031890747787,1.0420240086588606,1.1123608017817372,1.5896130346232178,1.8140259854986784,1.1232116004296455
2018-05-09,3159.15,3.4182,1.1673003802281368,1.2761813383600378,1.2676908752327745,1.0686611664027987,1.0400486076945783,1.1093541202672605,1.6079429735234216,1.8226000448494486,1.1522126745435015
2018-05-10,3174.413,3.4241,1.1673003802281368,1.2745730442978322,1.2700186219739293,1.0687191468763928,1.044987110105284,1.111358574610245,1.625254582484725,1.8434227604156048,1.1566595059076261
2018-05-11,3163.263,3.4174,1.1673003802281368,1.272830725730443,1.2676908752327745,1.0687771304957316,1.035110105283873,1.1140311804008909,1.6171079429735236,1.833623835443296,1.1502792696025779
2018-05-14,3174.032,3.4283,1.1673003802281368,1.2704182846371348,1.2700186219739293,1.0689511002299241,1.036097805766014,1.1129175946547882,1.615071283095723,1.8397481635509894,1.1549194414607948
2018-05-15,3192.118,3.4347,1.1673003802281368,1.2736348727615459,1.2723463687150838,1.069009096433949,1.0439994096231426,1.1086859688195991,1.6018329938900204,1.837298432307912,1.1605263157894736
2018-05-16,3169.565,3.4229,1.1663498098859315,1.276717436380773,1.2690875232774674,1.0690670957845723,1.0439994096231426,1.0988864142538974,1.6181262729124237,1.8507719541448366,1.1666165413533836
2018-05-17,3154.283,3.4142,1.1663498098859315,1.2760473138548538,1.2676908752327745,1.0691250982819644,1.038073206730296,1.092316258351893,1.609979633401222,1.8532216853879138,1.1754135338345864
2018-05-18,3193.303,3.4266,1.1663498098859315,1.2771195098963242,1.2728119180633146,1.0691831039262962,1.0430117091410018,1.0933184855233853,1.6048879837067211,1.8532216853879138,1.1684532760472612
2018-05-21,3213.84,3.4338,1.1663498098859315,1.2781917059377945,1.2746741154562382,1.0693571397426378,1.0528887139624128,1.091425389755011,1.615071283095723,1.8654703416032998,1.1781203007518797
2018-05-22,3214.35,3.4278,1.1673003802281368,1.2781917059377945,1.2728119180633146,1.069415157976436,1.0568395158909771,1.0940979955456571,1.6109979633401224,1.8630206103602225,1.1828571428571428
2018-05-23,3168.964,3.4079,1.1673003802281368,1.2764493873704053,1.2672253258845436,1.0694731793580279,1.0439994096231426,1.0959910913140312,1.624236252545825,1.8715946697109929,1.1734801288936627
2018-05-24,3154.651,3.3984,1.1673003802281368,1.2788618284637134,1.2639664804469273,1.0695312038875837,1.0410363081767195,1.1006681514476613,1.624236252545825,1.8740444009540702,1.1641031149301826
2018-05-25,3141.303,3.393,1.1682509505703422,1.2815423185673893,1.2630353817504656,1.069589231565275,1.0341224048017317,1.1055679287305122,1.6283095723014256,1.8666952072248384,1.1264017185821698
2018-05-28,3135.082,3.3978,1.1682509505703422,1.2815423185673893,1.2644320297951583,1.0697633334888668,1.0400486076945783,1.101336302895323,1.6283095723014256,1.8764941321971473,1.123888292158969
2018-05-29,3120.461,3.3891,1.1682509505703422,1.2839547596606975,1.2621042830540037,1.0698213737608064,1.0311593033553086,1.103674832962138,1.624236252545825,1.8679200728463772,1.111127819548872
2018-05-30,3041.443,3.3621,1.1682509505703422,1.2812742695570216,1.2527932960893853,1.0698794171817354,1.0123929941946275,1.1056792873051224,1.639511201629328,1.8764941321971473,1.1395488721804512
2018-05-31,3095.474,3.3878,1.1682509505703422,1.277923656927427,1.2635009310986964,1.069937463751824,1.0331347043195906,1.1083518930957683,1.6364562118126273,1.9046660414925352,1.1296885069817402
2018-06-01,3075.137,3.3773,1.1682509505703422,1.274036946277097,1.2593109869646182,1.0699955134712436,1.0212822985338974,1.1064587973273943,1.6598778004073318,1.9169146977079214,1.111997851772288
2018-06-04,3091.191,3.3922,1.1682509505703422,1.2729647502356267,1.2639664804469273,1.0701696815271966,1.027208501426744,1.1016703786191535,1.676171079429735,1.9352876820310008,1.1010741138560687
2018-06-05,3114.206,3.4058,1.1682509505703422,1.2724286522148915,1.2672253258845436,1.0702277438456487,1.045974810587425,1.0998886414253897,1.680244399185336,1.9548855319756184,1.0979806659505906
2018-06-06,3115.18,3.4052,1.1682509505703422,1.2696141376060321,1.266294227188082,1.070285809314286,1.0499256125159893,1.101336302895323,1.6873727087576376,1.9573352632186958,1.0963372717508058
2018-06-07,3109.499,3.4079,1.1682509505703422,1.2712224316682375,1.2648975791433892,1.0703438779332797,1.0430117091410018,1.102227171492205,1.6710794297352343,1.9352876820310008,1.1119011815252415
2018-06-08,3067.148,3.3926,1.1682509505703422,1.2722946277097078,1.2588454376163873,1.0704019497028003,1.035110105283873,1.1023385300668151,1.6731160896130346,1.940187144517155,1.1083243823845328
2018-06-11,3052.783,3.3943,1.1682509505703422,1.2737688972667296,1.2579143389199254,1.0705761839162349,1.026220800944603,1.1030066815144766,1.6782077393075356,1.9426368757602324,1.1127712137486574
2018-06-12,3079.802,3.4151,1.1682509505703422,1.2733668237511782,1.26536312849162,1.0706342682895738,1.0430117091410018,1.1023385300668151,1.6873727087576376,1.9646844569479271,1.1145112781954887
2018-06-13,3049.797,3.4058,1.1682509505703422,1.2739029217719133,1.2611731843575418,1.0706923558142942,1.0291839023910263,1.1012249443207127,1.6873727087576376,1.9524358007325413,1.1195381310418904
2018-06-14,3044.16,3.4025,1.1682509505703422,1.2729647502356267,1.2593109869646182,1.070750446490568,1.0232576994981797,1.1053452115812918,1.6985743380855396,1.9475363382463868,1.1134479054779807
2018-06-15,3021.901,3.3984,1.1682509505703422,1.2795319509896323,1.2579143389199254,1.0708085403185654,1.0104175932303452,1.1046770601336302,1.7016293279022403,1.9475363382463868,1.0875402792696025
2018-06-19,2907.822,3.3521,1.1692015209125475,1.2785937794533457,1.238826815642458,1.0710409471512143,0.9630079700875726,1.1006681514476613,1.6934826883910388,1.9156898320863829,1.0952738990332975
2018-06-20,2915.731,3.3587,1.1692015209125475,1.2831506126295948,1.2420856610800746,1.0710990567403964,0.976835776837548,1.094543429844098,1.7148676171079429,1.937737413274078,1.10687432867884
2018-06-21,2875.81,3.3505,1.1692015209125475,1.286099151743638,1.2383612662942272,1.0711571694823283,0.9659710715339959,1.0922048997772829,1.7036659877800409,1.91813956332946,1.0988506981740065
2018-06-22,2889.76,3.3592,1.1692015209125475,1.2894497643732328,1.2406890130353816,1.0712152853771815,0.976835776837548,1.095879732739421,1.7016293279022403,1.9144649664648443,1.1353920515574651
2018-06-25,2859.336,3.343,1.170152091254753,1.2922642789820924,1.2355679702048417,1.0713896519809778,0.9718972744268425,1.097772828507795,1.6680244399185336,1.8740444009540702,1.130171858216971
2018-06-26,2844.508,3.3315,1.170152091254753,1.2970891611687088,1.2304469273743015,1.0714477804892262,0.9718972744268425,1.0979955456570156,1.6812627291242364,1.8826184603048404,1.1542427497314716
2018-06-27,2813.178,3.3081,1.170152091254753,1.3055327049952874,1.223463687150838,1.0715059121512507,0.9551063662304438,1.0993318485523385,1.669042769857434,1.8421978947940663,1.1930075187969924
2018-06-28,2786.897,3.2945,1.170152091254753,1.3100895381715363,1.217877094972067,1.0715640469672227,0.9432539604447505,1.0972160356347438,1.6924643584521384,1.859346013495607,1.2052846401718582
2018-06-29,2847.418,3.3288,1.1720532319391634,1.31411027332705,1.2295158286778398,1.0716221849373135,0.9709095739447013,1.098663697104677,1.69959266802444,1.8875179227909948,1.226455424274973
2018-07-02,2775.557,3.2925,1.1730038022813687,1.3154505183788878,1.2160148975791434,1.0717966177740095,0.9551063662304438,1.0988864142538974,1.7128309572301426,1.8936422508986879,1.2057679914070893
2018-07-03,2786.888,3.2921,1.1739543726235742,1.32295589066918,1.216945996275605,1.0718547683622863,0.9590571681590081,1.100556792873051,1.7016293279022403,1.8875179227909948,1.2043179377013964
2018-07-04,2759.126,3.2769,1.1749049429657794,1.32295589066918,1.2118249534450651,1.071912922105538,0.9452293614090327,1.102783964365256,1.7016293279022403,1.8740444009540702,1.2122448979591838
2018-07-05,2733.882,3.269,1.1758555133079849,1.3165227144203582,1.2076350093109869,1.071971079003935,0.9254753517662108,1.1024498886414253,1.713849287169043,1.859346013495607,1.2068313641245971
2018-07-06,2747.229,3.2761,1.1768060836501901,1.319873327049953,1.2090316573556796,1.0720292390576485,0.9286359933090623,1.1061247216035635,1.7423625254582487,1.880168729061763,1.2075080558539206
2018-07-09,2815.11,3.3118,1.1768060836501901,1.3196052780395853,1.2202048417132216,1.0722037381524026,0.9527358850733051,1.1056792873051224,1.758655804480652,1.912015235221767,1.2215252416756177
2018-07-10,2827.625,3.3187,1.1768060836501901,1.3167907634307259,1.222532588454376,1.0722619108290954,0.9600448686411492,1.102227171492205,1.7566191446028514,1.9083406383571513,1.2265520945220192
2018-07-11,2777.771,3.2997,1.1768060836501901,1.3165227144203582,1.2141527001862198,1.072320086661961,0.9465133720358162,1.1051224944320712,1.7474541751527495,1.8960919821417652,1.182470461868958
2018-07-12,2837.659,3.3263,1.1777566539923954,1.324832233741753,1.223463687150838,1.072378265651171,0.9696255633179179,1.1011135857461025,1.7871690427698574,1.946311472624848,1.1778302900107411
2018-07-13,2831.184,3.3351,1.1777566539923954,1.326172478793591,1.226722532588454,1.0724364477968962,0.9763419265964774,1.1002227171492205,1.7892057026476578,1.949986069489464,1.1928141783029
2018-07-16,2814.042,3.327,1.1777566539923954,1.3257704052780395,1.2239292364990688,1.0726110131748763,0.9750579159696939,1.1016703786191535,1.7861507128309573,1.9475363382463868,1.1546294307196563
2018-07-17,2798.126,3.3211,1.1787072243346006,1.3264405278039586,1.2220670391061452,1.0726692079483753,0.9703169536554167,1.1003340757238307,1.7973523421588593,1.949986069489464,1.1516326530612244
2018-07-18,2787.257,3.3126,1.1787072243346006,1.3276467483506127,1.2220670391061452,1.072727405879246,0.9653784512447112,1.090534521158129,1.7973523421588593,1.9536606663540796,1.1592696025778733
2018-07-19,2772.545,3.3126,1.1806083650190113,1.334347973609802,1.2202048417132216,1.0727856069676598,0.9600448686411492,1.0936525612472159,1.791242362525458,1.9414120101386936,1.169516648764769
2018-07-20,2829.271,3.3368,1.1815589353612168,1.3439977379830348,1.2304469273743015,1.0728438112137881,0.9683415526911345,1.0984409799554566,1.8065173116089615,1.9573352632186958,1.180343716433942
2018-07-23,2859.542,3.3463,1.182509505703422,1.3411832233741752,1.2355679702048417,1.0730184429001715,0.9682427826429203,1.102227171492205,1.810590631364562,1.9524358007325413,1.1878839957035445
2018-07-24,2905.562,3.3651,1.182509505703422,1.3462761545711592,1.2425512104283054,1.0730766597788703,0.9842435304536062,1.1024498886414253,1.8258655804480652,1.9610098600833115,1.19890440386681
2018-07-25,2903.647,3.3623,1.1834600760456275,1.3486885956644674,1.2420856610800746,1.0731348798161402,0.9837496802125356,1.1007795100222717,1.8533604887983708,1.9855071725140836,1.2095381310418905
2018-07-26,2882.225,3.3462,1.1844106463878326,1.3418533459000943,1.2383612662942272,1.0731931030121524,0.9729837449571976,1.1030066815144766,1.8177189409368635,1.949986069489464,1.2114715359828143
2018-07-27,2873.594,3.3429,1.1863117870722433,1.3473483506126298,1.2369646182495344,1.0732513293670782,0.9685390927875628,1.101781737193764,1.8014256619144602,1.937737413274078,1.2107948442534908
2018-07-30,2869.05,3.3425,1.1872623574144487,1.3501628652214892,1.2369646182495344,1.0734260273870528,0.9577731575322247,1.1018930957683741,1.7830957230142566,1.9095655039786896,1.223845327604726
2018-07-31,2876.401,3.3426,1.1891634980988592,1.3509670122525919,1.2383612662942272,1.0734842663793478,0.9585633179179377,1.1033407572383074,1.7922606924643585,1.8948671165202264,1.2094414607948443
2018-08-01,2824.534,3.3153,1.1901140684410645,1.3513690857681433,1.228119180633147,1.0735425085314136,0.9442416609268917,1.1016703786191535,1.805498981670061,1.8862930571694565,1.190687432867884
2018-08-02,2768.024,3.2892,1.1910646387832697,1.3450699340245051,1.2188081936685287,1.0736007538434216,0.9253765817179966,1.1004454342984409,1.8187372708757639,1.8703698040894543,1.1962943071965628
2018-08-03,2740.443,3.2685,1.1920152091254752,1.3523072573044297,1.2127560521415268,1.0736590023155432,0.9080918232805274,1.0997772828507795,1.8340122199592668,1.858121147874068,1.2019011815252418
2018-08-06,2705.157,3.2548,1.193916349809886,1.356059943449576,1.2067039106145252,1.0738337666943052,0.8892267440716324,1.0988864142538974,1.84928716904277,1.859346013495607,1.213404940923738
2018-08-07,2779.374,3.2887,1.1948669201520912,1.3549877474081053,1.2188081936685287,1.0738920278085962,0.9119438551608777,1.0988864142538974,1.8523421588594704,1.880168729061763,1.217561761546724
2018-08-08,2744.07,3.2706,1.193916349809886,1.353513477851084,1.2118249534450651,1.0739502920838584,0.8955480271573354,1.0972160356347438,1.8513238289205705,1.8691449384679157,1.1816004296455425
2018-08-09,2794.382,3.2999,1.1929657794676805,1.355389820923657,1.2211359404096835,1.074008559520263,0.9154995768965856,1.0969933184855234,1.85030549898167,1.8911925196556107,1.1804403866809883
2018-08-10,2795.31,3.3022,1.1920152091254752,1.3588744580584355,1.2197392923649906,1.0740668301179819,0.9207343894519335,1.0973273942093542,1.840122199592668,1.8875179227909948,1.1936842105263157
2018-08-13,2785.872,3.2979,1.1910646387832697,1.3623590951932139,1.2174115456238361,1.0742416608807375,0.9237962609465709,1.0993318485523385,1.8441955193482689,1.8605708791171454,1.1924274973147153
2018-08-14,2780.965,3.2914,1.1910646387832697,1.3619570216776626,1.216945996275605,1.0742999441254277,0.9196479189215783,1.0903118040089086,1.8564154786150713,1.8434227604156048,1.1938775510204083
2018-08-15,2723.258,3.2657,1.1910646387832697,1.3653076343072572,1.2067039106145252,1.0743582305322896,0.8998939092787563,1.0880846325167037,1.8391038696537678,1.8079016573909854,1.161686358754028
2018-08-16,2705.192,3.2592,1.1910646387832697,1.3669159283694627,1.2034450651769086,1.0744165201014948,0.8918935353734134,1.0776169265033408,1.8462321792260692,1.8140259854986784,1.1727067669172933
2018-08-17,2668.966,3.2447,1.1901140684410645,1.3665138548539115,1.1987895716945995,1.0744748128332149,0.8786583489127225,1.0741648106904231,1.8462321792260692,1.8005524636617536,1.1780236305048335
2018-08-20,2698.466,3.2601,1.1891634980988592,1.36611178133836,1.2029795158286778,1.0746497100051802,0.8822140706484306,1.0804008908685967,1.840122199592668,1.8140259854986784,1.1783136412459723
2018-08-21,2733.826,3.2813,1.188212927756654,1.3604827521206408,1.2090316573556796,1.0747080153886759,0.8965357276394765,1.0853006681514477,1.836048879837067,1.8238249104709874,1.1792803437164339
2018-08-22,2714.608,3.2746,1.1891634980988592,1.359142507068803,1.205772811918063,1.074766323935544,0.8892267440716324,1.0839643652561248,1.840122199592668,1.8287243729571419,1.208184747583244
2018-08-23,2724.624,3.276,1.1891634980988592,1.3604827521206408,1.2067039106145252,1.074824635645957,0.8912021450359146,1.084966592427617,1.840122199592668,1.8250497760925257,1.2124382384532761
2018-08-24,2729.431,3.277,1.1901140684410645,1.36611178133836,1.2076350093109869,1.0748829505200859,0.8889304339269901,1.085968819599109,1.8665987780040734,1.837298432307912,1.2339957035445757
2018-08-27,2780.899,3.307,1.1901140684410645,1.3624931196983976,1.2183426443202978,1.0750579141264862,0.9100672242448096,1.0888641425389756,1.8778004073319756,1.8703698040894543,1.2344790547798066
2018-08-28,2777.981,3.3035,1.1901140684410645,1.3536475023562677,1.2183426443202978,1.0751162416571967,0.910462304437666,1.0930957683741649,1.8686354378818737,1.8617957447386841,1.2240386680988184
2018-08-29,2769.295,3.2975,1.1901140684410645,1.3537815268614515,1.2150837988826815,1.0751745723524813,0.9048324116894618,1.0904231625835188,1.890020366598778,1.8715946697109929,1.2366058002148226
2018-08-30,2737.737,3.2867,1.1910646387832697,1.3551217719132895,1.2118249534450651,1.0752329062125119,0.8956467972055496,1.0916481069042316,1.8869653767820773,1.8532216853879138,1.2446294307196564
2018-08-31,2725.25,3.2801,1.1910646387832697,1.3567300659754948,1.2099627560521415,1.0752912432374606,0.8857697923841386,1.0934298440979955,1.8930753564154785,1.8446476260371436,1.2469495166487647
2018-09-03,2720.734,3.2758,1.1920152091254752,1.3567300659754948,1.2085661080074488,1.0754662733035312,0.8855722522877103,1.0876391982182627,1.8930753564154785,1.8385232979294504,1.2489795918367348
2018-09-04,2750.58,3.2893,1.1920152091254752,1.3555238454288407,1.2127560521415268,1.0755246229898687,0.8938689363376956,1.0841870824053452,1.8839103869653768,1.837298432307912,1.244436090225564
2018-09-05,2704.337,3.2659,1.1920152091254752,1.355389820923657,1.2048417132216014,1.0755829758419826,0.878164498671652,1.0830734966592428,1.8635437881873729,1.8017773292832926,1.2349624060150377
2018-09-06,2691.593,3.2545,1.1920152091254752,1.3556578699340245,1.2001862197392923,1.0756413318600448,0.871744445537735,1.0866369710467705,1.8462321792260692,1.780954613717136,1.2199785177228786
2018-09-07,2702.301,3.2601,1.1920152091254752,1.354049575871819,1.201582867783985,1.0756996910442271,0.8761890977073699,1.0885300668151447,1.840122199592668,1.787078941824829,1.2206552094522019
2018-09-10,2669.485,3.2437,1.1920152091254752,1.3557918944392084,1.196927374301676,1.0758747875952124,0.8599908098002559,1.088195991091314,1.8482688391038695,1.7638064950155954,1.2262620837808806
2018-09-11,2664.8,3.2381,1.1910646387832697,1.356596041470311,1.1950651769087524,1.0759331594455928,0.8566326281609761,1.0889755011135858,1.8655804480651732,1.7748302856094431,1.2511063372717508
2018-09-12,2656.11,3.2293,1.1910646387832697,1.3572661639962298,1.1941340782122905,1.0759915344629525,0.8531756764734822,1.088195991091314,1.8615071283095723,1.7650313606371342,1.2693770139634801
2018-09-13,2686.578,3.2403,1.1910646387832697,1.3569981149858623,1.1983240223463685,1.076049912647463,0.8567313982091902,1.0920935412026727,1.8778004073319756,1.7858540762032904,1.246466165413534
2018-09-14,2681.643,3.2397,1.1920152091254752,1.354049575871819,1.1992551210428306,1.0761082939992959,0.8526818262324116,1.094543429844098,1.870672097759674,1.787078941824829,1.243469387755102
2018-09-17,2651.789,3.2266,1.1929657794676805,1.3556578699340245,1.1945996275605213,1.0762834570604503,0.8402368001574338,1.0903118040089086,1.8482688391038695,1.7601318981509797,1.24656283566058
2018-09-18,2699.95,3.2523,1.1929657794676805,1.3561939679547597,1.202513966480447,1.0763418510832925,0.8556449276788349,1.0907572383073496,1.8635437881873729,1.7711556887448272,1.2601933404940924
2018-09-19,2730.85,3.2682,1.1929657794676805,1.3564620169651271,1.2094972067039105,1.0764002482743174,0.8664108629341729,1.0943207126948775,1.8635437881873729,1.7883038074463677,1.2716970998925885
2018-09-20,2729.244,3.2674,1.1929657794676805,1.3561939679547597,1.2094972067039105,1.0764586486336958,0.8649293122109614,1.0937639198218263,1.8808553971486761,1.8005524636617536,1.2658968850698176
2018-09-21,2797.485,3.301,1.1929657794676805,1.3545856738925541,1.223463687150838,1.0765170521616,0.8823128406966446,1.0981069042316258,1.8665987780040734,1.815250851120217,1.264156820622986
2018-09-25,2781.139,3.2904,1.193916349809886,1.3544516493873704,1.2188081936685287,1.0767506979619135,0.8777694184787956,1.0933184855233853,1.8757637474541753,1.8128011198771399,1.3017615467239527
2018-09-26,2806.813,3.3018,1.193916349809886,1.3572661639962298,1.2220670391061452,1.0768091173350258,0.885374712191282,1.0956570155902003,1.8798370672097762,1.8250497760925257,1.2939312567132117
2018-09-27,2791.775,3.2978,1.193916349809886,1.3586064090480678,1.2216014897579144,1.0768675398776955,0.8784608088162944,1.0924276169265033,1.8971486761710794,1.8250497760925257,1.3030182599355533
2018-09-28,2821.35,3.3101,1.1948669201520912,1.36115287464656,1.2262569832402233,1.0769259655900942,0.8856710223359244,1.0834075723830734,1.9002036659877801,1.8238249104709874,1.325735767991407
2018-10-08,2716.51,3.258,1.1967680608365017,1.3623590951932139,1.2076350093109869,1.0775103970870388,0.8545584571484798,1.0948775055679287,1.840122199592668,1.7099124076678966,1.3450698174006444
2018-10-09,2721.013,3.2552,1.1967680608365017,1.3635653157398682,1.2067039106145252,1.077568857677813,0.8539658368591951,1.0937639198218263,1.8462321792260692,1.7086875420463583,1.358893662728249
2018-10-10,2725.837,3.2549,1.1977186311787071,1.364235438265787,1.2067039106145252,1.0776273214403813,0.852978136377054,1.092761692650334,1.7708757637474544,1.6621426484278912,1.3316326530612244
2018-10-11,2583.458,3.2006,1.1986692015209124,1.363699340245052,1.1843575418994412,1.0776857883749151,0.8042845026074978,1.1,1.7525458248472505,1.6327458735109643,1.2986680988184747
2018-10-12,2606.913,3.2182,1.1986692015209124,1.364905560791706,1.1890130353817503,1.077744258481587,0.8066549837646364,1.112806236080178,1.8034623217922607,1.6854150952371243,1.304951664876477
2018-10-15,2568.098,3.1974,1.1996197718631179,1.3653076343072572,1.179702048417132,1.0779196878361508,0.793716107448588,1.1253897550111358,1.7810590631364565,1.6670421109140454,1.3047583243823844
2018-10-16,2546.33,3.1869,1.200570342205323,1.3657097078228086,1.1755121042830539,1.077978170633095,0.7778141296861163,1.125055679287305,1.8309572301425663,1.6915394233448175,1.3092051557465092
2018-10-17,2561.614,3.1951,1.200570342205323,1.3665138548539115,1.1783054003724396,1.0780366566030382,0.7827526320968218,1.1228285077951001,1.8309572301425663,1.6805156327509703,1.2861976369495167
2018-10-18,2486.419,3.1697,1.2015209125475286,1.3675860508953817,1.1685288640595901,1.0780951457461516,0.7666531142379218,1.1226057906458797,1.7963340122199594,1.643769664104812,1.2733404940923738
2018-10-19,2550.465,3.2033,1.2015209125475286,1.3689262959472197,1.180633147113594,1.078153638062608,0.7852218833021746,1.125055679287305,1.7973523421588593,1.653568589077121,1.2853276047261009
2018-10-22,2654.876,3.2503,1.2015209125475286,1.3686582469368522,1.1983240223463685,1.0783291340537555,0.8188036996949719,1.1269487750556793,1.8014256619144602,1.6952140202094335,1.282234156820623
2018-10-23,2594.826,3.2175,1.2024714828897336,1.3689262959472197,1.1866852886405959,1.0783876390653049,0.8021115615467874,1.133184855233853,1.7983706720977597,1.656018320320198,1.2394092373791623
2018-10-24,2603.295,3.2203,1.2024714828897336,1.3697304429783224,1.1866852886405959,1.078446147251058,0.7993460001967923,1.1332962138084632,1.7199592668024442,1.6168226204309626,1.2360257787325457
2018-10-25,2603.8,3.222,1.203422053231939,1.3695964184731386,1.1880819366852886,1.078504658611187,0.7948025779789432,1.134187082405345,1.7759674134419552,1.6449945297263504,1.2453061224489796
2018-10-26,2598.847,3.2153,1.203422053231939,1.3710706880301602,1.1880819366852886,1.0785631731458643,0.7936173374003739,1.1378619153674834,1.7382892057026478,1.6253966797817327,1.253329752953813
2018-10-29,2542.103,3.1842,1.203422053231939,1.3695964184731386,1.1764432029795158,1.0787387357989073,0.7780116697825444,1.136859688195991,1.7006109979633401,1.5813015174063427,1.241922663802363
2018-10-30,2568.048,3.1984,1.2043726235741443,1.370534590009425,1.180633147113594,1.0787972630334999,0.7853206533503887,1.1312917594654788,1.730142566191446,1.595999904864806,1.2354457572502686
2018-10-31,2602.783,3.2131,1.2053231939163498,1.3710706880301602,1.1857541899441342,1.078855793443502,0.7979632195217947,1.123162583518931,1.7729124236252547,1.643769664104812,1.2242320085929108
2018-11-01,2606.237,3.2178,1.2053231939163498,1.370534590009425,1.1876163873370578,1.0789143270290855,0.8037906523664272,1.1269487750556793,1.7983706720977597,1.678065901507893,1.1872073039742213
2018-11-02,2676.476,3.2555,1.2053231939163498,1.3693283694627711,1.1987895716945995,1.0789728637904235,0.8301622552395946,1.1252783964365256,1.765784114052953,1.700113482695588,1.1754135338345864
2018-11-05,2665.431,3.2438,1.2053231939163498,1.3646375117813383,1.196927374301676,1.0791484931306836,0.8288782446128111,1.1296213808463251,1.7484725050916499,1.674391304643277,1.1707733619763696
2018-11-06,2659.356,3.2368,1.206273764258555,1.36611178133836,1.195996275605214,1.0792070425967606,0.8271991537931713,1.1271714922048996,1.7637474541751528,1.6768410358863544,1.1556928034371643
2018-11-07,2641.342,3.2312,1.206273764258555,1.3663798303487278,1.1932029795158288,1.0792655952394532,0.8249274426842468,1.1285077951002227,1.814663951120163,1.7037880795602038,1.1506659505907626
2018-11-08,2635.632,3.2255,1.2072243346007605,1.3681221489161168,1.1927374301675977,1.0793241510589338,0.8217668011413952,1.123162583518931,1.8075356415478614,1.6915394233448175,1.140998925886144
2018-11-09,2598.872,3.212,1.2081749049429655,1.3694623939679549,1.1866852886405959,1.0793827100553746,0.821470490996753,1.1214922048997773,1.7830957230142566,1.6621426484278912,1.1265950590762621
2018-11-12,2630.52,3.2269,1.2081749049429655,1.3728130065975495,1.1941340782122905,1.079558406108183,0.8410269605431467,1.1123608017817372,1.7362525458248474,1.652343723455582,1.125531686358754
2018-11-13,2654.88,3.2378,1.2081749049429655,1.3733491046182846,1.1978584729981376,1.079616977814189,0.8515953557020565,1.109576837416481,1.740325865580448,1.6670421109140454,1.0641460794844253
2018-11-14,2632.243,3.2252,1.209125475285171,1.3686582469368522,1.1941340782122905,1.0796755526980175,0.8489285644002755,1.1075723830734967,1.720977596741344,1.6609177828063524,1.070139634801289
2018-11-15,2668.17,3.2395,1.2100760456273763,1.3686582469368522,1.1983240223463685,1.0797341307598405,0.8593981895109711,1.1151447661469933,1.7494908350305498,1.6890896921017404,1.0736197636949516
2018-11-16,2679.11,3.2426,1.2110266159695817,1.3693283694627711,1.2011173184357542,1.0797927119998307,0.8654231624520319,1.117706013363029,1.7433808553971486,1.6792907671294315,1.0777765843179377
2018-11-19,2703.512,3.2538,1.211977186311787,1.367988124410933,1.2053072625698322,1.0799684747905278,0.8697690445734527,1.1219376391982183,1.6873727087576376,1.6498939922125049,1.0706229860365197
2018-11-20,2645.855,3.2246,1.211977186311787,1.3669159283694627,1.1950651769087524,1.0800270687449107,0.8483359441109909,1.1247216035634744,1.6598778004073318,1.6253966797817327,1.0148442534908702
2018-11-21,2651.505,3.2267,1.211977186311787,1.368524222431668,1.1964618249534449,1.080085665878323,0.8539658368591951,1.1247216035634744,1.676171079429735,1.6474442609694275,1.0302148227712138
2018-11-22,2645.434,3.2215,1.2129277566539924,1.368524222431668,1.1945996275605213,1.0801442661909373,0.8533732165699105,1.1258351893095766,1.676171079429735,1.6462193953478892,1.0247046186895812
2018-11-23,2579.483,3.1958,1.2129277566539924,1.3657097078228086,1.1843575418994412,1.0802028696829258,0.8273966938895996,1.1256124721603562,1.6608961303462322,1.6290712766463489,0.9679591836734694
2018-11-26,2575.81,3.1927,1.2129277566539924,1.3653076343072572,1.1834264432029793,1.0803786992368622,0.8239397422021058,1.1269487750556793,1.7006109979633401,1.6498939922125049,0.9836197636949517
2018-11-27,2574.679,3.1915,1.2129277566539924,1.36611178133836,1.1824953445065176,1.080437315448073,0.8272979238413855,1.1237193763919824,1.7057026476578412,1.6498939922125049,0.9830397422126744
2018-11-28,2601.737,3.2053,1.2129277566539924,1.3662458058435438,1.1876163873370578,1.0804959348395209,0.8369773885663683,1.1184855233853006,1.758655804480652,1.684190229615586,0.9662191192266381
2018-11-29,2567.443,3.1912,1.2138783269961977,1.3646375117813383,1.1820297951582868,1.0805545574113782,0.8222606513824658,1.1252783964365256,1.7505091649694502,1.6670421109140454,0.9732760472610096
2018-11-30,2588.188,3.2041,1.2138783269961977,1.3657097078228086,1.186219739292365,1.0806131831638173,0.8298659450949523,1.1256124721603562,1.7637474541751528,1.6866399608586633,0.9609022556390977
2018-12-03,2654.798,3.2347,1.2138783269961977,1.3717408105560793,1.1978584729981376,1.0807890795063526,0.8544596871002657,1.1238307349665926,1.7932790224032586,1.7221610638832827,1.0016004296455425
2018-12-04,2665.958,3.2361,1.214828897338403,1.3690603204524034,1.1987895716945995,1.0808477179828457,0.8604846600413264,1.1230512249443205,1.7169042769857434,1.690314557723279,0.9972502685284641
2018-12-05,2649.805,3.2296,1.214828897338403,1.3690603204524034,1.1973929236499068,1.0809063596407835,0.857422788546689,1.1239420935412028,1.7057026476578412,1.6792907671294315,0.993576799140709
2018-12-06,2605.181,3.2047,1.2157794676806082,1.3658437323279924,1.1899441340782122,1.080965004480339,0.8407306503985044,1.1281737193763919,1.7189409368635438,1.6658172452925069,0.9621589688506982
2018-12-07,2605.888,3.2058,1.2157794676806082,1.3691943449575872,1.1927374301675977,1.0810236525016845,0.8370761586145823,1.1301781737193763,1.6670061099796334,1.6498939922125049,0.9956068743286789
2018-12-10,2584.582,3.1928,1.2167300380228137,1.3697304429783224,1.1885474860335195,1.0811996156581887,0.8270016136967431,1.142204899777283,1.6843177189409368,1.6498939922125049,0.9645757250268528
2018-12-11,2594.088,3.1993,1.2167300380228137,1.3738852026390196,1.190409683426443,1.081258276408421,0.830557335432451,1.139532293986637,1.6965376782077393,1.6621426484278912,0.9777228786251343
2018-12-12,2602.153,3.2044,1.2167300380228137,1.3741532516493875,1.1936685288640596,1.0813169403413072,0.8316438059628062,1.136859688195991,1.7118126272912424,1.678065901507893,0.9754027926960257
2018-12-13,2634.049,3.2214,1.2157794676806082,1.3745553251649387,1.1992551210428306,1.0813756074570193,0.8425085112663583,1.1397550111358574,1.7067209775967414,1.6792907671294315,0.9871965628356607
2018-12-14,2593.741,3.2037,1.2157794676806082,1.374421300659755,1.1927374301675977,1.0814342777557298,0.8263102233592443,1.1366369710467705,1.664969450101833,1.656018320320198,0.9669924812030075
2018-12-17,2597.974,3.2036,1.2157794676806082,1.377503864278982,1.1932029795158288,1.0816103077515817,0.8226557315753222,1.1337416481069043,1.6334012219959269,1.6302961422678872,0.9461117078410312
2018-12-18,2576.65,3.1921,1.214828897338403,1.3765656927426955,1.190409683426443,1.0816689907840145,0.8194950900324707,1.14097995545657,1.6425661914460286,1.6253966797817327,0.8963265306122449
2018-12-19,2549.563,3.1822,1.214828897338403,1.376163619227144,1.1866852886405959,1.0817276770003095,0.8100131654039162,1.142316258351893,1.6079429735234216,1.6094734267017308,0.9080236305048336
2018-12-20,2536.268,3.1736,1.2157794676806082,1.3758955702167766,1.1857541899441342,1.0817863664006397,0.8119885663681984,1.1427616926503341,1.5855397148676171,1.595999904864806,0.8780558539205155
2018-12-21,2516.251,3.1625,1.2157794676806082,1.3748233741753064,1.1824953445065176,1.0818450589851776,0.805370973137853,1.1507795100222717,1.5366598778004072,1.57517718929865,0.8683888292158969
2018-12-24,2527.007,3.1666,1.2167300380228137,1.378173986804901,1.184823091247672,1.082021155845766,0.8122848765128408,1.1542316258351892,1.5040733197556009,1.5764020549201883,0.8537916219119227
2018-12-25,2504.819,3.1591,1.2167300380228137,1.378173986804901,1.1815642458100557,1.082079861168863,0.8065562137164223,1.1606904231625834,1.5040733197556009,1.5764020549201883,0.8526315789473684
2018-12-26,2498.294,3.1566,1.2167300380228137,1.3765656927426955,1.1815642458100557,1.0821385696770316,0.803593112269999,1.1639198218262805,1.5885947046843178,1.6045739642155765,0.8808592910848551
2018-12-27,2483.086,3.153,1.2167300380228137,1.3765656927426955,1.180633147113594,1.0821972813704444,0.796382898750369,1.1587973273942094,1.5957230142566192,1.6057988298371149,0.8651020408163266
2018-12-28,2493.896,3.1585,1.217680608365019,1.3738852026390196,1.1824953445065176,1.082255996249275,0.7976669093771523,1.1652561247216036,1.5885947046843178,1.6082485610801922,0.853984962406015
2019-01-02,2465.291,3.1414,1.2195817490494296,1.3734831291234684,1.1755121042830539,1.0825496184307357,0.79016038571288,1.170044543429844,1.6028513238289206,1.5984496361078833,0.8825993555316864
2019-01-03,2464.363,3.1384,1.2205323193916349,1.3787100848256362,1.1727188081936686,1.0826083524257,0.7842341828200335,1.1762806236080179,1.5560081466395113,1.571502592434034,0.8871428571428571
2019-01-04,2514.868,3.1619,1.2214828897338401,1.378173986804901,1.1810986964618249,1.082667089607291,0.7999386204860769,1.1771714922048997,1.6211812627291244,1.6119231579448081,0.911890440386681
2019-01-07,2533.089,3.1663,1.2224334600760456,1.3791121583411874,1.1857541899441342,1.0828433202735577,0.8092230050182033,1.1717149220489977,1.6344195519348268,1.6351956047540417,0.925327604726101
2019-01-08,2526.462,3.1629,1.2233840304182508,1.3784420358152685,1.1857541899441342,1.0829020702033871,0.8088279248253468,1.1662583518930956,1.6466395112016294,1.6462193953478892,0.9326745435016112
2019-01-09,2544.345,3.1752,1.2243346007604563,1.3835349670122525,1.1894785847299814,1.0829608233207084,0.8119885663681984,1.1626948775055679,1.6598778004073318,1.6707167077786615,0.9774328678839959
2019-01-10,2535.099,3.1729,1.2243346007604563,1.3779059377945335,1.1876163873370578,1.0830195796256945,0.8107045557414149,1.1625835189309577,1.6568228105906313,1.6633675140494297,0.9789795918367347
2019-01-11,2553.831,3.1811,1.2243346007604563,1.3764316682375117,1.1899441340782122,1.0830783391185184,0.8146553576699793,1.1597995545657016,1.6466395112016294,1.653568589077121,0.9624489795918367
2019-01-14,2535.765,3.1727,1.2243346007604563,1.3717408105560793,1.1885474860335195,1.0832546367257458,0.8109020958378431,1.1608017817371938,1.624236252545825,1.6302961422678872,0.9442749731471536
2019-01-15,2570.345,3.1952,1.2243346007604563,1.372544957587182,1.1941340782122905,1.0833134089716503,0.8210754108038966,1.1562360801781737,1.6537678207739308,1.6596929171848138,0.9567454350161118
2019-01-16,2570.422,3.1959,1.2243346007604563,1.374421300659755,1.1945996275605213,1.0833721844062574,0.8226557315753222,1.1587973273942094,1.654786150712831,1.6670421109140454,0.9666058002148228
2019-01-17,2559.637,3.1907,1.2252851711026616,1.3748233741753064,1.1936685288640596,1.08343096302974,0.8168282987306897,1.1593541202672604,1.6659877800407332,1.6670421109140454,0.9626423200859291
2019-01-18,2596.006,3.2085,1.2252851711026616,1.3780399622997173,1.1992551210428306,1.0834897448422713,0.8271003837449572,1.1601336302895324,1.6832993890020367,1.684190229615586,0.9892266380236306
2019-01-21,2610.509,3.2137,1.2262357414448668,1.3780399622997173,1.2006517690875234,1.0836661094158873,0.8319401161074487,1.1555679287305123,1.6832993890020367,1.690314557723279,0.9903866809881847
2019-01-22,2579.704,3.1985,1.2262357414448668,1.3836689915174363,1.195996275605214,1.0837249039863435,0.8240385122503199,1.1579064587973273,1.654786150712831,1.674391304643277,0.9733727175080558
2019-01-23,2581.004,3.2004,1.2262357414448668,1.3886278982092366,1.1978584729981376,1.0837837017467133,0.8256188330217455,1.156347438752784,1.6608961303462322,1.6817404983725088,0.972986036519871
2019-01-24,2591.694,3.2052,1.2262357414448668,1.3901021677662582,1.2001862197392923,1.08384250269717,0.8289770146610254,1.1572383073496657,1.6659877800407332,1.6854150952371243,0.9754994629430721
2019-01-25,2601.723,3.2153,1.2262357414448668,1.3957311969839774,1.202513966480447,1.0839013068378869,0.8307548755288793,1.1562360801781737,1.689409368635438,1.7074626764248193,0.985843179377014
2019-01-28,2596.977,3.217,1.2262357414448668,1.3891639962299718,1.2029795158286778,1.0840777384033282,0.827791774082456,1.1645879732739421,1.6568228105906313,1.6854150952371243,0.9513319011815252
2019-01-29,2594.254,3.2238,1.2262357414448668,1.3880918001885014,1.205772811918063,1.084136555306816,0.8222606513824658,1.170601336302895,1.639511201629328,1.675616170264816,0.9709559613319012
2019-01-30,2575.576,3.2156,1.2262357414448668,1.3886278982092366,1.202513966480447,1.0841953754014293,0.8145565876217652,1.1740534521158128,1.680244399185336,1.6890896921017404,0.9875832438238454
2019-01-31,2584.572,3.2283,1.2262357414448668,1.3866175306314796,1.2048417132216014,1.0842541986873413,0.8133713470431959,1.1740534521158128,1.694501018329939,1.7013383483171265,0.9835230934479056
2019-02-01,2618.232,3.2424,1.227186311787072,1.3902361922714421,1.2104283054003724,1.0843130251647248,0.8269028436485291,1.1768374164810689,1.689409368635438,1.7074626764248193,0.9952201933404942
2019-02-11,2653.896,3.2605,1.2290874524714828,1.400958152686145,1.2174115456238361,1.08490146550761,0.8443851421824264,1.1768374164810689,1.7067209775967414,1.7356345857202076,0.9638990332975296
2019-02-12,2671.894,3.2665,1.2290874524714828,1.406855230914232,1.2202048417132216,1.0849603271026136,0.853867066810981,1.178173719376392,1.7372708757637474,1.749108107557132,0.9854564983888293
2019-02-13,2721.068,3.286,1.2290874524714828,1.4075253534401508,1.226722532588454,1.0850191918911676,0.8649293122109614,1.1753897550111359,1.735234215885947,1.7564573012863638,0.9986036519871105
2019-02-14,2719.7,3.2871,1.2290874524714828,1.4091336475023561,1.226722532588454,1.085078059873445,0.8686825740430975,1.173162583518931,1.7382892057026478,1.7576821669079026,1.0051772287862515
2019-02-15,2682.385,3.2623,1.2300380228136882,1.407391328934967,1.2188081936685287,1.0851369310496193,0.8628551411984651,1.1806236080178174,1.7433808553971486,1.7417589138279006,1.0271213748657357
2019-02-18,2754.357,3.2983,1.2300380228136882,1.407391328934967,1.2309124767225326,1.0853135637432565,0.8891279740234183,1.1870824053452116,1.7433808553971486,1.758907032529441,1.0320515574650915
2019-02-19,2755.646,3.2957,1.2300380228136882,1.416370970782281,1.2299813780260707,1.0853724476967508,0.8878439633966348,1.1899777282850779,1.7464358452138493,1.758907032529441,1.0324382384532762
2019-02-20,2761.219,3.3,1.2300380228136882,1.414360603204524,1.2309124767225326,1.0854313348450086,0.8890292039752041,1.1967706013363029,1.7433808553971486,1.7625816293940568,1.043361976369495
2019-02-21,2751.801,3.2933,1.2300380228136882,1.4087315739868047,1.2276536312849162,1.0854902251882035,0.8846833218537834,1.1903118040089087,1.7291242362525459,1.7540075700432864,1.035918367346939
2019-02-22,2804.226,3.3149,1.2300380228136882,1.4076593779453346,1.2337057728119178,1.085549118726508,0.89614064744662,1.1829621380846325,1.740325865580448,1.7883038074463677,1.039591836734694
2019-02-25,2961.283,3.3855,1.2290874524714828,1.4127523091423186,1.255586592178771,1.0857258185138152,0.9316978648036998,1.180400890868597,1.7454175152749491,1.8164757167417558,1.0065306122448978
2019-02-26,2941.516,3.3656,1.2290874524714828,1.4088655984919887,1.2523277467411544,1.0857847248342936,0.929228613598347,1.179064587973274,1.7423625254582487,1.8017773292832926,1.0115574650912997
2019-02-27,2953.824,3.364,1.2281368821292775,1.4055149858623939,1.2513966480446927,1.0858436343507485,0.9281421430679917,1.1785077951002227,1.7382892057026478,1.7956530011755991,1.0304081632653062
2019-02-28,2940.954,3.3628,1.2281368821292775,1.407391328934967,1.2509310986964617,1.0859025470633539,0.9336732657679819,1.1710467706013363,1.735234215885947,1.8005524636617536,1.029924812030075
2019-03-01,2994.005,3.3902,1.2281368821292775,1.4089996229971724,1.2588454376163873,1.085961462972283,0.9428588802518941,1.1649220489977727,1.7494908350305498,1.8140259854986784,1.0110741138560688
2019-03-04,3027.576,3.4098,1.2281368821292775,1.4131543826578699,1.2658286778398509,1.0861382298787463,0.9554026763750861,1.149554565701559,1.7515274949083504,1.8213751792279103,1.022094522019334
2019-03-05,3054.247,3.4186,1.227186311787072,1.413690480678605,1.271880819366853,1.0861971585747041,0.9699218734625602,1.143986636971047,1.7515274949083504,1.8287243729571419,1.0228678839957035
2019-03-06,3102.099,3.4287,1.227186311787072,1.4170410933081996,1.277467411545624,1.0862560904678529,0.9817742792482534,1.1507795100222717,1.7423625254582487,1.8262746417140647,1.0176476906552094
2019-03-07,3106.418,3.4114,1.2281368821292775,1.4189174363807728,1.2746741154562382,1.086315025558366,0.9828607497786087,1.1461024498886412,1.7240325865580448,1.8005524636617536,1.0248979591836735
2019-03-08,2969.861,3.3593,1.2290874524714828,1.4181132893496702,1.2527932960893853,1.0863739638464167,0.9477973826625996,1.1556792873051225,1.725050916496945,1.7944281355540608,1.014360902255639
2019-03-11,3026.993,3.3846,1.2290874524714828,1.4210618284637135,1.2639664804469273,1.086550797897531,0.9789099478500443,1.1599109131403118,1.758655804480652,1.8348487010648349,1.0277013963480128
2019-03-12,3060.307,3.3972,1.2290874524714828,1.4238763430725732,1.2695530726256983,1.086609748977468,0.991157433828594,1.1571269487750555,1.7647657841140532,1.8385232979294504,1.0311815252416756
2019-03-13,3026.951,3.3831,1.2290874524714828,1.4215979264844485,1.2648975791433892,1.0866687032558102,0.9791074879464725,1.1651447661469934,1.7780040733197555,1.8287243729571419,1.0468421052631578
2019-03-14,2990.685,3.3746,1.2290874524714828,1.4181132893496702,1.2574487895716946,1.0867276607327312,0.9662673816786381,1.1625835189309577,1.7718940936863543,1.8177005823632943,1.0472287862513425
2019-03-15,3021.751,3.3928,1.2290874524714828,1.4244124410933081,1.2672253258845436,1.0867866214084045,0.9806878087178983,1.162806236080178,1.791242362525458,1.8348487010648349,1.0467454350161116
2019-03-18,3096.418,3.4301,1.2290874524714828,1.4278970782280866,1.2825884543761636,1.0869635226296748,1.0081458821214209,1.1629175946547885,1.7932790224032586,1.8532216853879138,1.0529323308270677
2019-03-19,3090.975,3.4239,1.2290874524714828,1.4288352497643733,1.28072625698324,1.0870224961020931,1.0092323526517761,1.1665924276169266,1.7973523421588593,1.8605708791171454,1.0513856068743286
2019-03-20,3090.64,3.4256,1.2300380228136882,1.430175494816211,1.281657355679702,1.087081472774132,1.0106151333267737,1.1643652561247217,1.805498981670061,1.8605708791171454,1.0644360902255638
2019-03-21,3101.455,3.4261,1.2300380228136882,1.4274950047125352,1.2830540037243947,1.0871404526459645,1.0145659352553378,1.1717149220489977,1.8238289205702647,1.8679200728463772,1.0573791621911923
2019-03-22,3104.149,3.4261,1.2300380228136882,1.4317837888784166,1.2853817504655494,1.0871994357177643,1.021677378726754,1.171826280623608,1.7892057026476578,1.8470973572802207,1.0403651987110634
2019-03-25,3043.031,3.3929,1.2309885931558935,1.4351344015080112,1.276070763500931,1.0873764041347047,1.0113065236642724,1.174610244988864,1.791242362525458,1.8458724916586822,1.047518796992481
2019-03-26,2997.095,3.3779,1.231939163498099,1.43473232799246,1.2686219739292364,1.0874354000081103,0.9950094657089443,1.1766146993318485,1.7973523421588593,1.8434227604156048,1.0579591836734694
2019-03-27,3022.72,3.3931,1.231939163498099,1.4368767200754007,1.276070763500931,1.0874943990823516,1.0124917642428415,1.1743875278396436,1.7902240325865582,1.8458724916586822,1.052545649838883
2019-03-28,2994.943,3.3875,1.231939163498099,1.4414335532516493,1.2704841713221602,1.0875534013576023,1.0012319787464332,1.171826280623608,1.7963340122199594,1.8568962822525297,1.0512889366272824
2019-03-29,3090.758,3.4384,1.232889733840304,1.4439800188501413,1.286312849162011,1.0876124068340358,1.0287888221981698,1.1497772828507795,1.8116089613034623,1.8936422508986879,1.0648227712137486
2019-04-01,3170.361,3.4745,1.232889733840304,1.4414335532516493,1.3030726256983238,1.0877894424721706,1.06316079897668,1.1532293986636972,1.829938900203666,1.9144649664648443,1.0813533834586466
2019-04-02,3176.823,3.4739,1.232889733840304,1.4411655042412816,1.3035381750465547,1.0878484607550727,1.0660251303748893,1.1514476614699332,1.8340122199592668,1.9156898320863829,1.0924704618689582
2019-04-03,3216.295,3.4924,1.232889733840304,1.442371724787936,1.3114525139664805,1.087907482240026,1.0778775361605824,1.1535634743875278,1.845213849287169,1.9230390258156145,1.0921804511278195
2019-04-04,3246.571,3.5083,1.232889733840304,1.4400933081998115,1.3189013035381751,1.0879665069272046,1.0858779100659253,1.1561247216035635,1.8411405295315684,1.9095655039786896,1.089860365198711
2019-04-08,3244.81,3.5091,1.232889733840304,1.441701602262017,1.3254189944134078,1.0882026377016452,1.0920016530552001,1.1597995545657016,1.8584521384928716,1.9193644289509988,1.1158646616541354
2019-04-09,3239.664,3.5143,1.231939163498099,1.4412995287464654,1.324487895716946,1.0882616784025556,1.0940758240676964,1.1606904231625834,1.84928716904277,1.9254887570586918,1.1117078410311492
2019-04-10,3241.93,3.518,1.231939163498099,1.4404953817153627,1.3263500931098697,1.088320722306734,1.0961499950801927,1.1658129175946548,1.8584521384928716,1.9316130851663846,1.1208915145005371
2019-04-11,3189.962,3.4867,1.231939163498099,1.4402273327049953,1.3175046554934822,1.0883797694143538,1.0754082849552298,1.1661469933184854,1.854378818737271,1.9156898320863829,1.1138345864661654
2019-04-12,3188.626,3.4826,1.231939163498099,1.443443920829406,1.3156424581005586,1.0884388197255885,1.0743218144248745,1.156458797327394,1.8655804480651732,1.9291633539233075,1.1213748657357678
2019-04-15,3177.787,3.4793,1.231939163498099,1.441701602262017,1.3100558659217876,1.0886159898827237,1.065926360326675,1.1507795100222717,1.8625254582484725,1.9132401008433055,1.1134479054779807
2019-04-16,3253.598,3.5185,1.2309885931558935,1.441701602262017,1.318435754189944,1.088675053010158,1.087458230837351,1.1503340757238305,1.8676171079429735,1.9279384883017692,1.1189581095596133
2019-04-17,3263.118,3.5181,1.2309885931558935,1.4438459943449575,1.3202979515828677,1.088734119342077,1.0907176424284168,1.1437639198218261,1.873727087576375,1.9303882195448463,1.1192481203007518
2019-04-18,3250.201,3.5129,1.2309885931558935,1.43969123468426,1.3142458100558658,1.0887931888786542,1.090223792187346,1.1396436525612472,1.870672097759674,1.9254887570586918,1.1158646616541354
2019-04-19,3270.797,3.5303,1.2309885931558935,1.43969123468426,1.3170391061452513,1.0888522616200635,1.0983229361409035,1.143318485523385,1.873727087576375,1.9291633539233075,1.1179914070891515
2019-04-22,3215.043,3.4952,1.231939163498099,1.43969123468426,1.3044692737430168,1.0890294990750238,1.0881496211748498,1.1453229398663696,1.8788187372708758,1.9316130851663846,1.129591836734694
2019-04-23,3198.594,3.4933,1.231939163498099,1.4442480678605087,1.3007448789571694,1.089088584637501,1.0802480173177211,1.1415367483296213,1.9022403258655807,1.949986069489464,1.1516326530612244
2019-04-24,3201.614,3.4969,1.231939163498099,1.448000754005655,1.3058659217877095,1.0891476734056798,1.0917053429105579,1.1387527839643652,1.89918533604888,1.9548855319756184,1.151342642320086
2019-04-25,3123.826,3.4666,1.231939163498099,1.449206974552309,1.2905027932960893,1.089206765379734,1.062370638590967,1.1451002227171492,1.9093686354378818,1.9450866070033095,1.1499892588614393
2019-04-26,3086.399,3.4481,1.231939163498099,1.4496090480678603,1.2825884543761636,1.0892658605598378,1.0501231526124175,1.1487750556792873,1.9114052953156824,1.9573352632186958,1.1135445757250269
2019-04-29,3062.499,3.454,1.231939163498099,1.451217342130066,1.281191806331471,1.0894431653381862,1.0287888221981698,1.1468819599109132,1.9144602851323829,1.9671341881910045,1.1190547798066595
2019-04-30,3078.339,3.4583,1.231939163498099,1.4514853911404335,1.2881750465549346,1.089502273344228,1.0408387680802913,1.1482182628062358,1.9002036659877801,1.9597849944617727,1.1269817400644468
2019-05-06,2906.464,3.3807,1.2338403041825095,1.4545679547596606,1.2569832402234637,1.0898569887318739,0.983157059923251,1.153118040089087,1.9052953156822812,1.924263891437153,1.1113211600429644
2019-05-07,2926.391,3.3935,1.2347908745247147,1.4603310084825636,1.2635009310986964,1.089916119190005,0.9999479681196497,1.151781737193764,1.8767820773930755,1.9071157727356125,1.092857142857143
2019-05-08,2893.757,3.3754,1.2347908745247147,1.4615372290292177,1.2560521415270018,1.089975252856274,0.992243904358949,1.155456570155902,1.870672097759674,1.902216310249458,1.1035875402792696
2019-05-09,2850.954,3.3524,1.2357414448669202,1.4628774740810555,1.2476722532588453,1.0900343897308542,0.9797001082357571,1.1589086859688196,1.8645621181262728,1.8850681915479175,1.0974006444683135
2019-05-10,2939.211,3.3968,1.2357414448669202,1.4685065032987745,1.2621042830540037,1.0900935298139203,1.007454491783922,1.1582405345211582,1.8727087576374746,1.9132401008433055,1.1081310418904404
2019-05-13,2903.713,3.3747,1.2366920152091254,1.4685065032987745,1.2574487895716946,1.0902709693157726,1.002911069566073,1.1653674832962138,1.810590631364562,1.8679200728463772,1.1046509129967776
2019-05-14,2883.611,3.3668,1.2366920152091254,1.4762799245994345,1.25512104283054,1.090330122234522,0.9964910164321558,1.180400890868597,1.840122199592668,1.8924173852771493,1.1222448979591837
2019-05-15,2938.678,3.396,1.2376425855513309,1.4817749293119697,1.2648975791433892,1.0903892783626274,1.0194056676178294,1.1760579064587973,1.8727087576374746,1.9291633539233075,1.1359720730397422
2019-05-16,2955.711,3.4013,1.2376425855513309,1.4832491988689915,1.2681564245810055,1.090448437700263,1.0273072714749583,1.1806236080178174,1.8930753564154785,1.9352876820310008,1.1507626208378088
2019-05-17,2882.296,3.3677,1.238593155893536,1.4863317624882186,1.2532588454376163,1.090507600247603,1.002022139132146,1.177616926503341,1.8798370672097762,1.902216310249458,1.1470891514500539
2019-05-20,2870.605,3.3569,1.238593155893536,1.488610179076343,1.2481378026070764,1.090685107149591,0.9901697333464528,1.1741648106904232,1.8523421588594704,1.8642454759817615,1.1514393125671323
2019-05-21,2905.969,3.374,1.238593155893536,1.4882081055607919,1.2574487895716946,1.09074428253749,1.0060717111089246,1.1717149220489977,1.870672097759674,1.881393594683302,1.1487325456498387
2019-05-22,2891.705,3.3675,1.238593155893536,1.4883421300659756,1.25512104283054,1.0908034611359645,1.0014295188428615,1.1707126948775055,1.8635437881873729,1.8764941321971473,1.123501611170784
2019-05-23,2852.515,3.346,1.238593155893536,1.4891462770970783,1.2481378026070764,1.090862642945188,0.9811816589589688,1.171826280623608,1.8370672097759675,1.8409730291725277,1.0704296455424274
2019-05-24,2852.995,3.3495,1.238593155893536,1.4895483506126295,1.2481378026070764,1.0909218279653352,0.979502568139329,1.1795100222717148,1.8350305498981672,1.8385232979294504,1.0791299677765844
2019-05-27,2892.378,3.3653,1.238593155893536,1.4895483506126295,1.2546554934823089,1.0910994022930602,0.9959971661910852,1.1788418708240533,1.8350305498981672,1.8421978947940663,1.0780665950590762
2019-05-28,2909.911,3.3768,1.238593155893536,1.4888782280867106,1.2588454376163873,1.0911586001586437,0.9977750270589393,1.1792873051224944,1.828920570264766,1.8556714166309909,1.089280343716434
2019-05-29,2914.696,3.3744,1.238593155893536,1.4890122525918945,1.2569832402234637,1.091217801236022,0.9964910164321558,1.179955456570156,1.814663951120163,1.8434227604156048,1.0801933404940924
2019-05-30,2905.805,3.3675,1.238593155893536,1.4887442035815268,1.2565176908752327,1.0912770055253695,0.9931328347928762,1.1738307349665924,1.8217922606924644,1.8458724916586822,1.0553490870032223
2019-05-31,2898.696,3.3636,1.2395437262357414,1.488610179076343,1.2569832402234637,1.09133621302686,0.9910586637803799,1.1884187082405344,1.7942973523421588,1.8323989698217575,1.0088506981740066
2019-06-03,2890.081,3.3644,1.2395437262357414,1.488074081055608,1.2527932960893853,1.0915138548059338,0.98049026862147,1.2034521158129177,1.7566191446028514,1.8066767917694468,0.9870998925886143
2019-06-04,2862.28,3.3526,1.2404942965779466,1.4868678605089538,1.2481378026070764,1.0915730751577404,0.9702181836072026,1.2160356347438754,1.7993890020366599,1.8238249104709874,0.9960902255639098
2019-06-05,2861.418,3.3519,1.2404942965779466,1.488074081055608,1.2472067039106143,1.0916322987225613,0.9682427826429203,1.221826280623608,1.8136456211812626,1.827499507335603,0.9674758324382384
2019-06-06,2827.798,3.3417,1.2404942965779466,1.4884761545711593,1.2411545623836127,1.0916915255005712,0.9533285053625897,1.2236080178173718,1.8279022403258656,1.827499507335603,0.9834264232008594
2019-06-10,2852.13,3.3579,1.2404942965779466,1.4878060320452404,1.2462756052141526,1.0919284647479888,0.963403050280429,1.2212694877505568,1.8808553971486761,1.8789438634402247,1.0017937701396349
2019-06-11,2925.716,3.3966,1.2404942965779466,1.4890122525918945,1.260707635009311,1.0919877075945592,0.9936266850339467,1.2143652561247216,1.8839103869653768,1.899766579006381,1.0025671321160041
2019-06-12,2909.38,3.3866,1.2404942965779466,1.4890122525918945,1.2560521415270018,1.0920469536553645,0.985922621273246,1.224610244988864,1.874745417515275,1.8862930571694565,0.9695059076262083
2019-06-13,2910.741,3.3853,1.2404942965779466,1.4895483506126295,1.255586592178771,1.09210620293058,0.9877992521893142,1.2279510022271716,1.8839103869653768,1.8887427884125334,0.985843179377014
2019-06-14,2881.974,3.3755,1.2404942965779466,1.4895483506126295,1.2504655493482308,1.0921654554203788,0.9726874348125554,1.246325167037862,1.8757637474541753,1.880168729061763,0.9893233082706768
2019-06-17,2887.622,3.377,1.241444866920152,1.4896823751178132,1.2504655493482308,1.0923432321790238,0.9742677555839812,1.2325167037861915,1.8869653767820773,1.881393594683302,0.9799462943071966
2019-06-18,2890.158,3.3808,1.241444866920152,1.4896823751178132,1.2504655493482308,1.092402497528903,0.9746628357768375,1.2407572383073497,1.9134419551934827,1.9058909071140742,1.0065306122448978
2019-06-19,2917.803,3.4,1.241444866920152,1.4896823751178132,1.2546554934823089,1.0924617660942382,0.9845398405982486,1.2354120267260578,1.919551934826884,1.9267136226802302,1.0063372717508055
2019-06-20,2987.119,3.4404,1.2423954372623573,1.4883421300659756,1.2639664804469273,1.0925210378752037,1.0042938502410705,1.2609131403118041,1.9338085539714869,1.9524358007325413,1.0465520945220192
2019-06-21,3001.98,3.442,1.2423954372623573,1.4840533459000942,1.26536312849162,1.0925803128719747,1.0138745449178392,1.2716035634743874,1.9226069246435844,1.943861741381771,1.053029001074114
2019-06-24,3008.148,3.4441,1.2433460076045628,1.483517247879359,1.2672253258845436,1.0927581571588616,1.0168376463642625,1.2807349665924275,1.9215885947046845,1.9450866070033095,1.0486788399570355
2019-06-25,2982.074,3.4301,1.2433460076045628,1.484857492931197,1.2611731843575418,1.092817445020597,1.0078495719767784,1.3061247216035634,1.8930753564154785,1.9169146977079214,1.0578625134264232
2019-06-26,2976.284,3.4282,1.2442965779467678,1.4894143261074457,1.2616387337057726,1.09287673609901,1.010121283085703,1.2860801781737194,1.904276985743381,1.936512547652539,1.0800966702470463
2019-06-27,2996.793,3.4446,1.2442965779467678,1.4895483506126295,1.2648975791433892,1.092936030394275,1.0220724589196102,1.2831848552338532,1.9134419551934827,1.9561103975971568,1.0798066595059077
2019-06-28,2978.878,3.4426,1.2442965779467678,1.4894143261074457,1.2616387337057726,1.0929953279065667,1.0152573255928368,1.2855233853006682,1.9164969450101832,1.9573352632186958,1.067626208378088
2019-07-01,3044.903,3.4822,1.2452471482889733,1.4894143261074457,1.271880819366853,1.093173239747346,1.0419252386106463,1.2579064587973272,1.9378818737270875,1.9940812318648538,1.075843179377014
2019-07-02,3043.943,3.4807,1.2461977186311786,1.4844554194156454,1.2742085661080074,1.0932325501294893,1.0461723506838532,1.265924276169265,1.939918533604888,2.0014304255940853,1.033501611170784
2019-07-03,3015.263,3.466,1.247148288973384,1.486599811498586,1.2732774674115455,1.0932918637295317,1.0409375381285053,1.2998886414253896,1.9572301425661913,1.9928563662433152,1.0403651987110634
2019-07-04,3005.249,3.4612,1.2480988593155893,1.486599811498586,1.2723463687150838,1.0933511805476481,1.038073206730296,1.2883073496659243,1.9572301425661913,1.9867320381356222,1.0439419978517723
2019-07-05,3011.059,3.4706,1.247148288973384,1.491826767200754,1.2742085661080074,1.0934105005840131,1.0443944898159991,1.29086859688196,1.9541751527494908,1.9867320381356222,1.0528356605800215
2019-07-08,2933.363,3.4381,1.247148288973384,1.4954454288407162,1.2616387337057726,1.093588480004345,1.0220724589196102,1.283630289532294,1.9460285132382893,1.9597849944617727,1.0593125671321162
2019-07-09,2928.23,3.4355,1.2480988593155893,1.4950433553251647,1.2635009310986964,1.0936478129154503,1.024442940076749,1.2738307349665923,1.955193482688391,1.9695839194340816,1.061922663802363
2019-07-10,2915.302,3.4333,1.2480988593155893,1.496249575871819,1.2593109869646182,1.093707149045677,1.0195044376660436,1.2723830734966592,1.9725050916496947,1.9769331131633134,1.0969172932330828
2019-07-11,2917.761,3.4353,1.2480988593155893,1.4939711592836946,1.2588454376163873,1.0937664883951999,1.0199982879071139,1.2934298440979954,1.9663951120162935,1.9744833819202363,1.1009774436090225
2019-07-12,2930.546,3.4473,1.2480988593155893,1.4935690857681434,1.2616387337057726,1.093825830964194,1.0266158811374595,1.2858574610244988,1.9765784114052953,1.9806077100279291,1.0978839957035444
2019-07-15,2942.185,3.4542,1.2480988593155893,1.4941051837888784,1.26536312849162,1.0940038779897485,1.0322457738856636,1.2874164810690423,1.9826883910386965,1.9940812318648538,1.0873469387755101
2019-07-16,2937.617,3.449,1.2480988593155893,1.4954454288407162,1.2648975791433892,1.0940632334383733,1.0301716028731673,1.2888641425389755,1.974541751527495,1.981832575649468,1.0741031149301825
2019-07-17,2931.693,3.4478,1.2490494296577948,1.4955794533459,1.2648975791433892,1.0941225921073423,1.0278998917642428,1.2824053452115811,1.9684317718940938,1.9781579787848518,1.046262083780881
2019-07-18,2901.177,3.4358,1.2490494296577948,1.494373232799246,1.2579143389199254,1.0941819539968305,1.0152573255928368,1.2937639198218263,1.969450101832994,1.9671341881910045,1.0243179377013965
2019-07-19,2924.201,3.4507,1.2490494296577948,1.4922288407163053,1.2635009310986964,1.0942413191070126,1.0193068975696153,1.3097995545657015,1.9501018329938902,1.9646844569479271,1.0296348012889365
2019-07-22,2886.974,3.4457,1.25,1.4951773798303487,1.2593109869646182,1.0944194337634694,1.002713529469645,1.3015590200445435,1.969450101832994,1.9744833819202363,1.0382384532760474
2019-07-23,2899.945,3.4495,1.25,1.4971877474081055,1.2616387337057726,1.0944788117581747,1.0070594115910656,1.2934298440979954,1.9826883910386965,1.9928563662433152,1.0455853920515574
2019-07-24,2923.278,3.46,1.25,1.4973217719132894,1.26536312849162,1.0945381929744473,1.015356095641051,1.297772828507795,1.9969450101832995,2.012454216187933,1.0427819548872181
2019-07-25,2937.36,3.4703,1.25,1.4955794533459,1.266294227188082,1.0945975774124626,1.0193068975696153,1.2981069042316258,1.974541751527495,1.9977558287294694,1.0382384532760474
2019-07-26,2944.541,3.473,1.2509505703422052,1.4978578699340244,1.2681564245810055,1.094656965072395,1.0205909081963989,1.2946547884187083,1.9969450101832995,2.0014304255940853,1.0396885069817399
2019-07-29,2941.007,3.4711,1.25,1.498930065975495,1.2672253258845436,1.0948351473854439,1.0201958280035421,1.295879732739421,1.9908350305498983,1.9928563662433152,1.046262083780881
2019-07-30,2952.338,3.4771,1.2509505703422052,1.4993321394910462,1.2700186219739293,1.0948945479347933,1.0247392502213915,1.3012249443207127,1.9837067209775967,1.9867320381356222,1.0625026852846402
2019-07-31,2932.506,3.4636,1.2519011406844105,1.4977238454288406,1.26536312849162,1.0949539517069342,1.018319197087474,1.3071269487750556,1.9582484725050917,1.965909322569466,1.0674328678839957
2019-08-01,2908.766,3.4513,1.252851711026616,1.4978578699340244,1.2616387337057726,1.0950133587020414,1.0131831545803405,1.2884187082405345,1.9501018329938902,1.9548855319756184,1.0264446831364125
2019-08-02,2867.838,3.4301,1.2547528517110267,1.4970537229029217,1.2537243947858472,1.0950727689202895,0.9993553478303651,1.317260579064588,1.9256619144602851,1.9267136226802302,1.022481203007519
2019-08-05,2821.496,3.4045,1.2566539923954372,1.4958475023562678,1.2448789571694598,1.0952510189156295,0.9851324608875331,1.3551224944320714,1.8665987780040734,1.8715946697109929,1.0128141783029
2019-08-06,2777.556,3.3924,1.2566539923954372,1.5012084825636194,1.2364990689013036,1.095310442028191,0.9687366328839909,1.3608017817371938,1.9032586558044806,1.8887427884125334,1.0043071965628356
2019-08-07,2768.68,3.3864,1.2566539923954372,1.50831178133836,1.2360335195530725,1.0953698683647677,0.9643907507625702,1.3887527839643654,1.9185336048879835,1.9046660414925352,0.9684425349087004
2019-08-08,2794.552,3.4033,1.2576045627376424,1.5095180018850143,1.2402234636871508,1.0954292979255351,0.970514493751845,1.4012249443207125,1.9613034623217922,1.9414120101386936,0.9831364124597206
2019-08-09,2774.753,3.3911,1.258555133079848,1.5120644674835062,1.2351024208566108,1.0954887307106678,0.9613288792679328,1.4012249443207125,1.9460285132382893,1.9267136226802302,1.0057572502685284
2019-08-12,2814.994,3.4153,1.258555133079848,1.5119304429783225,1.2425512104283054,1.095667048414008,0.9769345468857621,1.3926503340757237,1.9276985743380857,1.9254887570586918,1.0093340494092373
2019-08-13,2797.26,3.4015,1.2595057034220531,1.5150130065975496,1.2383612662942272,1.0957264940983518,0.9718972744268425,1.426837416481069,1.9704684317718941,1.946311472624848,1.0548657357679914
2019-08-14,2808.915,3.4077,1.2604562737642586,1.5116623939679545,1.2406890130353816,1.0957859430079357,0.9778234773196891,1.3943207126948776,1.9134419551934827,1.921814160194076,1.0164876476906552
2019-08-15,2815.798,3.4134,1.2604562737642586,1.5095180018850143,1.2425512104283054,1.095845395142935,0.9814779691036112,1.4054565701559019,1.910386965376782,1.9303882195448463,1.0074006444683137
2019-08-16,2823.824,3.4191,1.2604562737642586,1.5112603204524033,1.2430167597765363,1.0959048505035243,0.9894783430089541,1.4097995545657016,1.940936863543788,1.9610098600833115,1.0113641245972074
2019-08-19,2883.096,3.4486,1.2604562737642586,1.5148789820923658,1.2527932960893853,1.0960832359405832,1.0115040637607007,1.4038975501113584,1.969450101832994,1.9867320381356222,1.0288614393125672
2019-08-20,2880.001,3.4474,1.2604562737642586,1.5164872761545711,1.2527932960893853,1.0961427042052834,1.0114052937124864,1.3991091314031179,1.9582484725050917,1.981832575649468,1.0312781954887218
2019-08-21,2880.331,3.4471,1.2604562737642586,1.51715739868049,1.2518621973929236,1.0962021756964488,1.0096274328446324,1.3971046770601336,1.974541751527495,1.9879569037571607,1.0399785177228786
2019-08-22,2883.436,3.4516,1.2604562737642586,1.5198378887841657,1.2518621973929236,1.0962616504142544,1.0129856144839122,1.4021158129175948,1.969450101832994,1.9867320381356222,1.0300214822771212
2019-08-23,2897.425,3.4626,1.2604562737642586,1.5201059377945336,1.2532588454376163,1.0963211283588754,1.0147634753517663,1.3987750556792873,1.9144602851323829,1.9610098600833115,1.0081740064446831
2019-08-26,2863.567,3.444,1.2604562737642586,1.520373986804901,1.2481378026070764,1.0964995815553822,1.0104175932303452,1.447327394209354,1.939918533604888,1.972033650677159,1.0062406015037593
2019-08-27,2902.193,3.461,1.2604562737642586,1.5233225259189445,1.25512104283054,1.0965590724090157,1.0245417101249632,1.4503340757238308,1.943991853360489,1.981832575649468,1.0197744360902254
2019-08-28,2893.756,3.4547,1.2604562737642586,1.5239926484448634,1.255586592178771,1.09661856649034,1.0250355603660337,1.4564587973273941,1.9501018329938902,1.981832575649468,1.04374865735768
2019-08-29,2890.919,3.45,1.2595057034220531,1.5250648444863335,1.2527932960893853,1.0966780637995304,1.0209859883892551,1.4632516703786191,1.9775967413441955,2.0063298880802396,1.0501288936627282
2019-08-30,2886.237,3.4526,1.2595057034220531,1.525600942507069,1.2504655493482308,1.0967375643367618,1.0115040637607007,1.4446547884187082,1.974541751527495,2.0075547537017786,1.025671321160043
2019-09-02,2924.106,3.4716,1.2595057034220531,1.525600942507069,1.2588454376163873,1.096916085318454,1.0278998917642428,1.4399777282850779,1.974541751527495,2.012454216187933,1.0223845327604728
2019-09-03,2930.154,3.4723,1.2595057034220531,1.5254669180018852,1.2588454376163873,1.0969755987696013,1.0317519236445931,1.448663697104677,1.955193482688391,1.9965309631079309,1.0056605800214824
2019-09-04,2957.412,3.4847,1.2595057034220531,1.524796795475966,1.2648975791433892,1.0970351154496656,1.0375793564892255,1.4560133630289533,1.9816700610997964,2.0149039474310104,1.0511922663802362
2019-09-05,2985.865,3.4991,1.2614068441064639,1.526673138548539,1.2681564245810055,1.0970946353588218,1.040641227983863,1.4601336302895322,2.016293279022403,2.046750453591014,1.060955961331901
2019-09-06,2999.601,3.5083,1.2614068441064639,1.5258689915174364,1.2714152700186219,1.0971541584972453,1.0452834202499262,1.423162583518931,2.013238289205703,2.044300722347937,1.0545757250268528
2019-09-09,3024.739,3.5162,1.2614068441064639,1.528683506126296,1.2746741154562382,1.0973327472898715,1.0562468956016924,1.420378619153675,2.0081466395112018,2.0357266629971664,1.0833834586466167
2019-09-10,3021.202,3.5117,1.2614068441064639,1.5314980207351556,1.2728119180633146,1.0973922833471161,1.0606915477713275,1.400890868596882,2.0040733197556007,2.0136790818094714,1.0837701396348012
2019-09-11,3008.812,3.5003,1.2614068441064639,1.531766069745523,1.2704841713221602,1.0974518226345045,1.0518022434320575,1.4035634743875278,2.0213849287169046,2.0161288130525485,1.0604726100966702
2019-09-12,3031.235,3.5157,1.2614068441064639,1.53377643732328,1.2737430167597765,1.0975113651522108,1.0558518154088359,1.406013363028953,2.029531568228106,2.0308272005110117,1.0317615467239527
2019-09-16,3030.754,3.5102,1.2614068441064639,1.5319000942507068,1.2737430167597765,1.0977495675297297,1.0546665748302668,1.4048997772828509,2.0081466395112018,2.024702872403319,1.1388721804511277
2019-09-17,2978.118,3.4865,1.2614068441064639,1.5335083883129126,1.26536312849162,1.0978091262016587,1.037875666633868,1.401893095768374,2.018329938900204,2.0320520661325507,1.1007841031149301
2019-09-18,2985.659,3.4933,1.2614068441064639,1.5332403393025447,1.2681564245810055,1.0978686881049582,1.0451846502017121,1.4065701559020043,2.018329938900204,2.0394012598617826,1.0849301825993556
2019-09-19,2999.279,3.497,1.2614068441064639,1.5327042412818095,1.2686219739292364,1.0979282532398031,1.0530862540588408,1.401336302895323,2.0213849287169046,2.046750453591014,1.0943071965628355
2019-09-20,3006.447,3.4997,1.2614068441064639,1.5328382657869932,1.2700186219739293,1.097987821606369,1.0566419757945489,1.407683741648107,2.0030549898167007,2.0430758567263982,1.0980773361976368
2019-09-23,2977.077,3.4827,1.2623574144486691,1.5329722902921772,1.2635009310986964,1.0981665460981467,1.0444932598642134,1.4222717149220487,2.0020366598778003,2.0283774692679346,1.0946938775510204
2019-09-24,2985.341,3.4877,1.2623574144486691,1.53377643732328,1.2639664804469273,1.09822612739335,1.048444061792778,1.4273942093541203,1.9755600814663952,2.002655291215624,1.0759398496240602
2019-09-25,2955.433,3.4768,1.2623574144486691,1.5335083883129126,1.2579143389199254,1.0982857119211513,1.0370855062481552,1.43630289532294,1.9979633401221997,2.0136790818094714,1.0598925886143933
2019-09-26,2929.088,3.4659,1.2614068441064639,1.53377643732328,1.2537243947858472,1.0983452996817258,1.021677378726754,1.4165924276169264,1.9908350305498983,2.0087796193233167,1.0576691729323309
2019-09-27,2932.167,3.4699,1.2623574144486691,1.5339104618284638,1.2532588454376163,1.0984048906752486,1.0282949719570993,1.4083518930957684,1.9684317718940938,1.9744833819202363,1.0563157894736843
2019-09-30,2905.189,3.4558,1.2623574144486691,1.5341785108388313,1.2504655493482308,1.098583683055263,1.021677378726754,1.40456570155902,1.984725050916497,1.9806077100279291,1.0339849624060151
2019-10-08,2913.57,3.4641,1.2633079847908744,1.5373950989632423,1.25512104283054,1.099060605028779,1.028887592246384,1.4025612472160356,1.9501018329938902,1.9597849944617727,0.9999570354457572
2019-10-09,2924.857,3.4688,1.2633079847908744,1.5376631479736098,1.259776536312849,1.0991202348313691,1.0349125651874447,1.4202672605790647,1.9704684317718941,1.9695839194340816,1.011750805585392
2019-10-10,2947.711,3.4796,1.2633079847908744,1.5377971724787936,1.2639664804469273,1.0991798678691886,1.0461723506838532,1.4124721603563475,1.9826883910386965,1.9830574412710062,1.0171643394199785
2019-10-11,2973.656,3.4941,1.2633079847908744,1.538065221489161,1.2676908752327745,1.099239504142413,1.0488391419856342,1.4047884187082407,2.0071283095723014,2.0063298880802396,1.0384317937701397
2019-10-14,3007.883,3.5081,1.2633079847908744,1.5368590009425072,1.2732774674115455,1.0994184323762728,1.0603952376266852,1.3857461024498885,2.0071283095723014,2.0087796193233167,1.0206444683136413
2019-10-15,2991.046,3.5042,1.2633079847908744,1.5377971724787936,1.2695530726256983,1.0994780815928733,1.0583210666141887,1.39086859688196,2.0305498981670063,2.033276931754089,1.0167776584317938
2019-10-16,2978.712,3.4988,1.2642585551330798,1.539405466540999,1.2676908752327745,1.0995377340457566,1.0538764144445538,1.3868596881959911,2.026476578411405,2.0210282755387032,1.0212244897959184
2019-10-17,2977.334,3.5001,1.2642585551330798,1.5418179076343073,1.26536312849162,1.0995973897350984,1.053283794155269,1.392204899777283,2.0325865580448066,2.0259277380248575,1.0229645542427497
2019-10-18,2938.141,3.4789,1.2642585551330798,1.540745711592837,1.2588454376163873,1.0996570486610742,1.0407399980320773,1.3879732739420934,2.0112016293279025,1.9989806943510082,1.0241245972073039
2019-10-21,2939.618,3.4832,1.2642585551330798,1.5422199811498587,1.2602420856610799,1.0998360448605622,1.0411350782249336,1.3893095768374164,2.028513238289206,2.0149039474310104,1.0175510204081633
2019-10-22,2954.38,3.4883,1.2633079847908744,1.5428901036757776,1.2621042830540037,1.0998957167348302,1.0492342221784907,1.386748329621381,2.0122199592668024,1.9891817693786995,1.0335982814178302
2019-10-23,2941.619,3.4798,1.2633079847908744,1.5459726672950047,1.259776536312849,1.0999553918466105,1.0461723506838532,1.3885300668151446,2.018329938900204,1.990406635000238,1.0514822771213748
2019-10-24,2940.922,3.4788,1.2633079847908744,1.5462407163053722,1.260707635009311,1.1000150701960787,1.0447895700088556,1.3860801781737193,2.0366598778004072,2.0234780067817804,1.0642427497314715
2019-10-25,2954.933,3.4884,1.2633079847908744,1.5473129123468428,1.2639664804469273,1.1000747517834104,1.0554567352159796,1.4012249443207125,2.0519348268839104,2.0381763942402435,1.070719656283566
2019-10-28,2980.05,3.4982,1.2633079847908744,1.5491892554194155,1.2658286778398509,1.100253815974343,1.0655312801338188,1.400890868596882,2.0723014256619146,2.0602239754279386,1.0595059076262086
2019-10-29,2954.176,3.4919,1.2623574144486691,1.5462407163053722,1.2616387337057726,1.1003135105148854,1.0582222965659744,1.388641425389755,2.0529531568228108,2.044300722347937,1.0558324382384534
2019-10-30,2939.321,3.4875,1.2614068441064639,1.5465087653157397,1.2579143389199254,1.1003732082941695,1.0558518154088359,1.3849665924276169,2.060081466395112,2.056549378563323,1.0405585392051557
2019-10-31,2929.056,3.4835,1.2614068441064639,1.5461066918001884,1.2546554934823089,1.1004329093123715,1.0505182328052742,1.3870824053452115,2.0590631364562118,2.051649916077168,1.0259613319011816
2019-11-01,2958.199,3.5075,1.2614068441064639,1.5461066918001884,1.2611731843575418,1.1004926135696667,1.0614817081570402,1.3989977728285077,2.075356415478615,2.0638985722925547,1.0504189044038668
2019-11-04,2975.492,3.5162,1.2614068441064639,1.545838642789821,1.2621042830540037,1.1006717457778705,1.073926734232018,1.3959910913140312,2.0835030549898166,2.083496422237172,1.0705263157894735
2019-11-05,2991.562,3.527,1.2623574144486691,1.5486531573986804,1.2648975791433892,1.1007314629932967,1.08261849847486,1.3897550111358574,2.0835030549898166,2.0883958847233264,1.0760365198711064
2019-11-06,2978.596,3.52,1.2623574144486691,1.5422199811498587,1.2616387337057726,1.1007911834486954,1.0799517071730786,1.369599109131403,2.0723014256619146,2.077372094129479,1.0608592910848549
2019-11-07,2978.714,3.5224,1.2623574144486691,1.5428901036757776,1.2635009310986964,1.1008509071442418,1.0907176424284168,1.3689309576837416,2.0763747454175157,2.087171019101788,1.0663694951664877
2019-11-08,2964.185,3.5158,1.2633079847908744,1.5408797360980206,1.2611731843575418,1.100910634080112,1.086371760306996,1.3504454342984409,2.0824847250509166,2.0847212878587107,1.063952738990333
2019-11-11,2909.975,3.491,1.2633079847908744,1.5403436380772855,1.2518621973929236,1.101089834331423,1.0652349699891763,1.3482182628062362,2.0784114052953155,2.0724726316433246,1.0640494092373791
2019-11-12,2914.823,3.4914,1.2633079847908744,1.5419519321394912,1.2527932960893853,1.1011495742303463,1.0674079110498869,1.335968819599109,2.0855397148676174,2.083496422237172,1.065402792696026
2019-11-13,2905.241,3.492,1.2633079847908744,1.5419519321394912,1.2509310986964617,1.1012093173704727,1.0626669487356097,1.3479955456570154,2.0855397148676174,2.0822715566156336,1.0689795918367346
2019-11-14,2909.87,3.4915,1.2642585551330798,1.5434262016965126,1.2509310986964617,1.1012690637519773,1.0675066810981009,1.3525612472160355,2.0875763747454172,2.0822715566156336,1.0687862513426423
2019-11-15,2891.343,3.4808,1.2642585551330798,1.5450344957587183,1.2462756052141526,1.101328813375037,1.054172724589196,1.3492204899777283,2.1008146639511205,2.093295347209481,1.0814500537056928
2019-11-18,2909.2,3.4934,1.2642585551330798,1.5447664467483506,1.2513966480446927,1.1015080816953013,1.076593525533799,1.3479955456570154,2.1028513238289204,2.0945202128310196,1.0630827067669173
2019-11-19,2933.991,3.5086,1.265209125475285,1.5444983977379831,1.2569832402234637,1.1015678442863381,1.090915182524845,1.3546770601336302,2.104887983706721,2.105544003424867,1.044328678839957
2019-11-20,2911.053,3.4947,1.265209125475285,1.5465087653157397,1.2523277467411544,1.1016276101198086,1.0847914395355702,1.3593541202672603,2.094704684317719,2.0883958847233264,1.0670461868958108
2019-11-21,2903.638,3.4886,1.2661596958174905,1.5485191328934966,1.2523277467411544,1.101687379195889,1.0814332578962904,1.3587973273942093,2.0936863543788187,2.079821825372556,1.0880236305048334
2019-11-22,2885.288,3.4741,1.2661596958174905,1.5502614514608861,1.249068901303538,1.1017471515147557,1.0700747023516677,1.3600222717149222,2.0977596741344198,2.081046690994095,1.0852201933404941
2019-11-25,2906.169,3.4842,1.2661596958174905,1.554014137606032,1.2560521415270018,1.1019264879298296,1.0752107448588015,1.3483296213808464,2.120162932790224,2.10309427218179,1.0843501611170783
2019-11-26,2907.06,3.4888,1.2661596958174905,1.5526738925541943,1.25512104283054,1.101986273221599,1.0761984453409426,1.347772828507795,2.1221995926680246,2.115342928397176,1.0951772287862513
2019-11-27,2903.195,3.4826,1.2661596958174905,1.5546842601319508,1.2527932960893853,1.102046061757034,1.074618124569517,1.3502227171492203,2.1364562118126273,2.1300413158556393,1.0902470461868958
2019-11-28,2889.693,3.4771,1.2671102661596958,1.5546842601319508,1.2509310986964617,1.1021058535363109,1.0722476434123782,1.3466592427616926,2.1364562118126273,2.126366718991023,1.0906337271750806
2019-11-29,2871.981,3.4655,1.2671102661596958,1.554014137606032,1.249068901303538,1.1021656485596052,1.0672103709534586,1.350890868596882,2.1252545824847253,2.1079937346679447,1.0547690655209452
2019-12-02,2875.807,3.4691,1.2671102661596958,1.5530759660697455,1.2513966480446927,1.1023450530953542,1.0689882318213126,1.3496659242761693,2.1018329938900204,2.090845615966404,1.0591192266380236
2019-12-03,2884.699,3.4749,1.2671102661596958,1.5524058435438268,1.2527932960893853,1.1024048610964794,1.0725439535570207,1.3562360801781737,2.0875763747454172,2.0847212878587107,1.059699248120301
2019-12-04,2878.116,3.4729,1.2671102661596958,1.5546842601319508,1.2509310986964617,1.1024646723425022,1.0717537931713077,1.380957683741648,2.1018329938900204,2.083496422237172,1.0935338345864662
2019-12-05,2899.469,3.4842,1.2671102661596958,1.5569626767200753,1.2532588454376163,1.1025244868335988,1.080149247269507,1.3704899777282848,2.108961303462322,2.1067688690464057,1.1021374865735767
2019-12-06,2912.014,3.4933,1.2671102661596958,1.5536120640904807,1.2546554934823089,1.1025843045699455,1.0831123487159304,1.3629175946547885,2.1252545824847253,2.121467256504869,1.1105477980665952
2019-12-09,2914.478,3.4925,1.2671102661596958,1.5538801131008482,1.2574487895716946,1.102763777252245,1.087359460789137,1.3534521158129176,2.1171079429735236,2.109218600289483,1.1092910848549946
2019-12-10,2917.316,3.495,1.268060836501901,1.553478039585297,1.2569832402234637,1.102823607971352,1.089137321656991,1.3575723830734967,2.115071283095723,2.11166833153256,1.1141245972073042
2019-12-11,2924.417,3.4983,1.268060836501901,1.5537460885956644,1.2602420856610799,1.1028834419365892,1.0899274820427038,1.355011135857461,2.1262729124236253,2.121467256504869,1.101750805585392
2019-12-12,2915.698,3.4942,1.268060836501901,1.5506635249764373,1.260707635009311,1.1029432791481328,1.0877545409819935,1.362806236080178,2.1374745417515277,2.134940778341794,1.1107411385606876
2019-12-13,2967.676,3.5222,1.268060836501901,1.549457304429783,1.2686219739292364,1.103003119606159,1.100693417298042,1.350890868596882,2.139511201629328,2.148414300178718,1.1178947368421053
2019-12-16,2984.393,3.5279,1.268060836501901,1.5455705937794533,1.2728119180633146,1.103182660460895,1.114323683951589,1.3601336302895324,2.1517311608961305,2.158213225151027,1.1227282491944146
2019-12-17,3022.422,3.5451,1.268060836501901,1.5474469368520265,1.2770018621973929,1.1032425139066129,1.1257810095444258,1.3587973273942093,2.154786150712831,2.1692370157448746,1.1326852846401718
2019-12-18,3017.044,3.5398,1.268060836501901,1.5485191328934966,1.2756052141527001,1.1033023705996943,1.1261760897372823,1.3608017817371938,2.155804480651731,2.170461881366413,1.1351020408163264
2019-12-19,3017.066,3.537,1.268060836501901,1.5478490103675777,1.276536312849162,1.1033622305403152,1.1309170520515597,1.3580178173719377,2.1720977596741347,2.1716867469879517,1.1421589688506981
2019-12-20,3004.938,3.5334,1.2690114068441063,1.547044863336475,1.2737430167597765,1.103422093728652,1.1270650201712094,1.363251670378619,2.180244399185336,2.1741364782310293,1.132298603651987
2019-12-23,2962.751,3.5141,1.2690114068441063,1.5501274269557022,1.2672253258845436,1.1036017027817189,1.112348282987307,1.3681514476614698,2.1883910386965377,2.1790359407171835,1.1385821697099892
2019-12-24,2982.681,3.5234,1.2690114068441063,1.5513336475023562,1.2700186219739293,1.103661578962681,1.1226203680015745,1.3719376391982183,2.1883910386965377,2.1827105375817997,1.1437056928034373
2019-12-25,2981.881,3.5232,1.2699619771863118,1.5513336475023562,1.2695530726256983,1.1037214583922397,1.1211388172783627,1.378619153674833,2.1883910386965377,2.1814856719602607,1.1428356605800214
2019-12-26,3007.355,3.5337,1.2699619771863118,1.5513336475023562,1.276070763500931,1.1037813410705715,1.1306207419069172,1.3834075723830734,2.1975560081466394,2.1888348656894925,1.1431256713211602
2019-12-27,3005.036,3.5325,1.2699619771863118,1.5493232799245993,1.2756052141527001,1.103841226997853,1.1263736298337106,1.3864142538975501,2.1985743380855394,2.1937343281756467,1.1561761546723952
2019-12-30,3040.024,3.5546,1.270912547528517,1.5495913289349668,1.2825884543761636,1.104020904275156,1.1396088162944011,1.3863028953229397,2.1812627291242364,2.1827105375817997,1.148829215896885
2019-12-31,3050.124,3.56,1.270912547528517,1.55146767200754,1.286312849162011,1.1040808031999978,1.1473128800551018,1.388195991091314,2.185336048879837,2.185160268824877,1.1413856068743287
2020-01-02,3085.198,3.58,1.270912547528517,1.5503954759660699,1.2942271880819365,1.1042006107993503,1.1645976384925711,1.391870824053452,2.214867617107943,2.2353797593079596,1.1388721804511277
2020-01-03,3083.786,3.5769,1.2718631178707225,1.5510655984919888,1.2932960893854748,1.1042605194742134,1.1643013283479289,1.4131403118040087,2.1975560081466394,2.2268056999571892,1.1729967776584318
2020-01-06,3083.408,3.571,1.2718631178707225,1.5511996229971725,1.2909683426443204,1.1044402650016676,1.1670668896979237,1.4428730512249444,2.2118126272912426,2.2390543561725758,1.1789903329752953
2020-01-07,3104.802,3.5842,1.2728136882129277,1.5560245051837889,1.2965549348230911,1.1045001866790285,1.181684856833612,1.4307349665924276,2.209775967413442,2.256202474874116,1.1705800214822772
2020-01-08,3066.893,3.5649,1.2728136882129277,1.5506635249764373,1.2891061452513966,1.1045601116074544,1.1667705795532815,1.4522271714922048,2.2179226069246436,2.256202474874116,1.1371321160042964
2020-01-09,3094.882,3.5849,1.2728136882129277,1.5530759660697455,1.2956238361266292,1.1046200397871222,1.18356148774968,1.4093541202672606,2.2382892057026478,2.2880489810341196,1.1236949516648767
2020-01-10,3092.291,3.5863,1.2737642585551332,1.5522718190386426,1.2937616387337056,1.104679971218208,1.1868208993407459,1.4122494432071269,2.2281059063136457,2.2819246529264268,1.1199248120300753
2020-01-13,3115.57,3.6009,1.2737642585551332,1.5577668237511784,1.298417132216015,1.104859785021738,1.199562235560366,1.408240534521158,2.24949083503055,2.317445755951046,1.1036842105263158
2020-01-14,3106.82,3.5954,1.2737642585551332,1.5532099905749293,1.2993482309124766,1.1049197294602604,1.2015376365246482,1.3966592427616926,2.230142566191446,2.3027473684925828,1.1038775510204082
2020-01-15,3090.038,3.5887,1.2737642585551332,1.5501274269557022,1.2956238361266292,1.104979677151083,1.1963028239693005,1.4048997772828509,2.2270875763747453,2.3100965622218146,1.0925671321160044
2020-01-16,3074.081,3.582,1.2737642585551332,1.55146767200754,1.2937616387337056,1.105039628094382,1.1917594017514512,1.4070155902004455,2.246435845213849,2.330919277787971,1.1034908700322235
2020-01-17,3075.496,3.5834,1.2747148288973382,1.5557564561734214,1.2942271880819365,1.1050995822903342,1.1889938404014562,1.4042316258351892,2.2606924643584523,2.3358187402741253,1.1057142857142856
2020-01-20,3095.787,3.5948,1.2747148288973382,1.5557564561734214,1.2956238361266292,1.105279464395875,1.1975868345960838,1.406013363028953,2.2606924643584523,2.339493337138741,1.1047475832438238
2020-01-21,3052.142,3.5695,1.2756653992395437,1.5462407163053722,1.2853817504655494,1.1053394316042044,1.185339348617534,1.41815144766147,2.24949083503055,2.316220890329508,1.0965306122448981
2020-01-22,3060.755,3.5768,1.2756653992395437,1.5511996229971725,1.286778398510242,1.1053994020660698,1.1867221292925318,1.4085746102449888,2.2627291242362526,2.339493337138741,1.0778732545649838
2020-01-23,2976.528,3.5315,1.276615969581749,1.5493232799245993,1.2714152700186219,1.105459375781647,1.1513624520318804,1.4164810690423162,2.269857433808554,2.308871696600276,1.0547690655209452
2020-02-03,2746.606,3.4206,1.2813688212927756,1.5509315739868048,1.2216014897579144,1.106119301448492,1.0684943815802421,1.4502227171492206,2.2617107942973527,2.258652206117193,0.9642857142857143
2020-02-04,2783.288,3.4561,1.2804182509505702,1.5632618284637136,1.2309124767225326,1.1061793142223868,1.0777787661123683,1.4418708240534521,2.3156822810590634,2.341943068381818,0.9696992481203008
2020-02-05,2818.088,3.4702,1.2804182509505702,1.564870122525919,1.237895716945996,1.1062393302522895,1.100792187346256,1.4317371937639198,2.3217922606924644,2.3345938746525867,0.986423200859291
2020-02-06,2866.51,3.4956,1.2813688212927756,1.5695609802073516,1.244413407821229,1.1062993495383766,1.1276576404604939,1.4223830734966594,2.345213849287169,2.3762393057848996,0.9846831364124596
2020-02-07,2875.964,3.4936,1.2813688212927756,1.5650041470311027,1.244413407821229,1.1063593720808247,1.1334850733051265,1.4320712694877507,2.3289205702647657,2.3664403808125907,0.9783029001074114
2020-02-10,2890.488,3.4992,1.2823193916349809,1.568488784165881,1.2527932960893853,1.1065394592481022,1.1442510085604645,1.4370824053452116,2.3574338085539717,2.38481336513567,0.9675725026852846
2020-02-11,2901.674,3.5121,1.2823193916349809,1.5696950047125353,1.25512104283054,1.1065994948177615,1.142966997933681,1.4347438752783963,2.3584521384928716,2.3946122901079785,0.9717293233082708
2020-02-12,2926.899,3.522,1.2832699619771863,1.5670145146088597,1.2574487895716946,1.1066595336446654,1.158177585358654,1.4285077951002225,2.3747454175152747,2.4142101400525964,0.9870032223415681
2020-02-13,2906.074,3.5132,1.2832699619771863,1.5683547596606973,1.2546554934823089,1.1067195757289905,1.14583132933189,1.4387527839643652,2.372708757637475,2.4117604088095193,0.9902900107411385
2020-02-14,2917.008,3.5223,1.2832699619771863,1.5703651272384542,1.2579143389199254,1.1067796210709135,1.147609190199744,1.4403118040089087,2.380855397148676,2.415435005674135,0.9985069817400644
2020-02-17,2983.622,3.5545,1.2842205323193916,1.5703651272384542,1.2700186219739293,1.1069597766440384,1.177042664567549,1.4463251670378618,2.380855397148676,2.425233930646444,0.9996670247046188
2020-02-18,2984.972,3.546,1.2842205323193916,1.5723754948162112,1.2714152700186219,1.107019835018121,1.1874135196300304,1.454120267260579,2.3818737270875765,2.4142101400525964,0.9973469387755103
2020-02-19,2975.402,3.5449,1.2842205323193916,1.57693232799246,1.2686219739292364,1.1070798966506854,1.1782279051461184,1.4695991091314031,2.4073319755600813,2.447281511834139,1.0199677765843178
2020-02-20,3030.154,3.5777,1.285171102661597,1.5767983034872763,1.276536312849162,1.1071399615419086,1.196895444258585,1.4747216035634745,2.386965376782077,2.4387074524833685,1.027218045112782
2020-02-21,3039.669,3.581,1.285171102661597,1.5802829406220547,1.2783985102420856,1.1072000296919668,1.2059822886942833,1.5040089086859687,2.3513238289205707,2.4105355431879802,1.0155209452201934
2020-02-24,3031.233,3.5749,1.2861216730038023,1.5808190386427898,1.2746741154562382,1.1073802536969228,1.2213904162156843,1.532293986636971,2.2678207739307537,2.3541917245972046,0.9874865735767993
2020-02-25,3013.05,3.5699,1.2861216730038023,1.5808190386427898,1.2690875232774674,1.107440334884091,1.2225756567942536,1.505011135857461,2.206720977596741,2.3358187402741253,0.9668958109559613
2020-02-26,2987.929,3.5529,1.2861216730038023,1.5777364750235627,1.2690875232774674,1.107500419330979,1.204895818163928,1.5123608017817372,2.213849287169043,2.324794949680278,0.9498818474758325
2020-02-27,2991.329,3.5598,1.2870722433460076,1.5780045240339302,1.2700186219739293,1.107560507037763,1.211217101249631,1.510467706013363,2.112016293279022,2.279474921683349,0.9104403866809881
2020-02-28,2880.304,3.5091,1.2880228136882128,1.5741178133836005,1.2518621973929236,1.1076205980046205,1.1530415428515202,1.4874164810690425,2.109979633401222,2.263551668603348,0.8804726100966703
2020-03-02,2970.931,3.5545,1.2880228136882128,1.5696950047125353,1.2714152700186219,1.1078008904674013,1.1993646954639376,1.460913140311804,2.205702647657841,2.323570084058739,0.9065735767991406
2020-03-03,2992.897,3.5624,1.2880228136882128,1.5656742695570216,1.271880819366853,1.1078609944763207,1.2111183312014169,1.4586859688195992,2.1272912423625256,2.2831495185479653,0.9093770139634801
2020-03-04,3011.666,3.5707,1.2889733840304183,1.5655402450518379,1.2788640595903165,1.1079211017461976,1.2216867263603268,1.4847438752783964,2.2107942973523422,2.333369009031048,0.9113104189044039
2020-03-05,3071.677,3.6036,1.2889733840304183,1.5644680490103675,1.2858472998137802,1.1079812122772095,1.2420333562924335,1.4905345211581291,2.140529531568228,2.3198954871941235,0.8961331901181526
2020-03-06,3034.511,3.5784,1.2899239543726235,1.5633958529688974,1.2788640595903165,1.1080413260695328,1.2339342123388763,1.5144766146993318,2.105906313645621,2.2672262654679636,0.8365843179377014
2020-03-09,2943.291,3.5271,1.2918250950570342,1.5597771913289349,1.2621042830540037,1.1082216870161419,1.1918581717996655,1.5188195991091313,1.9674134419551934,2.153313762664873,0.6923523093447905
2020-03-10,2996.762,3.5578,1.290874524714829,1.5617875589066919,1.2704841713221602,1.108281813855481,1.215661753419266,1.493652561247216,2.071283095723014,2.2353797593079596,0.7066595059076262
2020-03-11,2968.517,3.5378,1.290874524714829,1.5660763430725733,1.26536312849162,1.108341943957017,1.2006487060907212,1.5043429844097995,1.9908350305498983,2.1765862094741064,0.7004726100966703
2020-03-12,2923.486,3.5095,1.290874524714829,1.5616535344015081,1.2569832402234637,1.108402077320926,1.1764500442782644,1.4909799554565701,1.8177189409368635,2.0418509911048592,0.6770784103114931
2020-03-13,2887.427,3.4889,1.2899239543726235,1.5619215834118756,1.2509310986964617,1.1084622139473856,1.1659804191675687,1.4484409799554565,1.9989816700610998,2.1447397033141025,0.69312567132116
2020-03-16,2789.254,3.4298,1.290874524714829,1.5503954759660699,1.2355679702048417,1.1086426434038366,1.1173855554462264,1.4047884187082407,1.758655804480652,1.96223472570485,0.6401503759398497
2020-03-17,2779.641,3.4232,1.2899239543726235,1.5406116870876532,1.23463687150838,1.108702793082268,1.1194597264587227,1.3485523385300668,1.8686354378818737,2.0394012598617826,0.6220730397422126
2020-03-18,2728.756,3.397,1.2899239543726235,1.5347146088595665,1.2271880819366852,1.1087629460241346,1.106915930335531,1.379064587973274,1.8034623217922607,1.9610098600833115,0.5470569280343716
2020-03-19,2702.13,3.3785,1.2899239543726235,1.5274772855796417,1.222532588454376,1.108823102229614,1.1145212240480173,1.369599109131403,1.8350305498981672,1.9793828444063908,0.5632008592910849
2020-03-20,2745.618,3.4021,1.2899239543726235,1.5371270499528746,1.2295158286778398,1.1088832616988833,1.1309170520515597,1.3842984409799555,1.779022403258656,1.9940812318648538,0.5624274973147153
2020-03-23,2660.167,3.3606,1.2918250950570342,1.5282814326107448,1.2155493482309125,1.1090637596911996,1.0876557709337793,1.38184855233853,1.779022403258656,1.9708087850556202,0.5334264232008592
2020-03-24,2722.438,3.3949,1.2918250950570342,1.5285494816211123,1.226722532588454,1.1091239322173982,1.1118544327462363,1.4515590200445434,1.9073319755600815,2.0920704815879425,0.5578839957035445
2020-03-25,2781.591,3.4312,1.2927756653992395,1.5325702167766257,1.2364990689013036,1.1091841080082723,1.137830955426547,1.4791759465478842,1.8808553971486761,2.109218600289483,0.5661976369495166
2020-03-26,2764.911,3.4227,1.2927756653992395,1.5332403393025447,1.232309124767225,1.1092442870639985,1.1241019187247858,1.4752783964365255,1.974541751527495,2.158213225151027,0.5496670247046187
2020-03-27,2772.203,3.4276,1.2937262357414447,1.52988972667295,1.2355679702048417,1.1093044693847538,1.1269662501229951,1.489532293986637,1.9012219959266803,2.0920704815879425,0.5220193340494093
2020-03-30,2747.214,3.4165,1.2937262357414447,1.5222503298774739,1.2313780260707634,1.1094850359389687,1.107903630817672,1.4832962138084633,1.964358452138493,2.123916987747946,0.5010418904403867
2020-03-31,2750.296,3.42,1.2946768060836502,1.5297557021677661,1.2304469273743015,1.1095452313216136,1.1085950211551707,1.4841870824053451,1.9582484725050917,2.1447397033141025,0.5066487647690655
2020-04-01,2734.522,3.4168,1.2956273764258555,1.52988972667295,1.2276536312849162,1.1096054299701736,1.1027675883105383,1.4660356347438752,1.8798370672097762,2.093295347209481,0.497078410311493
2020-04-02,2780.638,3.4373,1.2956273764258555,1.5336424128180963,1.234171322160149,1.1096656318848261,1.1245957689658566,1.4680400890868597,1.920570264765784,2.1165677940187146,0.5532438238453277
2020-04-03,2763.987,3.4303,1.2956273764258555,1.536322902921772,1.2313780260707634,1.1097258370657483,1.1163978549640854,1.4769487750556793,1.89918533604888,2.093295347209481,0.6096992481203007
2020-04-07,2820.763,3.4599,1.2984790874524714,1.5379311969839773,1.2402234636871508,1.1099666904556775,1.148399350585457,1.5124721603563476,2.0112016293279025,2.186385134446415,0.5977121374865736
2020-04-08,2815.369,3.454,1.3003802281368821,1.530425824693685,1.2392923649906888,1.1100269119706063,1.1529427728033061,1.5077951002227172,2.0407331975560083,2.1814856719602607,0.5892051557465092
2020-04-09,2825.904,3.4583,1.3003802281368821,1.5336424128180963,1.2402234636871508,1.1100871367528682,1.163708708058644,1.5082405345211582,2.044806517311609,2.1912845969325696,0.5850483351235231
2020-04-10,2796.631,3.4505,1.3003802281368821,1.5336424128180963,1.2355679702048417,1.1101473648026403,1.1443497786086787,1.5161469933184855,2.044806517311609,2.183935403203338,0.5791514500537057
2020-04-13,2783.048,3.4445,1.3013307984790874,1.5336424128180963,1.23463687150838,1.1103280685587915,1.1370407950408343,1.5152561247216036,2.060081466395112,2.1937343281756467,0.5786680988184748
2020-04-14,2827.283,3.4682,1.3013307984790874,1.5391374175306316,1.2406890130353816,1.1103883096803777,1.159066515792581,1.5354120267260578,2.1466395112016294,2.254977609252577,0.5544038668098819
2020-04-15,2811.174,3.4577,1.3013307984790874,1.5404776625824694,1.2383612662942272,1.1104485540703608,1.1553132539604447,1.524498886414254,2.124236252545825,2.242728953037191,0.5231793770139636
2020-04-16,2819.935,3.4595,1.3022813688212929,1.5449004712535346,1.2369646182495344,1.1105088017289182,1.1624246974318608,1.5403118040089085,2.1710794297352343,2.2880489810341196,0.5156390977443609
2020-04-17,2838.495,3.4732,1.3022813688212929,1.5435602262016965,1.2383612662942272,1.1105690526562269,1.1664742694086392,1.5081291759465478,2.1883910386965377,2.301522502871044,0.512545649838883
2020-04-20,2852.553,3.4785,1.3022813688212929,1.5454365692742695,1.2411545623836127,1.1107498250524355,1.1864258191478894,1.5081291759465478,2.160896130346232,2.29662304038489,0.4750375939849624
2020-04-21,2827.013,3.4626,1.303231939163498,1.54262205466541,1.2383612662942272,1.1108100890565238,1.1872159795336021,1.525501113585746,2.089613034623218,2.246403549901807,0.389484425349087
2020-04-22,2843.98,3.4742,1.303231939163498,1.5473129123468428,1.2402234636871508,1.1108703563302504,1.2009450162353636,1.520935412026726,2.153767820773931,2.301522502871044,0.3567132116004296
2020-04-23,2838.499,3.4706,1.3041825095057034,1.548921206409048,1.2392923649906888,1.1109306268737926,1.1997597756567941,1.5428730512249442,2.1476578411405294,2.286824115412581,0.37160042964554246
2020-04-24,2808.529,3.4598,1.3051330798479086,1.547714985862394,1.2360335195530725,1.1109909006873282,1.1849442684246778,1.552338530066815,2.180244399185336,2.2880489810341196,0.3598066595059076
2020-04-27,2815.495,3.4705,1.3051330798479086,1.5479830348727617,1.238826815642458,1.1111717417496674,1.188697530256814,1.549554565701559,2.1894093686354377,2.3198954871941235,0.3229752953813104
2020-04-28,2810.024,3.4798,1.3051330798479086,1.5509315739868048,1.2360335195530725,1.1112320286449495,1.1739807930729116,1.5355233853006682,2.1527494908350304,2.301522502871044,0.3194951664876477
2020-04-29,2822.442,3.4871,1.3051330798479086,1.5518697455230914,1.2402234636871508,1.111292318811112,1.1694373708550625,1.5397550111358576,2.224032586558045,2.3578663214618203,0.33409237379162193
2020-04-30,2860.082,3.5027,1.3051330798479086,1.5518697455230914,1.2453445065176907,1.1113526122483322,1.182573787267539,1.550890868596882,2.224032586558045,2.352966858975666,0.35932330827067666
2020-05-06,2878.14,3.5091,1.3051330798479086,1.5478490103675777,1.2462756052141526,1.1117144415738047,1.2007474761389354,1.5485523385300668,2.2230142566191446,2.3566414558402817,0.3944146079484425
2020-05-07,2871.523,3.506,1.3041825095057034,1.5564265786993403,1.2467411545623834,1.111774757913399,1.1996610056085801,1.5465478841870823,2.258655804480652,2.3897128276218242,0.4030182599355532
2020-05-08,2895.344,3.5201,1.3041825095057034,1.5599112158341186,1.2509310986964617,1.1118350775254708,1.2124023418282004,1.5612472160356345,2.283095723014257,2.431358258754137,0.40997851772287863
2020-05-11,2894.802,3.5179,1.303231939163498,1.562859754948162,1.2513966480446927,1.1120160559983288,1.2131925022139132,1.5525612472160357,2.30040733197556,2.447281511834139,0.3993447905477981
2020-05-12,2891.556,3.5182,1.303231939163498,1.566880490103676,1.2495344506517692,1.1120763887020877,1.2145752828889107,1.5512249443207127,2.2606924643584523,2.43748258686183,0.3968313641245972
2020-05-13,2898.05,3.5207,1.303231939163498,1.5656742695570216,1.2513966480446927,1.112136724679212,1.2232670471317524,1.5516703786191537,2.232179226069247,2.431358258754137,0.3931578947368421
2020-05-14,2870.342,3.5051,1.303231939163498,1.5675506126295946,1.2453445065176907,1.1121970639298795,1.2109207911049886,1.5612472160356345,2.2576374745417516,2.4546307055633707,0.401374865735768
2020-05-15,2868.459,3.5006,1.3041825095057034,1.5675506126295946,1.243482309124767,1.112257406454268,1.2113158712978451,1.5826280623608018,2.269857433808554,2.4619798992926016,0.42119226638023627
2020-05-18,2875.418,3.5048,1.303231939163498,1.5674165881244109,1.2448789571694598,1.1124384536715344,1.2133900423103414,1.620489977728285,2.3177189409368633,2.5097496585326073,0.45647690655209455
2020-05-19,2898.576,3.5165,1.303231939163498,1.567952686145146,1.2472067039106143,1.1124988092925823,1.228106779494244,1.598218262806236,2.305498981670061,2.526897777234148,0.45348012889366274
2020-05-20,2883.738,3.508,1.303231939163498,1.5714373232799248,1.2439478584729982,1.1125591681882394,1.2174396142871198,1.615033407572383,2.3533604887983706,2.5391464334495346,0.4666272824919442
2020-05-21,2867.924,3.501,1.303231939163498,1.5713032987747408,1.2411545623836127,1.1126195303586832,1.209636780478205,1.5967706013363028,2.324847250509165,2.5085247929110692,0.4771643394199785
2020-05-22,2813.765,3.4686,1.3041825095057034,1.5670145146088597,1.234171322160149,1.112679895804091,1.1957102036800156,1.595879732739421,2.336048879837067,2.4754534211295267,0.46314715359828146
2020-05-25,2817.97,3.4717,1.303231939163498,1.5670145146088597,1.2364990689013036,1.1128610117918785,1.1984757650300109,1.593541202672606,2.336048879837067,2.493826405452606,0.4674973147153598
2020-05-26,2846.547,3.4868,1.3022813688212929,1.5747879359095194,1.2402234636871508,1.112921390338921,1.2243535176621076,1.6006681514476615,2.342158859470468,2.5195485835049163,0.4767776584317938
2020-05-27,2836.804,3.4769,1.3013307984790874,1.5683547596606973,1.2420856610800746,1.1129817721618163,1.2205014857817573,1.5878619153674831,2.3472505091649696,2.491376674209528,0.464983888292159
2020-05-28,2846.222,3.4819,1.3013307984790874,1.5711692742695569,1.2420856610800746,1.1130421572607423,1.2126986519728427,1.5967706013363028,2.3482688391038695,2.486477211723374,0.46324382384532764
2020-05-29,2852.351,3.4844,1.3013307984790874,1.5734476908576813,1.2397579143389197,1.1131025456358763,1.2226744268424679,1.5955456570155901,2.3828920570264764,2.546495627178766,0.47494092373791624
2020-06-01,2915.431,3.5206,1.3013307984790874,1.5751900094250706,1.2486033519553073,1.113283730420307,1.2562562432352653,1.611804008908686,2.3920570264765786,2.589365923932617,0.4883780880773362
2020-06-02,2921.398,3.528,1.2984790874524714,1.5772003770028276,1.2504655493482308,1.113344131902052,1.2610959755977564,1.6072383073496659,2.4012219959266803,2.5954902520403107,0.5020085929108485
2020-06-03,2923.371,3.5287,1.296577946768061,1.57693232799246,1.2495344506517692,1.1134045366608947,1.2609972055495424,1.5928730512249443,2.409368635437882,2.618762698849544,0.5073254564983889
2020-06-04,2919.251,3.5274,1.2946768060836502,1.5747879359095194,1.2504655493482308,1.1134649446970122,1.2630713765620387,1.5789532293986637,2.390020366598778,2.6040643113910806,0.505875402792696
2020-06-05,2930.799,3.5334,1.2927756653992395,1.5782725730442977,1.249068901303538,1.1135253560105822,1.2612935156941847,1.579175946547884,2.435845213849287,2.637135683172623,0.5314930182599356
2020-06-08,2937.771,3.5413,1.2927756653992395,1.5833655042412818,1.2504655493482308,1.1137066096177883,1.2663307881531045,1.56369710467706,2.4511201629327903,2.629786489443391,0.5246294307196563
2020-06-09,2956.112,3.5503,1.2937262357414447,1.5777364750235627,1.2518621973929236,1.1137670340429482,1.2762077929745155,1.5653674832962137,2.460285132382892,2.6383605487941613,0.519312567132116
2020-06-10,2943.753,3.5491,1.2937262357414447,1.580148916116871,1.2495344506517692,1.1138274617464499,1.2801585949030798,1.582739420935412,2.489816700610998,2.68368057679109,0.521342642320086
2020-06-11,2920.897,3.5343,1.2946768060836502,1.5778704995287465,1.2462756052141526,1.1138878927284714,1.2747262422513037,1.5947661469933183,2.365580448065173,2.6077389082556963,0.495531686358754
2020-06-12,2919.741,3.5379,1.2956273764258555,1.581355136663525,1.2453445065176907,1.113948326989191,1.2798622847584376,1.5920935412026724,2.391038696537678,2.6346859519295456,0.49437164339419976
2020-06-15,2890.031,3.5211,1.2956273764258555,1.5798808671065034,1.2420856610800746,1.1141296494453146,1.2881589688084227,1.5821826280623608,2.420570264765784,2.655508667495702,0.497078410311493
2020-06-16,2931.749,3.5422,1.2946768060836502,1.5802829406220547,1.2495344506517692,1.1141900968226042,1.3122588605726655,1.585523385300668,2.4572301425661913,2.7008286954926306,0.5130290010741139
2020-06-17,2935.873,3.5445,1.2946768060836502,1.582561357210179,1.2509310986964617,1.1142505474794806,1.3236174161172882,1.5891982182628062,2.468431771894094,2.738799529760328,0.5138990332975295
2020-06-18,2939.315,3.5549,1.2946768060836502,1.5853758718190387,1.2546554934823089,1.1143110014161224,1.3183826035619404,1.586748329621381,2.476578411405295,2.753497917218791,0.5216326530612244
2020-06-19,2967.634,3.5755,1.2946768060836502,1.5871181903864278,1.255586592178771,1.1143714586327076,1.322530945586933,1.5898663697104676,2.475560081466395,2.7681963046772537,0.5330397422126746
2020-06-22,2965.272,3.577,1.2937262357414447,1.5868501413760603,1.2523277467411544,1.114552849963901,1.3275682180458526,1.6031180400890868,2.504073319755601,2.7792200952711017,0.5381632653061225
2020-06-23,2970.62,3.5847,1.2927756653992395,1.5861800188501414,1.2513966480446927,1.1146133203020383,1.3264817475154973,1.6056792873051224,2.5162932790224035,2.8159660639172595,0.5417400644468314
2020-06-24,2979.551,3.595,1.2937262357414447,1.5848397737983035,1.2527932960893853,1.1146737939210085,1.3232223359244317,1.6154788418708241,2.462321792260693,2.7792200952711017,0.5155424274973147
2020-06-29,2961.516,3.5847,1.2946768060836502,1.5896646559849197,1.2504655493482308,1.1149762112345856,1.3267780576601396,1.6161469933184855,2.460285132382892,2.7645217078126385,0.5225026852846402
2020-06-30,2984.674,3.6038,1.2956273764258555,1.5885924599434496,1.25512104283054,1.1150367045422924,1.3480136180261735,1.6184855233853006,2.507128309572302,2.8147411982957213,0.5258861439312568
2020-07-01,3025.981,3.6344,1.2956273764258555,1.5885924599434496,1.2648975791433892,1.1150972011320786,1.3505816392797403,1.630512249443207,2.534623217922607,2.840463376348032,0.5298496240601505
2020-07-02,3090.569,3.6659,1.2956273764258555,1.586984165881244,1.2770018621973929,1.1151577010041218,1.3698417986814917,1.6119153674832962,2.544806517311609,2.880883941858806,0.534779806659506
2020-07-03,3152.813,3.6968,1.2946768060836502,1.586984165881244,1.2830540037243947,1.1152182041586007,1.3797188035029027,1.6173719376391982,2.544806517311609,2.894357463695731,0.5365198711063374
2020-07-06,3332.881,3.7872,1.2918250950570342,1.599716493873704,1.3105214152700184,1.11539973331843,1.4300915280920987,1.615033407572383,2.6120162932790225,2.959275341637277,0.5428034371643394
2020-07-07,3345.337,3.7986,1.290874524714829,1.5935513666352499,1.3095903165735567,1.1154602496044315,1.4445119551313588,1.6169265033407572,2.579429735234216,2.9409023573141972,0.5374865735767992
2020-07-08,3403.44,3.8271,1.2889733840304183,1.5930152686145147,1.3156424581005586,1.1155207691737585,1.471673718390239,1.6246102449888642,2.609979633401222,3.01806889147113,0.538453276047261
2020-07-09,3450.594,3.8543,1.2861216730038023,1.5967679547596607,1.3221601489757913,1.11558129202659,1.5098977270490996,1.6351893095768373,2.6272912423625256,3.069513247575751,0.5295596133190118
2020-07-10,3383.322,3.8234,1.2870722433460076,1.5900667295004711,1.3100558659217876,1.1156418181631034,1.4987367116009054,1.6261692650334074,2.6415478615071284,3.0523651288742113,0.5323630504833512
2020-07-13,3443.286,3.8594,1.285171102661597,1.5919430725730443,1.324487895716946,1.115823416276519,1.5657028042900718,1.6316258351893096,2.5855397148676174,2.9972461759049738,0.5324597207303974
2020-07-14,3414.619,3.8441,1.2861216730038023,1.5896646559849197,1.3216945996275604,1.115883955549543,1.5705425366525634,1.6283964365256123,2.6069246435845215,2.9886721165542034,0.5335230934479054
2020-07-15,3361.304,3.8256,1.2870722433460076,1.5954277097078227,1.3119180633147114,1.1159444981071402,1.5346890091508414,1.6288418708240533,2.608961303462322,3.002145638391128,0.5397099892588615
2020-07-16,3210.099,3.7459,1.2870722433460076,1.5930152686145147,1.2942271880819365,1.1160050439494886,1.459129922267047,1.6262806236080176,2.5865580448065173,2.9090558511541937,0.5391299677765843
2020-07-17,3214.129,3.7593,1.2880228136882128,1.5963658812441095,1.297951582867784,1.1160655930767667,1.4799704024402243,1.6164810690423161,2.5977596741344198,2.9396774916926587,0.536906552094522
2020-07-20,3314.149,3.8108,1.2889733840304183,1.5967679547596607,1.3216945996275604,1.1162472601699602,1.5262935550526417,1.6214922048997773,2.6680244399185336,3.00949483212036,0.5360365198711063
2020-07-21,3320.895,3.8143,1.290874524714829,1.597170028275212,1.319366852886406,1.1163078224387386,1.5377508806454787,1.6330734966592426,2.6374745417515273,3.0290926820649773,0.5486036519871107
2020-07-22,3333.164,3.8225,1.2918250950570342,1.592613195098963,1.319366852886406,1.1163683879933377,1.547924195611532,1.668708240534521,2.639511201629328,3.011944563363437,0.544640171858217
2020-07-23,3325.11,3.8222,1.2918250950570342,1.5979741753063146,1.3142458100558658,1.1164289568339358,1.5580975105775852,1.6776169265033407,2.579429735234216,2.989896982175742,0.5450268528464017
2020-07-24,3196.768,3.7464,1.2927756653992395,1.5951596606974552,1.2937616387337056,1.1164895289607113,1.494193289383056,1.6984409799554565,2.5570264765784114,2.9445769541788134,0.5412567132116004
2020-07-27,3205.227,3.753,1.2937262357414447,1.600386616399623,1.292364990689013,1.1166712650598845,1.496761310636623,1.7344097995545658,2.6069246435845215,2.9984710415265123,0.5415467239527391
2020-07-28,3227.96,3.7681,1.2937262357414447,1.5987783223374177,1.297020484171322,1.116731850333152,1.5178981009544426,1.729621380846325,2.5682281059063135,2.9837726540680487,0.5416433941997852
2020-07-29,3294.552,3.8062,1.2927756653992395,1.602262959472196,1.3067970204841712,1.1167924388934887,1.5607643018793664,1.7358574610244988,2.602851323828921,3.0388916070372862,0.5458002148227712
2020-07-30,3286.822,3.7968,1.2927756653992395,1.599180395852969,1.3067970204841712,1.1168530307410725,1.5737031781954147,1.716815144766147,2.614052953156823,3.04501593514498,0.5350698174006445
2020-07-31,3310.007,3.8106,1.2927756653992395,1.6037372290292178,1.3114525139664805,1.1169136258760817,1.5929633375971661,1.7426503340757238,2.6568228105906315,3.0805370381695996,0.5341031149301826
2020-08-03,3367.966,3.8365,1.2927756653992395,1.6058816211121583,1.3221601489757913,1.1170954310074466,1.6305947259667422,1.7384187082405345,2.69857433808554,3.1491295129757613,0.5423200859291085
2020-08-04,3371.688,3.8401,1.2927756653992395,1.6037372290292178,1.3230912476722532,1.1171560392939415,1.615285368493555,1.739977728285078,2.7016293279022405,3.1626030348126855,0.5460902255639097
2020-08-05,3377.565,3.8395,1.2927756653992395,1.611108576814326,1.3230912476722532,1.1172166508687542,1.6408668109810096,1.7853006681514476,2.705702647657841,3.2005738690803827,0.5582706766917294
2020-08-06,3386.463,3.835,1.2927756653992395,1.6048094250706881,1.3240223463687149,1.1172772657320627,1.6344467578470925,1.7997772828507796,2.729124236252546,3.2079230628096145,0.5537271750805586
2020-08-07,3354.035,3.8149,1.2937262357414447,1.6019949104618285,1.319366852886406,1.1173378838840455,1.6087665453114237,1.8124721603563474,2.6965376782077395,3.1221824693019116,0.5467669172932331
2020-08-10,3379.252,3.8222,1.2937262357414447,1.606015645617342,1.3282122905027933,1.1175197580738234,1.6182484699399784,1.7962138084632515,2.6934826883910388,3.076862441304983,0.5517937701396348
2020-08-11,3340.29,3.8069,1.2937262357414447,1.6128508953817153,1.3230912476722532,1.1175803893822875,1.5914817868739546,1.7612472160356345,2.645621181262729,3.0474656663880566,0.5517937701396348
2020-08-12,3319.266,3.7944,1.2937262357414447,1.611108576814326,1.3189013035381751,1.1176410239803183,1.577653980123979,1.6547884187082404,2.7077393075356415,3.076862441304983,0.5563372717508056
2020-08-13,3320.726,3.7907,1.2946768060836502,1.608562111215834,1.3198324022346368,1.117701661868094,1.591185476729312,1.676726057906459,2.706720977596741,3.0707381131972906,0.554500537056928
2020-08-14,3360.099,3.8173,1.2946768060836502,1.6068197926484449,1.324487895716946,1.1177623030457933,1.5959264390435894,1.6919821826280623,2.7026476578411405,3.0597143226034427,0.551890440386681
2020-08-17,3438.801,3.8577,1.2956273764258555,1.609902356267672,1.3365921787709496,1.1179442463202165,1.6258537636524648,1.708685968819599,2.730142566191446,3.113608409951141,0.5564339419978518
2020-08-18,3451.089,3.857,1.2956273764258555,1.6120467483506127,1.3384543761638732,1.1180049006593944,1.6391877201613696,1.7459910913140313,2.7556008146639512,3.1564787067049926,0.5561439312567132
2020-08-19,3408.129,3.8295,1.2956273764258555,1.6115106503298773,1.3328677839851024,1.1180655582893886,1.613606277673915,1.723162583518931,2.7311608961303464,3.120957603680373,0.5550805585392052
2020-08-20,3363.899,3.8115,1.2956273764258555,1.6115106503298773,1.3277467411545623,1.1181262192103771,1.600963711502509,1.6888641425389754,2.7729124236252547,3.1454549161111456,0.5527604726100966
2020-08-21,3380.683,3.8272,1.2956273764258555,1.6103044297832234,1.3286778398510242,1.1181868834225392,1.6158779887828396,1.685857461024499,2.785132382892057,3.1515792442188384,0.5451235230934479
2020-08-24,3385.638,3.8424,1.2956273764258555,1.6135210179076342,1.3319366852886405,1.118368895807849,1.6407680409327954,1.6871937639198216,2.804480651731161,3.2005738690803827,0.5515037593984963
2020-08-25,3373.578,3.8458,1.2946768060836502,1.6137890669180017,1.3310055865921786,1.1184295731864893,1.633261517268523,1.6783964365256125,2.8268839103869654,3.233645240861925,0.5586573576799141
2020-08-26,3329.739,3.8246,1.2946768060836502,1.6163355325164939,1.3221601489757913,1.1184902538571955,1.600963711502509,1.6762806236080179,2.8818737270875765,3.271616075129622,0.5590440386680988
2020-08-27,3350.113,3.8324,1.2946768060836502,1.6147272384542886,1.324487895716946,1.1185509378201464,1.6218041916756862,1.695991091314031,2.864562118126273,3.261817150157313,0.5524704618689581
2020-08-28,3403.807,3.8741,1.2937262357414447,1.6199541941564564,1.3351955307262569,1.1186116250755205,1.6446200728131457,1.698329621380846,2.878818737270876,3.285089596966546,0.5535338345864662
2020-08-31,3395.678,3.863,1.2946768060836502,1.6175417530631482,1.3319366852886405,1.118793706597969,1.646595473777428,1.7022271714922048,2.895112016293279,3.2679414782650062,0.5504403866809882
2020-09-01,3410.607,3.8725,1.2946768060836502,1.6202222431668238,1.3324022346368716,1.1188544070248228,1.6640777723113254,1.7216035634743876,2.9348268839103873,3.337758818692707,0.5498603651987111
2020-09-02,3404.802,3.8732,1.2937262357414447,1.6191500471253533,1.3314711359404094,1.118915110744993,1.6635839220702549,1.7,2.9582484725050917,3.3463328780434773,0.5396133190118153
2020-09-03,3384.981,3.8631,1.2937262357414447,1.6166035815268613,1.3286778398510242,1.1189758177586584,1.64857087474171,1.6835189309576837,2.8136456211812626,3.2140473909173077,0.5290762620837809
2020-09-04,3355.367,3.8455,1.2937262357414447,1.616737606032045,1.3268156424581006,1.1190365280659977,1.6411631211256519,1.684187082405345,2.7780040733197557,3.1626030348126855,0.5186358754027927
2020-09-07,3292.591,3.8078,1.2937262357414447,1.616737606032045,1.319366852886406,1.1192186787518463,1.6112357965167765,1.6783964365256125,2.779022403258656,3.1381057223819138,0.5118689581095596
2020-09-08,3316.417,3.818,1.2937262357414447,1.6171396795475965,1.3230912476722532,1.1192794022356685,1.61973002066319,1.683184855233853,2.654786150712831,3.031542413308055,0.48770139634801285
2020-09-09,3254.628,3.7794,1.2937262357414447,1.615665409990575,1.3142458100558658,1.119340129014058,1.5726167076650597,1.6838530066815145,2.7321792260692463,3.069513247575751,0.49359828141783035
2020-09-10,3234.823,3.7788,1.2937262357414447,1.6152633364750235,1.3095903165735567,1.119400859087194,1.5340963888615566,1.694988864142539,2.6741344195519345,3.032767278929593,0.489828141783029
2020-09-11,3260.346,3.7938,1.2937262357414447,1.617675777568332,1.3114525139664805,1.119461592455255,1.5596778313490112,1.6907572383073497,2.658859470468432,3.049915397631134,0.48886143931256715
2020-09-14,3278.814,3.8039,1.2937262357414447,1.6192840716305372,1.3133147113594041,1.1196438123307753,1.5728142477614877,1.687750556792873,2.7026476578411405,3.1123835443296026,0.4862513426423201
2020-09-15,3295.68,3.817,1.2937262357414447,1.625851272384543,1.3161080074487894,1.1197045588803238,1.574888418773984,1.6937639198218262,2.736252545824847,3.1528041098403765,0.4907948442534909
2020-09-16,3283.924,3.8059,1.2937262357414447,1.6216965127238454,1.3170391061452513,1.1197653087256914,1.5669868149168553,1.69097995545657,2.6771894093686357,3.109933813086526,0.5074221267454351
2020-09-17,3270.435,3.7984,1.2937262357414447,1.616737606032045,1.3175046554934822,1.1198260618670568,1.5759748893043393,1.680066815144766,2.6334012219959266,3.0707381131972906,0.5172824919441461
2020-09-18,3338.09,3.8363,1.2946768060836502,1.6178098020735157,1.3272811918063314,1.1198868183045987,1.6013587916953655,1.6865256124721604,2.5967413441955194,3.064613785089597,0.5181525241675617
2020-09-21,3316.935,3.8189,1.2946768060836502,1.6145932139491048,1.3240223463687149,1.1200691073960725,1.6020501820328643,1.6860801781737194,2.6079429735234214,3.0597143226034427,0.5028786251342642
2020-09-22,3274.302,3.8012,1.2946768060836502,1.619418096135721,1.3161080074487894,1.1201298770201091,1.5850617337400374,1.6471046770601336,2.663951120162933,3.090335963141908,0.5059720730397422
2020-09-23,3279.711,3.8056,1.2946768060836502,1.6218305372290291,1.3161080074487894,1.1201906499412166,1.5935559578864509,1.6276169265033407,2.5865580448065173,3.0511402632526723,0.5038453276047261
2020-09-24,3223.176,3.773,1.2946768060836502,1.6121807728557964,1.3058659217877095,1.120251426159574,1.5608630719275804,1.6053452115812916,2.602851323828921,3.032767278929593,0.5061654135338346
2020-09-25,3219.418,3.7775,1.2946768060836502,1.6068197926484449,1.302607076350093,1.1203122056753598,1.5636286332775755,1.623608017817372,2.664969450101833,3.0731878444403673,0.5077121374865736
2020-09-28,3217.535,3.7819,1.2946768060836502,1.602262959472196,1.3021415270018621,1.1204945640090784,1.5492082062383155,1.6208240534521159,2.7209775967413443,3.117283006815757,0.511578947368421
2020-09-29,3224.359,3.7861,1.2946768060836502,1.6065517436380774,1.3054003724394785,1.120555356716368,1.5617520023615075,1.639086859688196,2.7077393075356415,3.10625921622191,0.4983351235230934
2020-09-30,3218.052,3.7851,1.2946768060836502,1.6082940622054664,1.3030726256983238,1.120616152721981,1.5656040342418576,1.6367483296213807,2.7270875763747453,3.129531663031144,0.5025886143931257
2020-10-09,3272.076,3.8198,1.2946768060836502,1.6304081055607915,1.3142458100558658,1.1211634652265718,1.6171619994096231,1.641870824053452,2.788187372708758,3.269166343886545,0.5124489795918368
2020-10-12,3358.465,3.8705,1.2956273764258555,1.6072218661639963,1.3272811918063314,1.121345962123695,1.6591392699006198,1.65913140311804,2.847250509164969,3.305912312532703,0.49524167561761545
2020-10-13,3359.75,3.8766,1.2956273764258555,1.6151293119698398,1.3282122905027933,1.1214068010237979,1.669905205155958,1.6510022271714921,2.8523421588594706,3.3230604312342438,0.5022986036519871
2020-10-14,3340.778,3.8658,1.2956273764258555,1.6184799245994346,1.3277467411545623,1.1214676432247304,1.6704978254452425,1.6349665924276169,2.8350305498981667,3.30836204377578,0.5103222341568207
2020-10-15,3332.183,3.8633,1.2956273764258555,1.6147272384542886,1.3254189944134078,1.1215284887266714,1.6591392699006198,1.6331848552338528,2.810590631364562,3.2789652688588538,0.5076154672395274
2020-10-16,3336.358,3.8621,1.2956273764258555,1.6186139491046183,1.3272811918063314,1.1215893375298,1.6588429597559775,1.639643652561247,2.7973523421588595,3.274065806372699,0.506938775510204
2020-10-19,3312.667,3.8494,1.2956273764258555,1.6171396795475965,1.3226256983240223,1.1217719037481024,1.6438299124274327,1.64097995545657,2.736252545824847,3.220171719025,0.5032653061224489
2020-10-20,3328.103,3.8615,1.296577946768061,1.6190160226201695,1.3230912476722532,1.121832765757773,1.6639790022631114,1.6285077951002227,2.7423625254582484,3.2507933595634655,0.5047153598281418
2020-10-21,3325.025,3.8595,1.296577946768061,1.6219645617342129,1.3212290502793296,1.1218936310695264,1.6499536554167078,1.6400890868596882,2.735234215885947,3.220171719025,0.4948549946294307
2020-10-22,3312.501,3.8528,1.296577946768061,1.6132529688972668,1.3170391061452513,1.1219544996835422,1.6440274525238612,1.6398663697104676,2.7250509164969454,3.184650616000381,0.4972717508055854
2020-10-23,3277.997,3.8315,1.296577946768061,1.6195521206409047,1.312849162011173,1.1220153715999999,1.6219029617239002,1.6344097995545657,2.736252545824847,3.1809760191357648,0.4930182599355532
2020-10-26,3251.119,3.8234,1.2975285171102662,1.6195521206409047,1.3119180633147114,1.1221980071658137,1.6405705008363674,1.6271714922048999,2.6945010183299387,3.1601533035696088,0.47861439312567133
2020-10-27,3254.316,3.825,1.2975285171102662,1.6151293119698398,1.3105214152700184,1.1222588922938292,1.6422495916560071,1.6395322939866368,2.7250509164969454,3.201798734701921,0.48702470461868963
2020-10-28,3269.238,3.8374,1.2975285171102662,1.6208923656927428,1.3105214152700184,1.1223197807251826,1.6400766505952968,1.6419821826280623,2.6262729124236253,3.1650527660557635,0.4703007518796992
2020-10-29,3272.727,3.8518,1.2975285171102662,1.6234388312912347,1.3133147113594041,1.1223806724600525,1.6562749385024107,1.6210467706013363,2.6771894093686357,3.2189468534034615,0.457250268528464
2020-10-30,3224.533,3.8212,1.2984790874524714,1.6267894439208295,1.3049348230912476,1.1224415674986183,1.6109394863721342,1.6114699331848552,2.6069246435845215,3.1381057223819138,0.4492266380236305
2020-11-02,3225.12,3.8303,1.2984790874524714,1.6230367577756835,1.3086592178770948,1.1226242724382849,1.621507881531044,1.6222717149220491,2.6069246435845215,3.1552538410834545,0.45628356605800213
2020-11-03,3271.074,3.8497,1.2984790874524714,1.6238409048067861,1.3142458100558658,1.1226851806934275,1.6352369182328053,1.6291759465478843,2.6486761710794298,3.1809760191357648,0.4648872180451128
2020-11-04,3277.44,3.8613,1.2984790874524714,1.6148612629594723,1.3170391061452513,1.1227460922531625,1.6366196989078028,1.6338530066815145,2.7576374745417516,3.3034625812896254,0.48083780880773364
2020-11-05,3320.133,3.888,1.2984790874524714,1.6368412818096136,1.3263500931098697,1.1228070071176688,1.6671396438059627,1.6326280623608016,2.8319755600814664,3.390428040418867,0.47958109559613316
2020-11-06,3312.159,3.8878,1.2984790874524714,1.6273255419415644,1.3277467411545623,1.122867925287126,1.6525216766702746,1.6510022271714921,2.8116089613034623,3.3867534435542512,0.4640171858216971
2020-11-09,3373.734,3.9219,1.2984790874524714,1.6349649387370404,1.3365921787709496,1.1230506996269969,1.6784981993505854,1.6489977728285077,2.745417515274949,3.30836204377578,0.48770139634801285
2020-11-10,3360.149,3.9091,1.2984790874524714,1.6261193213949106,1.3337988826815643,1.1231116310180511,1.6596331201416903,1.6089086859688198,2.689409368635438,3.201798734701921,0.4964017185821697
2020-11-11,3342.203,3.8917,1.2984790874524714,1.6261193213949106,1.3361266294227188,1.123172565714953,1.6446200728131457,1.6072383073496659,2.7576374745417516,3.2275209127542315,0.5072287862513427
2020-11-12,3338.679,3.8932,1.2984790874524714,1.6286657869934025,1.3389199255121043,1.1232335037178816,1.6506450457542063,1.6001113585746103,2.7484725050916494,3.2667166126434672,0.5034586466165414
2020-11-13,3310.105,3.8737,1.2975285171102662,1.6305421300659753,1.3337988826815643,1.1232944450270166,1.6415582013185082,1.606013363028953,2.7759674134419554,3.3206106999911658,0.4942749731471536
2020-11-16,3346.969,3.8907,1.2975285171102662,1.6337587181903865,1.3463687150837989,1.123477288793453,1.662892531732756,1.6066815144766147,2.7841140529531567,3.327959893720398,0.5018152524167562
2020-11-17,3339.895,3.8866,1.2975285171102662,1.6324184731385485,1.3496275605214152,1.1235382433292072,1.6562749385024107,1.6051224944320712,2.7657841140529533,3.289989059452701,0.4990118152524168
2020-11-18,3347.303,3.8869,1.296577946768061,1.6304081055607915,1.3524208566108005,1.1235992011720644,1.661213440913116,1.5967706013363028,2.7413441955193485,3.2556928220496197,0.5020085929108485
2020-11-19,3363.088,3.8996,1.2956273764258555,1.6223666352497643,1.3505586592178769,1.1236601623222042,1.6683248843845322,1.5880846325167037,2.7576374745417516,3.2887641938311627,0.5000751879699248
2020-11-20,3377.727,3.9048,1.2956273764258555,1.6329545711592837,1.3528864059590315,1.1237211267798064,1.680671140411296,1.5900890868596882,2.75050916496945,3.3218355656127048,0.5055853920515575
2020-11-23,3414.49,3.9282,1.2956273764258555,1.6342948162111217,1.361266294227188,1.1239040399991804,1.6872887336416411,1.5887527839643654,2.7474541751527495,3.3328593562065527,0.5116756176154672
2020-11-24,3402.823,3.9168,1.2956273764258555,1.6345628652214892,1.3594040968342642,1.1239650176884257,1.6875850437862834,1.5553452115812918,2.7912423625254585,3.3500074749080926,0.5317830290010741
2020-11-25,3362.327,3.8937,1.2956273764258555,1.6349649387370404,1.351024208566108,1.1240259986860306,1.665559323034537,1.5341870824053452,2.805498981670061,3.3193858343696276,0.5399033297529539
2020-11-26,3369.733,3.8965,1.2956273764258555,1.6349649387370404,1.3486964618249533,1.1240869829921745,1.650348735609564,1.5355233853006682,2.8065173116089612,3.3267350280988595,0.5399033297529539
2020-11-27,3408.307,3.9179,1.2956273764258555,1.6368412818096136,1.3528864059590315,1.1241479706070365,1.648472104693496,1.530846325167038,2.829938900203666,3.364705862366556,0.5378732545649839
2020-11-30,3391.755,3.91,1.296577946768061,1.6392537229029218,1.3468342644320297,1.1243309533057293,1.6323725868345962,1.501893095768374,2.832993890020367,3.3328593562065527,0.5333297529538131
2020-12-01,3451.938,3.9474,1.296577946768061,1.6450167766258248,1.3547486033519553,1.124391954157261,1.6551884679720554,1.5111358574610245,2.8808553971486766,3.3610312655019405,0.5324597207303974
2020-12-02,3449.381,3.9476,1.296577946768061,1.6413981149858623,1.3561452513966479,1.1244529583184084,1.6624974515398996,1.5334075723830736,2.868635437881874,3.3206106999911658,0.5341031149301826
2020-12-03,3442.136,3.9443,1.296577946768061,1.6430064090480678,1.351024208566108,1.1245139657893517,1.659238039948834,1.5511135857461025,2.870672097759674,3.338983684314245,0.5382599355531686
2020-12-04,3444.581,3.9471,1.2975285171102662,1.6482333647502356,1.3486964618249533,1.1245749765702704,1.6645716225523959,1.5528953229398663,2.8818737270875765,3.368380459231172,0.5442534908700322
2020-12-07,3416.604,3.9311,1.2984790874524714,1.6439445805843542,1.3431098696461823,1.1247580287746737,1.6537069172488437,1.5496659242761692,2.891038696537678,3.379404249825019,0.5411600429645542
2020-12-08,3410.177,3.9268,1.2984790874524714,1.6456868991517437,1.3398510242085662,1.1248190527972894,1.6519290563809899,1.5671492204899777,2.8971486761710796,3.4088010247419462,0.5394199785177229
2020-12-09,3371.964,3.903,1.2984790874524714,1.6498416588124412,1.334729981378026,1.1248800801307786,1.6217054216274722,1.5595768374164811,2.8350305498981667,3.3598063998804015,0.5382599355531686
2020-12-10,3373.276,3.903,1.2994296577946767,1.653192271442036,1.3370577281191804,1.1249411107753204,1.6209152612417592,1.545879732739421,2.85030549898167,3.3843037123111737,0.5536305048335124
2020-12-11,3347.191,3.8848,1.2984790874524714,1.6514499528746465,1.3328677839851024,1.1250021447310952,1.5920744071632393,1.5461024498886415,2.841140529531568,3.3610312655019405,0.5501503759398497
2020-12-14,3369.12,3.8994,1.2994296577946767,1.654934590009425,1.3305400372439478,1.1251852664676107,1.6022477221292926,1.5419821826280624,2.8594704684317716,3.36960532485271,0.5501503759398497
2020-12-15,3367.233,3.9047,1.2994296577946767,1.654934590009425,1.3296089385474859,1.125246313670112,1.6092603955524942,1.5543429844097993,2.892057026476578,3.3867534435542512,0.557013963480129
2020-12-16,3366.983,3.9082,1.3003802281368821,1.658821300659755,1.3272811918063314,1.1253073641847446,1.6025440322739348,1.5619153674832962,2.9042769857433806,3.416150218471178,0.559140708915145
2020-12-17,3404.873,3.9331,1.3003802281368821,1.6601615457115928,1.3337988826815643,1.1253684180116876,1.6147915182524846,1.5742761692650333,2.923625254582485,3.4504464558742587,0.5664876476906552
2020-12-18,3394.896,3.9273,1.3003802281368821,1.6580171536286523,1.335661080074488,1.1254294751511211,1.6091616255042802,1.5818485523385302,2.9185336048879837,3.463919977711183,0.5709344790547798
2020-12-21,3420.569,3.9444,1.3013307984790874,1.6593573986804901,1.3384543761638732,1.1256126664461608,1.6311873462560267,1.604120267260579,2.9164969450101834,3.471269171440415,0.5590440386680988
2020-12-22,3356.782,3.916,1.303231939163498,1.6592233741753062,1.3240223463687149,1.1256737368373528,1.6059022139132144,1.5815144766146991,2.9164969450101834,3.4626951120896443,0.5527604726100966
2020-12-23,3382.32,3.9318,1.303231939163498,1.6672648444863336,1.3258845437616387,1.125734810541934,1.6140013578667718,1.579955456570156,2.9103869653767824,3.4737189026834923,0.5606874328678839
2020-12-24,3363.113,3.9298,1.303231939163498,1.663914231856739,1.3212290502793296,1.1257958875600842,1.591185476729312,1.5812917594654787,2.915478615071283,3.463919977711183,0.5629108485499463
2020-12-25,3396.563,3.945,1.3041825095057034,1.663914231856739,1.3258845437616387,1.1258569678919825,1.60195141198465,1.5884187082405343,2.914460285132383,3.466369708954261,0.5618474758324383
2020-12-28,3397.285,3.9557,1.3051330798479086,1.6610997172478794,1.3230912476722532,1.1260402287719677,1.5900002361507428,1.5870824053452115,2.943991853360489,3.423499412200409,0.5582706766917294
2020-12-29,3379.036,3.9448,1.3051330798479086,1.6680689915174363,1.318435754189944,1.1261013223606586,1.5839752632096822,1.5825167037861916,2.9541751527494906,3.4626951120896443,0.5628141783029001
2020-12-30,3414.453,3.9744,1.306083650190114,1.667532893496701,1.3216945996275604,1.1261624192639972,1.597210449670373,1.581403118040089,2.9490835030549896,3.531287586895807,0.5629108485499463
2020-12-31,3473.069,4.0103,1.306083650190114,1.6663266729500472,1.3263500931098697,1.1262235194821633,1.6171619994096231,1.5811804008908685,2.9551934826883914,3.538636780625038,0.5628141783029001
2021-01-04,3502.958,4.0311,1.306083650190114,1.6841519321394909,1.3277467411545623,1.1264679535066993,1.641261891173866,1.6120267260579064,2.9185336048879837,3.5496605712188862,0.5601074113856069
2021-01-05,3528.677,4.0675,1.3070342205323193,1.6716876531573988,1.330074487895717,1.1265290703017006,1.6470893240184985,1.6239420935412026,2.914460285132383,3.5913060023511982,0.5716111707841032
2021-01-06,3550.877,4.0889,1.3070342205323193,1.675842412818096,1.3314711359404094,1.1265901904126085,1.636718468956017,1.6230512249443207,2.8665987780040734,3.5423113774896544,0.5805048335123524
2021-01-07,3576.205,4.1328,1.3079847908745246,1.6762444863336474,1.3305400372439478,1.126651313839603,1.6063960641542852,1.6132516703786193,2.9378818737270875,3.592530867972737,0.5857250268528464
2021-01-08,3570.108,4.1215,1.3079847908745246,1.6781208294062204,1.3324022346368716,1.1267124405828641,1.6023464921775068,1.603229398663697,2.980651731160896,3.6464249553204358,0.5967454350161117
2021-01-11,3531.498,4.102,1.3079847908745246,1.6755743638077285,1.3263500931098697,1.126895840712046,1.5878272950900323,1.5583518930957683,2.936863543788187,3.6145784491604322,0.5954887218045113
2021-01-12,3608.339,4.1645,1.3079847908745246,1.6787909519321393,1.3319366852886405,1.1269569807221724,1.6130136573846305,1.569599109131403,2.9378818737270875,3.6403006272127425,0.6070891514500537
2021-01-13,3598.652,4.1509,1.30893536121673,1.6700793590951932,1.3337988826815643,1.1270181240494652,1.608964085407852,1.5646993318485523,2.946028513238289,3.631726567861972,0.6054457572502685
2021-01-14,3565.905,4.1038,1.3098859315589353,1.6734299717247878,1.3310055865921786,1.1270792706941042,1.6158779887828396,1.554120267260579,2.9348268839103873,3.645200089698897,0.606702470461869
2021-01-15,3566.378,4.1044,1.30893536121673,1.6684710650329877,1.3342644320297952,1.1271404206562692,1.632076276689954,1.5603563474387527,2.9083503054989817,3.606004389809662,0.5968421052631578
2021-01-18,3596.224,4.13,1.3079847908745246,1.6684710650329877,1.340316573556797,1.127323890449722,1.6571638689363377,1.5566815144766146,2.917515274949084,3.6500995521850514,0.5966487647690655
2021-01-19,3566.381,4.0966,1.3079847908745246,1.6723577756833177,1.3407821229050279,1.127385053683792,1.6506450457542063,1.558240534521158,2.9633401221995928,3.7174671613696755,0.604092373791622
2021-01-20,3583.092,4.1159,1.3079847908745246,1.6743681432610746,1.340316573556797,1.1274462202362883,1.6715842959755978,1.5651447661469933,3.028513238289206,3.7921839642835304,0.6055424274973147
2021-01-21,3621.264,4.1521,1.30893536121673,1.674100094250707,1.3435754189944134,1.1275073901073909,1.6900542949916364,1.5760579064587974,3.0458248472505094,3.8203558735789187,0.6032223415682062
2021-01-22,3606.75,4.1626,1.3098859315589353,1.667532893496701,1.3384543761638732,1.1275685632972796,1.6972645085112663,1.570935412026726,3.033604887983707,3.8179061423358407,0.5951987110633727
2021-01-25,3624.238,4.1879,1.3098859315589353,1.6712855796418475,1.3314711359404094,1.127752102781465,1.6846219423398603,1.5625835189309576,3.069246435845214,3.882824020277387,0.5992588614393126
2021-01-26,3569.429,4.1383,1.3079847908745246,1.6726258246936851,1.3272811918063314,1.1278132892483,1.6670408737577487,1.5682628062360802,3.0723014256619146,3.800758023634301,0.599452201933405
2021-01-27,3573.341,4.1462,1.3079847908745246,1.6686050895381717,1.3286778398510242,1.1278744790348219,1.6785969693987997,1.5597995545657015,2.9786150712830954,3.7039936395327504,0.6004189044038668
2021-01-28,3505.176,4.0861,1.306083650190114,1.6680689915174363,1.3198324022346368,1.1279356721412104,1.6452126931024302,1.5479955456570154,3.0071283095723014,3.6929698489389033,0.5977121374865736
2021-01-29,3483.069,4.0775,1.306083650190114,1.674100094250707,1.3156424581005586,1.127996868567646,1.6333602873167372,1.5563474387527838,2.938900203665988,3.6500995521850514,0.5955853920515575
2021-02-01,3505.284,4.1032,1.3070342205323193,1.6707494816211121,1.323556797020484,1.1281804777690363,1.6571638689363377,1.5718262806236079,3.0071283095723014,3.749313667529679,0.6035123523093447
2021-02-02,3533.685,4.1382,1.3070342205323193,1.6777187558906692,1.3277467411545623,1.1282416874774615,1.6751400177113056,1.5589086859688195,3.0590631364562118,3.8387288579019976,0.6182062298603651
2021-02-03,3517.308,4.1361,1.306083650190114,1.6755743638077285,1.3263500931098697,1.1283029005068343,1.6713867558791695,1.5475501113585746,3.0437881873727086,3.84485318600969,0.6261331901181526
2021-02-04,3501.859,4.1347,1.3051330798479086,1.66820301602262,1.3202979515828677,1.1283641168573348,1.6508425858506346,1.5358574610244988,3.076374745417515,3.858326707846615,0.6305800214822771
2021-02-05,3496.333,4.1405,1.3051330798479086,1.6665947219604147,1.3202979515828677,1.1284253365291437,1.6181496998917644,1.5224944320712694,3.0916496945010183,3.8693504984404625,0.6383136412459721
2021-02-08,3532.447,4.1731,1.3051330798479086,1.6601615457115928,1.3272811918063314,1.1286090154742208,1.631384886352455,1.5316258351893095,3.1099796334012217,3.903646735843543,0.6473039742212674
2021-02-09,3603.489,4.2198,1.306083650190114,1.6660586239396797,1.3351955307262569,1.1286702484330637,1.6693125848666732,1.5483296213808464,3.1018329938900204,3.9403927044897022,0.6509774436090225
2021-02-10,3655.088,4.2681,1.306083650190114,1.6573470311027332,1.3389199255121043,1.128731484714116,1.6828440814720063,1.5493318485523384,3.0875763747454177,3.9942867918374008,0.6519441460794845
2021-02-18,3675.357,4.2452,1.3051330798479086,1.6652544769085766,1.3528864059590315,1.1292214945836987,1.702203010921972,1.5053452115812915,3.0916496945010183,3.984487866865092,0.6751450053705693
2021-02-19,3696.168,4.2374,1.3070342205323193,1.6797291234684262,1.36219739292365,1.1292827607727463,1.7331180360129883,1.4998886414253898,3.0824847250509166,4.000411119945094,0.6652846401718583
2021-02-22,3642.445,4.1603,1.306083650190114,1.6714196041470313,1.3673184357541899,1.129466579284683,1.7172160582505165,1.5149220489977728,2.9989816700610996,3.837503992280459,0.6813319011815252
2021-02-23,3636.357,4.1559,1.3070342205323193,1.675842412818096,1.3635940409683425,1.1295278587708608,1.7060550428023222,1.5290645879732738,2.990835030549898,3.8105569486066098,0.6869387755102041
2021-02-24,3564.08,4.1018,1.3070342205323193,1.6793270499528745,1.3552141527001862,1.1295891415817727,1.6913383056184197,1.5261692650334076,3.019348268839104,3.7762607112035287,0.7004726100966703
2021-02-25,3585.046,4.1164,1.3070342205323193,1.6802652214891611,1.3645251396648044,1.129650427717598,1.6886715143166389,1.5094654788418707,2.909368635437882,3.6819460583450554,0.7031793770139635
2021-02-26,3509.08,4.0681,1.3070342205323193,1.6700793590951932,1.3505586592178769,1.1297117171785178,1.6783994293023714,1.4898663697104677,2.9327902240325865,3.659898477157361,0.6913856068743286
2021-03-01,3551.4,4.0961,1.3079847908745246,1.66820301602262,1.3617318435754189,1.1298956055136475,1.7209693200826528,1.485077951002227,3.018329938900204,3.7921839642835304,0.684812030075188
2021-03-02,3508.591,4.071,1.3079847908745246,1.6632441093308201,1.3575418994413406,1.1299569082767487,1.7196853094558695,1.4583518930957684,2.9623217922606924,3.7235914894773683,0.6716648764769065
2021-03-03,3576.905,4.1077,1.3079847908745246,1.6605636192271442,1.371973929236499,1.1300182143658466,1.7485261635343894,1.4649220489977728,2.874745417515275,3.6684725365081308,0.681235230934479
2021-03-04,3503.492,4.0463,1.3079847908745246,1.6558727615457116,1.3659217877094971,1.1300795237811212,1.7218582505165798,1.4525612472160356,2.8340122199592668,3.5374119150034997,0.7103329752953813
2021-03-05,3501.987,4.0393,1.3079847908745246,1.6509138548539115,1.3598696461824953,1.1301408365227532,1.7280807635540687,1.4393095768374164,2.8869653767820775,3.5692584211635037,0.7326638023630505
2021-03-08,3421.414,3.9754,1.30893536121673,1.634026767200754,1.3533519553072626,1.130324794707598,1.702104240873758,1.4523385300668152,2.79837067209776,3.389203174797328,0.7283136412459721
2021-03-09,3359.292,3.9375,1.30893536121673,1.6443466540999059,1.3482309124767224,1.1303861207564643,1.6676334940470332,1.447327394209354,2.9338085539714864,3.5276129900311908,0.7258968850698174
2021-03-10,3357.737,3.9508,1.30893536121673,1.6526561734213008,1.344506517690875,1.1304474501325905,1.657558949129194,1.4611358574610245,2.914460285132383,3.4920918870065716,0.7243501611170784
2021-03-11,3436.831,3.9949,1.30893536121673,1.664450329877474,1.3589385474860334,1.1305087828361566,1.6882764341237824,1.4761692650334075,2.9765784114052956,3.6121287179173547,0.7380773361976369
2021-03-12,3453.078,4.0019,1.30893536121673,1.6615017907634309,1.3640595903165735,1.130570118867344,1.687881353930926,1.455902004454343,2.945010183299389,3.5606843618127333,0.7361439312567132
2021-03-15,3419.946,3.962,1.3098859315589353,1.6706154571159282,1.3649906890130352,1.1307541469284366,1.6783994293023714,1.4681514476614699,2.984725050916497,3.550885436840425,0.7344038668098819
2021-03-16,3446.733,3.9771,1.3098859315589353,1.6750382657869933,1.3682495344506518,1.1308154962719128,1.6892641346059234,1.4702672605790645,3.0010183299389004,3.580282211757351,0.7288936627282492
2021-03-17,3445.551,3.9849,1.3098859315589353,1.675842412818096,1.3659217877094971,1.1308768489439127,1.6985485191380498,1.4757238307349665,3.010183299389002,3.5864065398650444,0.7280236305048335
2021-03-18,3463.068,3.9997,1.3098859315589353,1.6785229029217719,1.3687150837988826,1.1309382049446168,1.7103021548755288,1.4842984409799553,2.9124236252545823,3.5129146025727276,0.6882921589688507
2021-03-19,3404.663,3.9514,1.3108365019011405,1.6833477851083882,1.3635940409683425,1.130999564274206,1.7025980911148284,1.482850779510022,2.939918533604888,3.521488661923498,0.6961224489795919
2021-03-22,3443.439,3.9682,1.3108365019011405,1.6861622997172478,1.3715083798882681,1.1311836622380884,1.733809426350487,1.4747216035634745,2.9938900203665986,3.5423113774896544,0.6984425349087003
2021-03-23,3411.509,3.951,1.3117870722433458,1.679059000942507,1.3635940409683425,1.1312450348850231,1.718401298829086,1.481403118040089,2.9714867617107945,3.4847426932773398,0.669828141783029
2021-03-24,3367.061,3.9218,1.3117870722433458,1.678924976437323,1.3528864059590315,1.1313064108617459,1.6921284660041327,1.475389755011136,2.930753564154786,3.389203174797328,0.6934156820622986
2021-03-25,3363.592,3.9209,1.3117870722433458,1.6692752120640906,1.3519553072625696,1.1313677901684371,1.6937087867755585,1.4797327394209354,2.928716904276986,3.3855285779327122,0.6747583243823845
2021-03-26,3418.327,3.9615,1.3117870722433458,1.6731619227144203,1.3589385474860334,1.1314291728052779,1.718598838925514,1.4776169265033408,2.9775967413441955,3.4553459183604134,0.6995059076262085
2021-03-29,3435.296,3.9636,1.3127376425855513,1.6684710650329877,1.3645251396648044,1.1316133406985027,1.7225496408540786,1.4785077951002228,2.975560081466395,3.4308486059296412,0.7004726100966703
2021-03-30,3456.677,3.9812,1.3127376425855513,1.6712855796418475,1.3640595903165735,1.1316747366577475,1.7193889993112268,1.4597995545657014,2.9694501018329937,3.463919977711183,0.6985392051557465
2021-03-31,3441.912,3.9649,1.3127376425855513,1.677182657869934,1.3631284916201116,1.1317361359480453,1.7226484109022926,1.4437639198218262,3.018329938900204,3.5043405432219576,0.6935123523093448
2021-04-01,3466.332,3.9883,1.3127376425855513,1.6698113100848258,1.367783985102421,1.1317975385695767,1.7288709239397815,1.473719376391982,3.0661914460285136,3.603554658566585,0.7010526315789474
2021-04-02,3484.392,4.0064,1.3136882129277565,1.6698113100848258,1.3640595903165735,1.1318589445225222,1.7298586244219227,1.4884187082405345,3.069246435845214,3.6170281804035094,0.702406015037594
2021-04-06,3482.967,3.9991,1.3136882129277565,1.6698113100848258,1.366387337057728,1.1321046016520624,1.7487237036308176,1.4819599109131403,3.1201629327902243,3.648874686563513,0.6928356605800214
2021-04-07,3479.626,3.9855,1.3136882129277565,1.6750382657869933,1.3715083798882681,1.1321660242647906,1.752575735511168,1.4887527839643653,3.122199592668024,3.610903852295816,0.6877121374865736
2021-04-08,3482.555,3.9889,1.3136882129277565,1.674100094250707,1.3705772811918062,1.132227450210018,1.7469458427629636,1.4928730512249444,3.1578411405295315,3.6562238802927447,0.6893555316863588
2021-04-09,3450.677,3.9621,1.3136882129277565,1.6706154571159282,1.3705772811918062,1.1322888794879251,1.746353222473679,1.4974387527839643,3.175152749490835,3.6476498209419748,0.6882921589688507
2021-04-12,3412.948,3.9308,1.314638783269962,1.6738320452403392,1.367783985102421,1.1324731873195326,1.7090181442487453,1.4906458797327393,3.1771894093686357,3.620702777268125,0.6943823845327606
2021-04-13,3396.47,3.928,1.314638783269962,1.6683370405278037,1.3635940409683425,1.1325346299299668,1.7053636524648232,1.478619153674833,3.2097759674134423,3.6329514334835116,0.6994092373791623
2021-04-14,3416.721,3.9418,1.3155893536121672,1.6711515551366634,1.366387337057728,1.1325960758739848,1.7236361113844338,1.4906458797327393,3.163951120162933,3.6194779116465865,0.7226100966702471
2021-04-15,3398.988,3.931,1.3155893536121672,1.6672648444863336,1.366387337057728,1.1326575251517674,1.713857876611237,1.489977728285078,3.2107942973523422,3.637850895969666,0.7247368421052632
2021-04-16,3426.618,3.9379,1.3155893536121672,1.6704814326107444,1.3733705772811917,1.132718977763496,1.7299573944701367,1.5033407572383075,3.213849287169043,3.643975224077359,0.724640171858217
2021-04-19,3477.549,3.9761,1.3155893536121672,1.6762444863336474,1.376629422718808,1.1329033556041639,1.7565265374397323,1.5153674832962138,3.1802443991853364,3.6464249553204358,0.7249301825993556
2021-04-20,3472.943,3.9754,1.3165399239543725,1.676512535344015,1.376629422718808,1.1329648215534838,1.7509954147397422,1.5020044543429845,3.1517311608961305,3.6047795241881233,0.7139097744360903
2021-04-21,3472.93,3.98,1.3165399239543725,1.6743681432610746,1.376629422718808,1.133026290837654,1.7506003345468857,1.5148106904231626,3.1771894093686357,3.6231525085112026,0.7045327604726102
2021-04-22,3465.114,3.9803,1.3165399239543725,1.672223751178134,1.3784916201117317,1.133087763456855,1.7566253074879465,1.5173719376391983,3.1313645621181263,3.6194779116465865,0.7056928034371643
2021-04-23,3474.166,3.9998,1.3165399239543725,1.674100094250707,1.37756052141527,1.133149239411268,1.7582056282593723,1.511804008908686,3.1731160896130346,3.6794963271019787,0.7108163265306122
2021-04-26,3441.166,3.9789,1.3165399239543725,1.6678009425070688,1.3738361266294226,1.1333336872875894,1.7486249335826036,1.507683741648107,3.1914460285132384,3.7113428332619818,0.7076262083780881
2021-04-27,3442.611,3.9868,1.3165399239543725,1.666460697455231,1.3733705772811917,1.1333951765846602,1.7412171799665452,1.5080178173719376,3.1771894093686357,3.7113428332619818,0.7174865735767991
2021-04-28,3457.068,3.995,1.3165399239543725,1.666460697455231,1.3770949720670391,1.133456669217848,1.7367725277969104,1.4965478841870825,3.1598778004073322,3.7015439082896733,0.7258968850698174
2021-04-29,3474.901,4.0114,1.3174904942965777,1.6624399622997172,1.3803538175046552,1.1335181651873336,1.7363774476040539,1.5060133630289532,3.169042769857434,3.6684725365081308,0.7339205155746509
2021-04-30,3446.856,3.9981,1.3174904942965777,1.6615017907634309,1.3761638733705772,1.133579664493298,1.7228459509987208,1.4996659242761692,3.1425661914460283,3.6145784491604322,0.7197099892588615
2021-05-06,3441.283,3.9759,1.3184410646387832,1.641800188501414,1.383147113594041,1.1339487304052804,1.730056164518351,1.5172605790645879,3.0967413441955194,3.521488661923498,0.7414607948442535
2021-05-07,3418.874,3.9499,1.3184410646387832,1.6389856738925543,1.3845437616387337,1.1340102530716665,1.7223521007576503,1.5351893095768374,3.1109979633401226,3.49331675262811,0.7384640171858218
2021-05-10,3427.991,3.9452,1.3193916349809884,1.6396557964184733,1.3891992551210428,1.134194841099113,1.7273893732165697,1.5391982182628063,3.018329938900204,3.3867534435542512,0.7361439312567132
2021-05-11,3441.845,3.9524,1.3193916349809884,1.6322844486333647,1.3840782122905027,1.1342563771182952,1.7165246679130177,1.5390868596881961,3.0081466395112018,3.3977772341480983,0.7392373791621912
2021-05-12,3462.751,3.9596,1.3193916349809884,1.6336246936852028,1.3882681564245811,1.134317916476129,1.7367725277969104,1.54097995545657,2.930753564154786,3.337758818692707,0.746390977443609
2021-05-13,3429.536,3.9407,1.3193916349809884,1.6350989632422244,1.3812849162011174,1.1343794591727958,1.7169197481058742,1.5339643652561246,2.970468431771894,3.304687446911164,0.7304403866809882
2021-05-14,3490.376,3.98,1.320342205323194,1.6344288407163055,1.3845437616387337,1.1344410052084766,1.7303524746629932,1.5403118040089085,3.0305498981670063,3.3843037123111737,0.7395273899033298
2021-05-17,3517.616,4.0074,1.320342205323194,1.6318823751178133,1.3845437616387337,1.1346256633514156,1.7276856833612124,1.558240534521158,3.0020366598778003,3.392877771661944,0.7458109559613318
2021-05-18,3529.014,4.0096,1.320342205323194,1.642336286522149,1.3868715083798882,1.1346872227449645,1.73124140509692,1.569042316258352,2.9826883910386965,3.402676696634253,0.7416541353383459
2021-05-19,3510.965,4.0009,1.3212927756653992,1.642336286522149,1.3845437616387337,1.1347487854784335,1.7277844534094264,1.571380846325167,2.983706720977597,3.4112507559850234,0.7156498388829216
2021-05-20,3506.944,4.0054,1.3212927756653992,1.6411300659754946,1.3770949720670391,1.1348103515520036,1.7176111384433732,1.5729398663697105,3.0509164969450104,3.4884172901419555,0.7088829215896885
2021-05-21,3486.557,3.9884,1.3222433460076046,1.644078605089538,1.3789571694599627,1.1348719209658564,1.7170185181540882,1.5739420935412027,3.025458248472505,3.4492215902527197,0.7202900107411385
2021-05-24,3497.282,3.9936,1.3222433460076046,1.6468931196983976,1.3817504655493482,1.1350566492509209,1.7260065925415724,1.5796213808463253,3.0814663951120163,3.4761686339265694,0.7376906552094522
2021-05-25,3581.342,4.0501,1.3222433460076046,1.6459549481621112,1.3891992551210428,1.1351182320277158,1.740920869821903,1.574610244988864,3.079429735234216,3.526388124409652,0.7382706766917294
2021-05-26,3593.357,4.0483,1.3231939163498097,1.64662507068803,1.3933891992551208,1.135179818145699,1.7533658958968807,1.5889755011135858,3.080448065173116,3.510464871329651,0.7398174006444683
2021-05-27,3608.851,4.0566,1.3231939163498097,1.649171536286522,1.3957169459962757,1.135241407605052,1.7663047722129293,1.5783964365256125,3.0672097759674135,3.5092400057081123,0.7432008592910849
2021-05-28,3600.784,4.0506,1.3231939163498097,1.6456868991517437,1.3971135940409682,1.1353030004059566,1.7590945586932991,1.5714922048997773,3.0661914460285136,3.5067902744650348,0.7417508055853921
2021-05-31,3615.477,4.0538,1.3231939163498097,1.6456868991517437,1.4013035381750463,1.13548779885979,1.7742063760700582,1.580400890868597,3.0570264765784114,3.521488661923498,0.7395273899033298
2021-06-01,3624.714,4.0587,1.3231939163498097,1.6438105560791705,1.4050279329608937,1.1355494050287125,1.7878366427236052,1.5898663697104676,3.044806517311609,3.5496605712188862,0.7506444683136412
2021-06-02,3597.138,4.0409,1.3231939163498097,1.6503777568331763,1.4022346368715084,1.1356110145400926,1.7812190494932598,1.5681514476614697,3.0590631364562118,3.5447611087327315,0.7605048335123523
2021-06-03,3584.212,4.0308,1.3231939163498097,1.6486354382657868,1.4017690875232773,1.135672627394112,1.7801325789629046,1.5580178173719377,3.028513238289206,3.482292962034262,0.7616648764769066
2021-06-04,3591.845,4.038,1.3231939163498097,1.646088972667295,1.3999068901303537,1.1357342435909519,1.7809227393486176,1.5444320712694877,3.094704684317719,3.5300627212742683,0.769205155746509
2021-06-07,3599.541,4.0372,1.3231939163498097,1.6452848256361923,1.3994413407821227,1.1359191122402081,1.7906022040736003,1.552672605790646,3.0967413441955194,3.517814065058882,0.7677551020408163
2021-06-08,3580.106,4.0188,1.3231939163498097,1.640459943449576,1.3957169459962757,1.1359807418101435,1.786848942241464,1.557238307349666,3.0957230142566194,3.5043405432219576,0.774328678839957
2021-06-09,3591.397,4.0253,1.3231939163498097,1.6407279924599434,1.3980446927374302,1.1360423747238066,1.798405037882515,1.5596881959910913,3.09877800407332,3.5043405432219576,0.773265306122449
2021-06-10,3610.859,4.0375,1.3231939163498097,1.6387176248821864,1.3994413407821227,1.1361040109813785,1.8032447702450065,1.5546770601336302,3.1313645621181263,3.552110302461963,0.7769387755102041
2021-06-11,3589.748,4.0234,1.3231939163498097,1.6360371347785108,1.397579143389199,1.1361656505830404,1.7934665354718096,1.5675946547884185,3.1334012219959266,3.558234630569656,0.7771321160042964
2021-06-15,3556.559,4.0055,1.3231939163498097,1.6399238454288407,1.3933891992551208,1.1364122424342205,1.776971937420053,1.5429844097995544,3.15071283095723,3.574157883649658,0.7925993555316864
2021-06-16,3518.329,3.975,1.3231939163498097,1.6393877474081056,1.3864059590316573,1.1364738987590557,1.754452366427236,1.539532293986637,3.1405295315682284,3.536187049381961,0.7937593984962407
2021-06-17,3525.604,3.983,1.3231939163498097,1.6361711592836947,1.3864059590316573,1.13653555842907,1.7628478205254354,1.5119153674832961,3.1924643584521384,3.601104927323507,0.7832223415682062
2021-06-18,3525.097,3.984,1.3231939163498097,1.6381815268614515,1.3859404096834262,1.1365972214444444,1.7764780871789825,1.4988864142538976,3.169042769857434,3.5937557335942762,0.7875725026852847
2021-06-21,3529.183,3.9775,1.3241444866920151,1.6464910461828464,1.388733705772812,1.1367822305645465,1.7876391026271772,1.4973273942093541,3.19857433808554,3.592530867972737,0.8025563909774437
2021-06-22,3557.412,3.9931,1.3241444866920151,1.6489034872761545,1.3947858472998136,1.1368439069631784,1.8024546098592935,1.5014476614699332,3.2311608961303464,3.6133535835388937,0.8055531686358754
2021-06-23,3566.22,3.9994,1.3241444866920151,1.6506458058435438,1.4022346368715084,1.1369055867080784,1.8102574436682082,1.5028953229398663,3.2321792260692463,3.641525492834281,0.8123200859291085
2021-06-24,3566.654,4.0005,1.3241444866920151,1.6576150801131007,1.4022346368715084,1.1369672697994282,1.8108500639574927,1.4969933184855233,3.263747454175153,3.6831709239665944,0.8155102040816327
2021-06-25,3607.562,4.0331,1.3250950570342204,1.6573470311027332,1.4059590316573556,1.1370289562374092,1.8316905441306701,1.4979955456570155,3.2545824847250513,3.688070386452749,0.8191836734693878
2021-06-28,3606.372,4.0392,1.3250950570342204,1.654934590009425,1.4013035381750463,1.1372140356329552,1.837814287119945,1.499554565701559,3.286150712830957,3.7137925645050593,0.8081632653061224
2021-06-29,3573.178,4.0228,1.3250950570342204,1.6541304429783223,1.3994413407821227,1.1372757354592768,1.8242827905146117,1.4923162583518932,3.2963340122199596,3.7235914894773683,0.8121267454350161
2021-06-30,3591.197,4.0379,1.3250950570342204,1.6523881244109333,1.4022346368715084,1.1373374386331379,1.8373204368788745,1.4783964365256124,3.294297352342159,3.6905201176958258,0.8116433941997852
2021-07-01,3588.782,4.0421,1.3260456273764258,1.6554706880301604,1.3999068901303537,1.1373991451547196,1.8148008658860573,1.49554565701559,3.3004073319755602,3.6733719989942855,0.8232438238453277
2021-07-02,3518.76,3.9869,1.3260456273764258,1.651181903864279,1.3957169459962757,1.137460855024204,1.8011705992325102,1.499109131403118,3.339103869653768,3.6574487459142837,0.8281740064446832
2021-07-05,3534.322,3.9878,1.3260456273764258,1.651181903864279,1.397579143389199,1.1376460047218877,1.812726694873561,1.5047884187082405,3.338085539714868,3.643975224077359,0.8297207303974221
2021-07-06,3530.259,3.9907,1.326996197718631,1.6401918944392082,1.3971135940409682,1.1377077279847982,1.8184553576699793,1.5183741648106903,3.3472505091649696,3.630501702240434,0.8117400644468313
2021-07-07,3553.716,4.0125,1.326996197718631,1.6426043355325166,1.398510242085661,1.1377694545965196,1.8357401161074487,1.516481069042316,3.359470468431772,3.626827105375818,0.7947261009667025
2021-07-08,3525.504,3.9973,1.3279467680608366,1.6345628652214892,1.3891992551210428,1.1378311845572333,1.8293200629735316,1.5185968819599107,3.3370672097759675,3.5778324805142736,0.8049731471535982
2021-07-09,3524.088,3.9904,1.3279467680608366,1.6369753063147974,1.3943202979515827,1.1378929178671213,1.8520371740627768,1.5217149220489978,3.3625254582484727,3.618253046025048,0.8215037593984963
2021-07-12,3547.836,4.0143,1.329847908745247,1.6424703110273327,1.3989757914338918,1.138078137893647,1.8812731083341534,1.5174832962138085,3.375763747454175,3.63417629910505,0.818796992481203
2021-07-13,3566.523,4.0204,1.3307984790874523,1.6451508011310085,1.4050279329608937,1.1381398846020487,1.904286529568041,1.5221603563474386,3.373727087576375,3.6403006272127425,0.8304940923737916
2021-07-14,3528.501,4.0019,1.3307984790874523,1.6451508011310085,1.4027001862197392,1.1382016346605335,1.895298455180557,1.5256124721603563,3.3818737270875765,3.6231525085112026,0.8164769065520946
2021-07-15,3564.59,4.0295,1.3307984790874523,1.6385836003770027,1.4068901303538173,1.1382633880692825,1.8993480271573355,1.5368596881959913,3.34928716904277,3.5986551960804305,0.8023630504833512
2021-07-16,3539.304,4.0084,1.3317490494296578,1.6411300659754946,1.40828677839851,1.138325144828478,1.9085336416412475,1.53195991091314,3.3268839103869654,3.5692584211635037,0.802749731471536
2021-07-19,3539.123,4.0165,1.3317490494296578,1.6325524976437322,1.4068901303538173,1.1385104352105602,1.9020148184591164,1.5211581291759466,3.2963340122199596,3.548435705597347,0.7539312567132116
2021-07-20,3536.791,4.015,1.332699619771863,1.6342948162111217,1.4036312849162011,1.138572205373359,1.898162786578766,1.528619153674833,3.3452138492871692,3.580282211757351,0.762438238453276
2021-07-21,3562.661,4.0255,1.332699619771863,1.634696889726673,1.404096834264432,1.1386339788875126,1.9093238020269605,1.5230512249443207,3.369653767820774,3.618253046025048,0.7896992481203007
2021-07-22,3574.734,4.0293,1.3336501901140685,1.6328205466541,1.4106145251396647,1.1386957557532038,1.9317446029715635,1.5146993318485524,3.3818737270875765,3.6354011647265887,0.7994629430719656
2021-07-23,3550.396,4.0045,1.3336501901140685,1.6281296889726675,1.404096834264432,1.1387575359706141,1.9094225720751747,1.5199331848552338,3.420570264765784,3.626827105375818,0.8056498388829216
2021-07-26,3467.441,3.9436,1.3346007604562735,1.6151293119698398,1.39292364990689,1.138942896734977,1.8814706484305816,1.5249443207126947,3.4297352342158858,3.5496605712188862,0.8099999999999999
2021-07-27,3381.183,3.88,1.3346007604562735,1.595963807728558,1.3770949720670391,1.1390046903610818,1.8354438059628062,1.520044543429844,3.3900203665987783,3.436972934037334,0.8078732545649839
2021-07-28,3361.59,3.8832,1.3346007604562735,1.6084280867106502,1.3705772811918062,1.1390664873398146,1.8022570697628653,1.5262806236080178,3.4134419551934827,3.511689736951189,0.8128034371643394
2021-07-29,3411.724,3.9124,1.3346007604562735,1.6198201696512722,1.37756052141527,1.139128287671358,1.8501605431467085,1.529621380846325,3.4215885947046845,3.5423113774896544,0.826530612244898
2021-07-30,3397.357,3.8941,1.3346007604562735,1.6088301602262016,1.3840782122905027,1.1391900913558934,1.8714948735609565,1.5380846325167037,3.383910386965377,3.466369708954261,0.8231471535982815
2021-08-02,3464.285,3.9378,1.335551330798479,1.6115106503298773,1.3859404096834262,1.1393755225292717,1.9032000590376859,1.5197104677060134,3.3869653767820775,3.4908670213850326,0.8018796992481203
2021-08-03,3447.991,3.9381,1.335551330798479,1.6113766258246935,1.3784916201117317,1.139437339627595,1.8964836957591262,1.5220489977728284,3.4063136456211813,3.4724940370619533,0.7956928034371644
2021-08-04,3477.219,3.9508,1.335551330798479,1.617675777568332,1.3868715083798882,1.13949916007982,1.9309544425858507,1.524164810690423,3.4134419551934827,3.5129146025727276,0.774812030075188
2021-08-05,3466.549,3.9393,1.335551330798479,1.6132529688972668,1.383147113594041,1.139560983886129,1.9218675981501525,1.5217149220489978,3.4378818737270875,3.5165891994373433,0.7868958109559613
2021-08-06,3458.228,3.931,1.3365019011406842,1.614325164938737,1.3864059590316573,1.1396228110467035,1.9301642822001377,1.5132516703786192,3.4175152749490834,3.4957664838711873,0.7795488721804511
2021-08-09,3494.635,3.9556,1.3365019011406842,1.6211604147031102,1.393854748603352,1.1398083126558418,1.9567334251697335,1.4758351893095767,3.4348268839103873,3.536187049381961,0.7649516648764769
2021-08-10,3529.931,3.9772,1.3365019011406842,1.6310782280867107,1.3952513966480447,1.1398701532352995,1.970857542064351,1.4680400890868597,3.4164969450101834,3.5300627212742683,0.7831256713211601
2021-08-11,3532.621,3.968,1.3365019011406842,1.630944203581527,1.404096834264432,1.139931997169933,1.9883398405982486,1.4636971046770602,3.4103869653767824,3.5141394681942666,0.7872824919441461
2021-08-12,3524.737,3.9526,1.3365019011406842,1.6302740810556078,1.4115456238361266,1.1399938444599245,1.9933771130571685,1.4808463251670378,3.420570264765784,3.5018908119788805,0.7869924812030076
2021-08-13,3516.299,3.9449,1.3365019011406842,1.6253151743638077,1.4134078212290502,1.1400556951054555,2.000488556528584,1.484521158129176,3.4327902240325865,3.489642155763494,0.7795488721804511
2021-08-16,3517.345,3.9445,1.3365019011406842,1.6186139491046183,1.413873370577281,1.140241267177109,1.9966365246482338,1.4983296213808461,3.4297352342158858,3.4406475309019497,0.770171858216971
2021-08-17,3446.976,3.9023,1.3365019011406842,1.6109745523091423,1.4022346368715084,1.1403031312466203,1.9524863130965264,1.5125835189309578,3.4012219959266803,3.3941026372834826,0.7664017185821697
2021-08-18,3485.286,3.9227,1.3374524714828897,1.615665409990575,1.4073556797020483,1.140364998672582,1.967104280232215,1.5108017817371937,3.3767820773930755,3.3965523685265597,0.7537379162191192
2021-08-19,3465.555,3.9104,1.3374524714828897,1.6095002827521208,1.404096834264432,1.140426869455176,1.9606842270982978,1.5053452115812915,3.3900203665987783,3.379404249825019,0.7359505907626208
2021-08-20,3427.334,3.8761,1.3374524714828897,1.6077579641847313,1.4050279329608937,1.1404887435945843,1.9628571681590081,1.5114699331848551,3.4327902240325865,3.402676696634253,0.7229967776584318
2021-08-23,3477.132,3.8994,1.3374524714828897,1.618747973609802,1.4110800744878957,1.140674386155518,1.997525455082161,1.5084632516703786,3.4816700610997966,3.4651448433327223,0.7578947368421053
2021-08-24,3514.471,3.9204,1.3374524714828897,1.6269234684260132,1.4162011173184357,1.1407362737240057,2.02537860867854,1.5198218262806236,3.4826883910386965,3.500665946357342,0.7785821697099893
2021-08-25,3540.384,3.9236,1.338403041825095,1.6305421300659753,1.4236499068901303,1.1407981646502185,2.045132618321362,1.5116926503340755,3.480651731160896,3.515364333815805,0.7841890440386682
2021-08-26,3501.664,3.8921,1.3374524714828897,1.6269234684260132,1.425977653631285,1.140860058934339,2.055207163239201,1.5067928730512248,3.460285132382892,3.4920918870065716,0.7792588614393127
2021-08-27,3522.157,3.9042,1.3374524714828897,1.6292018850141377,1.430633147113594,1.1409219565765487,2.0636026173374007,1.519042316258352,3.5020366598778003,3.5202637963019594,0.7915359828141783
2021-08-30,3528.151,3.8978,1.338403041825095,1.628397737983035,1.434823091247672,1.1411076696535376,2.071109141001673,1.5238307349665925,3.5305498981670063,3.5325124525173455,0.792406015037594
2021-08-31,3543.94,3.8928,1.338403041825095,1.6329545711592837,1.4483240223463687,1.1411695807299278,2.0881963593427137,1.524164810690423,3.525458248472505,3.550885436840425,0.7896025778732545
2021-09-01,3567.101,3.9141,1.338403041825095,1.630944203581527,1.4450651769087524,1.1412314951653186,2.0733808521105974,1.5231625835189309,3.5325865580448066,3.582731943000428,0.78515574650913
2021-09-02,3597.043,3.9142,1.338403041825095,1.6344288407163055,1.456703910614525,1.1412934129598924,2.1111110105283872,1.5229398663697105,3.5264765784114056,3.5655838242988875,0.8017830290010741
2021-09-03,3581.734,3.9039,1.338403041825095,1.6345628652214892,1.4529795158286778,1.1413553341138312,2.101925396044475,1.5214922048997774,3.5356415478615073,3.582731943000428,0.7974328678839957
2021-09-06,3621.859,3.9347,1.338403041825095,1.6345628652214892,1.4594972067039105,1.141541117733661,2.1132839515890978,1.5315144766146993,3.533604887983707,3.5937557335942762,0.7946294307196562
2021-09-07,3676.587,3.9606,1.338403041825095,1.6399238454288407,1.4748603351955307,1.141603052326883,2.169484109022926,1.5278396436525614,3.538696537678208,3.615803314781971,0.786219119226638
2021-09-08,3675.187,3.9538,1.338403041825095,1.640459943449576,1.4799813780260707,1.1416649902803815,2.1991151234871595,1.5128062360801782,3.533604887983707,3.5876314054865825,0.7966595059076262
2021-09-09,3693.13,3.9544,1.338403041825095,1.6274595664467482,1.4934823091247673,1.1417269315943388,2.2298326084817477,1.5056792873051226,3.517311608961304,3.548435705597347,0.7859291084854995
2021-09-10,3703.11,3.9694,1.338403041825095,1.6304081055607915,1.4851024208566106,1.1417888762689374,2.2144244809603464,1.5093541202672605,3.4877800407331976,3.547210839975808,0.7980128893662728
2021-09-13,3715.372,3.965,1.338403041825095,1.624511027332705,1.4972067039106145,1.1419747304584034,2.2367465118567353,1.5046770601336301,3.4826883910386965,3.508015140086573,0.8061331901181525
2021-09-14,3662.602,3.9378,1.338403041825095,1.6216965127238454,1.483240223463687,1.1420366885773903,2.2058314867657187,1.505011135857461,3.470468431771894,3.496991349492726,0.8051664876476906
2021-09-15,3656.223,3.923,1.3374524714828897,1.6163355325164939,1.4860335195530727,1.1420986500579298,2.227067047131752,1.5094654788418707,3.4969450101832997,3.5031156776004186,0.8251772287862513
2021-09-16,3607.092,3.9004,1.3374524714828897,1.6001185673892553,1.4748603351955307,1.1421606149002048,2.200004053921086,1.4975501113585745,3.4908350305498983,3.4957664838711873,0.8216004296455425
2021-09-17,3613.966,3.9169,1.3374524714828897,1.6125828463713479,1.4641527001862196,1.1422225831043975,2.1777807930729116,1.4835189309576837,3.460285132382892,3.4957664838711873,0.8197636949516649
2021-09-22,3628.49,3.9065,1.338403041825095,1.6125828463713479,1.4720670391061452,1.1425324745605108,2.1848922365443273,1.5012249443207129,3.433808553971487,3.466369708954261,0.8251772287862513
2021-09-23,3642.22,3.914,1.338403041825095,1.6144591894439206,1.4716014897579142,1.1425944629400404,2.1858799370264683,1.486859688195991,3.468431771894094,3.510464871329651,0.8396777658431794
2021-09-24,3613.067,3.9101,1.338403041825095,1.6120467483506127,1.4506517690875231,1.1426564546827649,2.115061812456952,1.479064587973274,3.4633401221995923,3.49331675262811,0.8448012889366273
2021-09-27,3582.831,3.9141,1.338403041825095,1.6160674835061262,1.4310986964618249,1.1428424500919314,2.032983902391026,1.482739420935412,3.4399185336048883,3.487192424520417,0.8629752953813105
2021-09-28,3602.218,3.9164,1.338403041825095,1.6186139491046183,1.440409683426443,1.1429044552892595,2.0367371642231626,1.4708240534521158,3.338085539714868,3.392877771661944,0.8540816326530611
2021-09-29,3536.294,3.8902,1.338403041825095,1.6140571159283694,1.419459962756052,1.142966463850695,1.9661165797500737,1.4667037861915366,3.3370672097759675,3.365930727988095,0.8542749731471536
2021-09-30,3568.167,3.9036,1.338403041825095,1.6239749293119699,1.429702048417132,1.14302847577642,2.0062172193250025,1.4610244988864143,3.332993890020367,3.380629115446558,0.8600751879699249
2021-10-08,3592.167,3.9245,1.338403041825095,1.5978401508011308,1.4283054003724394,1.1435246923185554,2.022119197087474,1.4757238307349665,3.34928716904277,3.4063512934988687,0.9024167561761547
2021-10-11,3591.709,3.9241,1.338403041825095,1.6011907634307259,1.431564245810056,1.1437108290547267,2.0114520318803506,1.4730512249443206,3.3187372708757636,3.389203174797328,0.9106337271750805
2021-10-12,3546.936,3.901,1.338403041825095,1.591540999057493,1.420391061452514,1.1437728813661683,1.9750058840893436,1.4811804008908687,3.304480651731161,3.3757296529604033,0.9079269602577874
2021-10-13,3561.762,3.9218,1.338403041825095,1.5930152686145147,1.4166666666666667,1.1438349370442733,1.971845242546492,1.480512249443207,3.338085539714868,3.4381977996588726,0.910343716433942
2021-10-14,3558.28,3.9167,1.338403041825095,1.5871181903864278,1.4143389199255119,1.1438969960892245,1.988833690839319,1.4996659242761692,3.3900203665987783,3.467594574575799,0.9144038668098818
2021-10-15,3572.366,3.9256,1.338403041825095,1.5914069745523092,1.4166666666666667,1.1439590585012043,1.9836976483321853,1.496770601336303,3.4093686354378816,3.489642155763494,0.9220408163265306
2021-10-18,3568.138,3.9039,1.3374524714828897,1.5940874646559848,1.4245810055865922,1.1441452659411426,2.0079950801928566,1.4773942093541201,3.4389002036659875,3.5092400057081123,0.9170139634801289
2021-10-19,3593.153,3.9203,1.3374524714828897,1.6069538171536288,1.4287709497206702,1.144207341823064,2.032786362294598,1.4829621380846325,3.4633401221995923,3.550885436840425,0.9234908700322234
2021-10-20,3587.001,3.9144,1.3374524714828897,1.6082940622054664,1.4222532588454375,1.1442694210729278,2.022909357473187,1.4779510022271714,3.4460285132382893,3.5349621837604226,0.9281310418904404
2021-10-21,3594.783,3.9196,1.338403041825095,1.6019949104618285,1.4264432029795158,1.1443315036909165,2.026366309160681,1.4844097995545655,3.4592668024439917,3.541086511868116,0.9132438238453277
2021-10-22,3582.604,3.9295,1.338403041825095,1.6052114985862393,1.4162011173184357,1.1443935896772128,2.0005873265767984,1.49086859688196,3.4368635437881876,3.526388124409652,0.925327604726101
2021-10-25,3609.863,3.9353,1.3393536121673004,1.6044073515551367,1.4166666666666667,1.144579867847775,2.007797540096428,1.489643652561247,3.4663951120162935,3.5337373181388836,0.9257142857142857
2021-10-26,3597.638,3.9295,1.3393536121673004,1.5721074458058435,1.4143389199255119,1.1446419673091295,1.9940685033946668,1.4933184855233852,3.474541751527495,3.517814065058882,0.9314178302900108
2021-10-27,3562.305,3.9042,1.3393536121673004,1.5475809613572102,1.4050279329608937,1.1447040701397055,1.9568321952179475,1.4811804008908687,3.4816700610997966,3.4847426932773398,0.9102470461868958
2021-10-28,3518.417,3.8892,1.3403041825095057,1.5226524033930255,1.3915270018621972,1.1447661763396857,1.9067557807733937,1.4975501113585745,3.5274949083503055,3.521488661923498,0.9137271750805586
2021-10-29,3547.336,3.9046,1.3403041825095057,1.5151470311027333,1.3943202979515827,1.1448282859092531,1.9171266358358754,1.4920935412026726,3.540733197556008,3.5141394681942666,0.9116970998925886
2021-11-01,3544.48,3.8939,1.3403041825095057,1.5130026390197926,1.3957169459962757,1.145014634837306,1.94656011020368,1.4851893095768376,3.568228105906314,3.5423113774896544,0.9228141783029001
2021-11-02,3505.628,3.8732,1.341254752851711,1.497991894439208,1.3845437616387337,1.1450767578870502,1.896286155662698,1.491870824053452,3.5733197556008145,3.5276129900311908,0.919624060150376
2021-11-03,3498.537,3.8647,1.341254752851711,1.5016105560791706,1.3901303538175047,1.1451388843072956,1.9094225720751747,1.480512249443207,3.615071283095723,3.547210839975808,0.889656283566058
2021-11-04,3526.866,3.8788,1.3422053231939162,1.4919607917059377,1.3905959031657356,1.1452010140982252,1.920484817475155,1.476280623608018,3.652749490835031,3.580282211757351,0.8828893662728249
2021-11-05,3491.568,3.869,1.3422053231939162,1.4792284637134778,1.382216014897579,1.1452631472600217,1.877421076453803,1.4939866369710466,3.657841140529532,3.5643589586773494,0.903093447905478
2021-11-08,3498.631,3.8681,1.3422053231939162,1.4776201696512725,1.3854748603351954,1.1454495669724425,1.8853226803109318,1.5093541202672605,3.6517311608961305,3.5753827492711965,0.9112137486573577
2021-11-09,3507.002,3.869,1.3422053231939162,1.4726612629594722,1.387337057728119,1.1455117136195365,1.9014221981698318,1.5148106904231626,3.6221995926680246,3.5631340930558104,0.9208807733619764
2021-11-10,3492.462,3.8574,1.3422053231939162,1.4817749293119697,1.3868715083798882,1.1455738636384116,1.90882995178589,1.5140311804008908,3.5733197556008145,3.523938393166575,0.9032867883995703
2021-11-11,3532.786,3.8852,1.3422053231939162,1.4914246936852027,1.3957169459962757,1.1456360170292514,1.934707704417987,1.5403118040089085,3.5947046843177186,3.5766076148927355,0.9010633727175081
2021-11-12,3539.1,3.8799,1.3422053231939162,1.505631291234684,1.3924581005586592,1.1456981737922387,1.9430043884679722,1.5406458797327394,3.627291242362525,3.6145784491604322,0.8968098818474758
2021-11-15,3533.303,3.8765,1.3431558935361216,1.5064354382657872,1.39292364990689,1.1458846643159148,1.9414240676965464,1.5345211581291758,3.615071283095723,3.5986551960804305,0.892749731471536
2021-11-16,3521.787,3.8784,1.3431558935361216,1.5206420358152686,1.3896648044692737,1.1459468345693216,1.9226577585358655,1.5414253897550112,3.6435845213849287,3.620702777268125,0.896906552094522
2021-11-17,3537.366,3.8789,1.3431558935361216,1.5183636192271441,1.393854748603352,1.1460090081957905,1.9459674899143953,1.5385300668151447,3.644602851323829,3.5974303304588915,0.8809559613319012
2021-11-18,3520.711,3.8627,1.3431558935361216,1.5089819038642789,1.39292364990689,1.146071185195505,1.9461650300108235,1.541759465478842,3.6761710794297353,3.596205464837353,0.8834693877551021
2021-11-19,3560.373,3.88,1.3431558935361216,1.5211781338360038,1.4008379888268154,1.1461333655686479,1.973524333366132,1.542316258351893,3.696537678207739,3.606004389809662,0.8588184747583244
2021-11-22,3582.08,3.89,1.3441064638783269,1.5292196041470312,1.4017690875232773,1.146319926930477,1.995154973925022,1.5261692650334076,3.6608961303462326,3.5533351680835015,0.8713856068743286
2021-11-23,3589.089,3.8886,1.3441064638783269,1.530425824693685,1.4050279329608937,1.1463821207991636,2.006809839614287,1.5015590200445434,3.6435845213849287,3.5043405432219576,0.8954564983888292
2021-11-24,3592.703,3.8896,1.3450570342205324,1.5335083883129126,1.4078212290502792,1.1464443180421937,2.008686470530355,1.49086859688196,3.654786150712831,3.5300627212742683,0.8933297529538131
2021-11-25,3584.179,3.883,1.3450570342205324,1.5335083883129126,1.4054934823091247,1.1465065186597505,2.012242192266063,1.4902004454342985,3.659877800407332,3.531287586895807,0.8922663802363051
2021-11-26,3564.089,3.8721,1.3460076045627376,1.526137040527804,1.4013035381750463,1.1465687226520171,2.0144151333267732,1.4993318485523386,3.5814663951120163,3.4651448433327223,0.8021697099892589
2021-11-29,3562.697,3.8716,1.3460076045627376,1.525332893496701,1.3980446927374302,1.146755354878907,2.00374796811965,1.489532293986637,3.659877800407332,3.5067902744650348,0.8111600429645542
2021-11-30,3563.887,3.8653,1.3460076045627376,1.5126005655042414,1.3989757914338918,1.1468175723718437,2.0151065236642722,1.4855233853006682,3.5977596741344193,3.4443221277665654,0.7764554242749732
2021-12-01,3576.885,3.8682,1.3450570342205324,1.5013425070688031,1.4050279329608937,1.1468797932404056,2.033477752632097,1.4807349665924276,3.534623217922607,3.3573566686373244,0.7683351235230934
2021-12-02,3573.836,3.8696,1.3450570342205324,1.4983939679547598,1.4073556797020483,1.1469420174847762,2.0184647053035523,1.4741648106904233,3.561099796334012,3.3708301904742486,0.7765520945220193
2021-12-03,3607.432,3.8843,1.3450570342205324,1.4946412818096135,1.4120111731843574,1.1470042451051383,2.031798661812457,1.4723830734966592,3.5,3.285089596966546,0.7790655209452202
2021-12-06,3589.306,3.8809,1.3469581749049429,1.4863317624882186,1.4073556797020483,1.1471909482240064,2.0100692512053526,1.483073496659243,3.5274949083503055,3.2728409407511605,0.806906552094522
2021-12-07,3595.088,3.8883,1.3460076045627376,1.5004043355325165,1.4124767225325883,1.147253189350167,1.9990070058053722,1.4812917594654789,3.635437881873727,3.379404249825019,0.8300107411385608
2021-12-08,3637.568,3.9138,1.3460076045627376,1.502012629594722,1.4157355679702046,1.1473154338532348,2.0170819246285543,1.4822939866369709,3.6466395112016294,3.4063512934988687,0.8380343716433942
2021-12-09,3673.041,3.9419,1.3469581749049429,1.5052292177191329,1.419459962756052,1.1473776817333936,2.0167856144839122,1.4780623608017815,3.582484725050916,3.3610312655019405,0.8197636949516649
2021-12-10,3666.348,3.9376,1.3469581749049429,1.5116623939679545,1.4157355679702046,1.1474399329908265,2.022119197087474,1.4749443207126949,3.634419551934827,3.3745047873388647,0.8309774436090226
2021-12-13,3681.082,3.9449,1.3469581749049429,1.503218850141376,1.4157355679702046,1.147626707028601,2.0321937420053136,1.4812917594654789,3.576374745417515,3.3353090874496294,0.8244038668098819
2021-12-14,3661.525,3.9314,1.3469581749049429,1.4916927426955702,1.40828677839851,1.1476889717969625,2.0222179671356884,1.48184855233853,3.539714867617108,3.2887641938311627,0.815703544575725
2021-12-15,3647.63,3.9159,1.347908745247148,1.487537983034873,1.4106145251396647,1.1477512399435141,2.022810587424973,1.4671492204899776,3.6252545824847253,3.3255101624773205,0.8207303974221267
2021-12-16,3675.016,3.9235,1.347908745247148,1.4868678605089538,1.419459962756052,1.1478135114684391,2.0505649709731375,1.480066815144766,3.5264765784114056,3.23854470334808,0.8283673469387756
2021-12-17,3632.364,3.8943,1.347908745247148,1.4851255419415648,1.4157355679702046,1.147875786371921,2.0326875922463836,1.4983296213808461,3.513238289205703,3.220171719025,0.8121267454350161
2021-12-20,3593.602,3.87,1.347908745247148,1.4648878416588125,1.4106145251396647,1.1480626313555409,1.999402085998229,1.494988864142539,3.489816700610998,3.1809760191357648,0.7956928034371644
2021-12-21,3625.125,3.8814,1.347908745247148,1.4691766258246937,1.4217877094972065,1.1481249197750834,2.025477378726754,1.48641425389755,3.558044806517312,3.2556928220496197,0.8205370569280344
2021-12-22,3622.618,3.8806,1.347908745247148,1.4719911404335533,1.4189944134078212,1.1481872115740996,2.042465827019581,1.4821826280623607,3.6018329938900204,3.2814150001019304,0.8314607948442535
2021-12-23,3643.339,3.8903,1.347908745247148,1.4686405278039587,1.420391061452514,1.148249506752772,2.0419719767785103,1.4977728285077951,3.627291242362525,3.293663656317317,0.842577873254565
2021-12-24,3618.054,3.8807,1.347908745247148,1.4686405278039587,1.4152700186219738,1.148311805311285,2.007698770048214,1.5012249443207129,3.629327902240326,3.3010128500465483,0.841514500537057
2021-12-27,3615.974,3.8783,1.3488593155893536,1.4686405278039587,1.4180633147113593,1.1484987212676991,2.014711443471416,1.4996659242761692,3.6863543788187374,3.338983684314245,0.8555316863587541
2021-12-28,3630.112,3.8953,1.3488593155893536,1.4683724787935908,1.4166666666666667,1.1485610333474066,2.029922030896389,1.5044543429844097,3.6710794297352343,3.3169361031265505,0.8578517722878625
2021-12-29,3597.0,3.8697,1.3498098859315588,1.4642177191328936,1.4152700186219738,1.1486233488078714,2.0369347043195907,1.4971046770601337,3.672097759674134,3.293663656317317,0.8698388829215897
2021-12-30,3619.189,3.8832,1.3507604562737643,1.464485768143261,1.4166666666666667,1.1486856676492767,2.048885880153498,1.489532293986637,3.654786150712831,3.315711237505012,0.8716756176154672
2021-12-31,3639.775,3.8875,1.3507604562737643,1.473867483506126,1.4222532588454375,1.1487479898718063,2.0583678047820526,1.5056792873051226,3.634419551934827,3.304687446911164,0.8609452201933404
2022-01-04,3632.329,3.8733,1.3507604562737643,1.4757438265786993,1.4278398510242085,1.148997312576833,2.0718005313391714,1.4953229398663697,3.628309572301426,3.26426688140039,0.8805692803437165
2022-01-05,3595.176,3.8553,1.3507604562737643,1.4600629594721959,1.425977653631285,1.149059651707734,2.0399965758142278,1.5014476614699332,3.514256619144603,3.133206259895759,0.8823093447905478
2022-01-06,3586.079,3.8363,1.3507604562737643,1.452557587181904,1.4283054003724394,1.1491219942208601,2.060441975794549,1.4937639198218262,3.510183299389002,3.1454549161111456,0.8988399570354457
2022-01-07,3579.543,3.8371,1.3507604562737643,1.4496090480678603,1.4310986964618249,1.1491843401163946,2.0441449178392204,1.483630289532294,3.471486761710794,3.119732738058835,0.8964232008592911
2022-01-10,3593.519,3.8456,1.3507604562737643,1.4540318567389254,1.4366852886405956,1.1493713980992832,2.071405451146315,1.485412026726058,3.472505091649695,3.1344311255172976,0.8871428571428571
2022-01-11,3567.441,3.8334,1.3517110266159695,1.4553721017907635,1.4399441340782122,1.1494337575262863,2.0681460395552493,1.4978841870824053,3.524439918533605,3.184650616000381,0.9131471535982815
2022-01-12,3597.432,3.8532,1.3517110266159695,1.459526861451461,1.4380819366852886,1.1494961203366154,2.0886902095837843,1.5033407572383075,3.5366598778004072,3.2066981971880755,0.9230075187969925
2022-01-13,3555.259,3.8291,1.3517110266159695,1.443443920829406,1.434823091247672,1.149558486530454,2.0718005313391714,1.507349665924276,3.4399185336048883,3.102584619357294,0.9153705692803437
2022-01-14,3521.256,3.8135,1.3517110266159695,1.4328559849198867,1.4241154562383613,1.1496208561079857,2.0581702646856246,1.5067928730512248,3.472505091649695,3.1393305880034523,0.9364446831364125
2022-01-17,3541.666,3.8282,1.3526615969581748,1.4328559849198867,1.4264432029795158,1.1498079851445757,2.0827640066909376,1.5015590200445434,3.468431771894094,3.135655991138836,0.9371213748657358
2022-01-18,3569.914,3.8446,1.3526615969581748,1.402968520263902,1.4329608938547485,1.149870368258716,2.0802947554855846,1.4966592427616927,3.375763747454175,3.074412710061906,0.9477551020408164
2022-01-19,3558.18,3.8308,1.35361216730038,1.4359385485391138,1.4366852886405956,1.1499327547574674,2.083257856932008,1.4971046770601337,3.344195519348269,3.0523651288742113,0.9555853920515576
2022-01-20,3555.063,3.8421,1.3545627376425855,1.462609425070688,1.435288640595903,1.1499951446410135,2.036638394174948,1.5153674832962138,3.293279022403259,3.0364418757942095,0.9505585392051558
2022-01-21,3522.568,3.8277,1.3545627376425855,1.4811048067860508,1.430633147113594,1.1500575379095381,2.022613047328545,1.5165924276169267,3.203665987780041,2.9641748041234313,0.9482384532760473
2022-01-24,3524.105,3.8312,1.3555133079847907,1.4828471253534403,1.429702048417132,1.150244738026819,2.027255239594608,1.5125835189309578,3.214867617107943,2.970299132231124,0.9332545649838884
2022-01-25,3433.061,3.7962,1.3555133079847907,1.4800326107445807,1.4101489757914338,1.1503071448370938,1.9495232116501033,1.5148106904231626,3.1354378818737274,2.894357463695731,0.9463050483351235
2022-01-26,3455.668,3.8093,1.3555133079847907,1.4773521206409048,1.413873370577281,1.1503695550332658,1.9739194135589884,1.5163697104677059,3.1323828920570267,2.883333673101883,0.9574221267454349
2022-01-27,3394.247,3.7802,1.3555133079847907,1.4679704052780396,1.4064245810055864,1.1504319686155178,1.9264110203680014,1.4907572383073497,3.10081466395112,2.830664451375723,0.9600322234156821
2022-01-28,3361.44,3.7589,1.3555133079847907,1.4533617342130067,1.4027001862197392,1.1504943855840342,1.932238453212634,1.4851893095768376,3.2179226069246436,2.91273044801881,0.9677658431793771
2022-02-07,3429.581,3.7854,1.3564638783269962,1.4505472196041471,1.4166666666666667,1.151118741554154,1.9716477024500638,1.4937639198218262,3.2362525458248474,2.9641748041234313,1.0033404940923738
2022-02-08,3452.629,3.7746,1.3564638783269962,1.4429078228086711,1.4287709497206702,1.1511811957837046,2.0017725671553674,1.5007795100222716,3.274949083503055,2.994796444661896,0.9828464017185821
2022-02-09,3479.946,3.7917,1.3564638783269962,1.4556401508011312,1.431564245810056,1.1512436534017245,2.0286380202696055,1.5077951002227172,3.3472505091649696,3.0805370381695996,0.9953168635875403
2022-02-10,3485.907,3.7827,1.3564638783269962,1.4628774740810555,1.4385474860335195,1.1513061144083983,2.033971602873167,1.511358574610245,3.2668024439918537,3.0278678164434387,0.994736842105263
2022-02-11,3462.948,3.7707,1.3555133079847907,1.4560422243166824,1.4390130353817505,1.151368578803909,2.00206887730001,1.5040089086859687,3.1710794297352343,2.937227760449582,1.0140708915145005
2022-02-14,3428.882,3.7567,1.3564638783269962,1.4181132893496702,1.4278398510242085,1.1515559923253031,1.9936734232018105,1.528173719376392,3.1731160896130346,2.924979104234196,1.0232545649838882
2022-02-15,3446.089,3.7763,1.3564638783269962,1.4076593779453346,1.4245810055865922,1.1516184702780015,2.006612299517859,1.545100222717149,3.24847250509165,3.0033705040126666,0.9948335123523092
2022-02-16,3465.831,3.7853,1.3564638783269962,1.406855230914232,1.430633147113594,1.1516809516204565,2.0321937420053136,1.5242761692650333,3.2382892057026478,2.9862223853111267,0.9933834586466166
2022-02-17,3468.035,3.7912,1.3564638783269962,1.3958652214891614,1.4287709497206702,1.1517434363528523,2.033576522680311,1.537639198218263,3.1364562118126273,2.905381254289578,0.9892266380236306
2022-02-18,3490.757,3.7962,1.3564638783269962,1.3997519321394911,1.440875232774674,1.1518059244753722,2.051651441503493,1.5507795100222717,3.1018329938900204,2.851487166941879,0.9963802363050484
2022-02-21,3490.612,3.7905,1.3564638783269962,1.3997519321394911,1.4445996275605215,1.1519934091855186,2.0797021351963,1.55011135857461,3.1038696537678208,2.8490374356988024,1.0016004296455425
2022-02-22,3457.146,3.7733,1.3555133079847907,1.3824627709707824,1.4390130353817505,1.152055910870376,2.0591579651677656,1.5701559020044542,3.077393075356415,2.8159660639172595,1.0152309344790549
2022-02-23,3489.147,3.7955,1.3555133079847907,1.3791121583411874,1.4366852886405956,1.1521184159462776,2.0929373216569913,1.5546770601336302,2.989816700610998,2.7620719765695605,1.0207411385606875
2022-02-24,3429.956,3.764,1.3555133079847907,1.3437296889726673,1.4255121042830539,1.1521809244134076,2.0456264685624324,1.5886414253897552,3.0906313645621184,2.8355639138618773,1.0354350161117079
2022-02-25,3451.406,3.782,1.3555133079847907,1.324832233741753,1.4245810055865922,1.1522434362719496,2.063207537144544,1.5684855233853008,3.1415478615071284,2.8772093449941902,1.0132008592910848
2022-02-28,3462.306,3.7864,1.3555133079847907,1.3177289349670123,1.4264432029795158,1.152430992197889,2.068837429892748,1.5563474387527838,3.145621181262729,2.884558538723422,1.038625134264232
2022-03-01,3488.835,3.7991,1.3555133079847907,1.3099555136663525,1.430633147113594,1.15249351762392,2.0869123487159302,1.560913140311804,3.084521384928717,2.8355639138618773,1.1003007518796994
2022-03-02,3484.192,3.7847,1.3555133079847907,1.308347219604147,1.4343575418994412,1.1525560464422835,2.093529941946276,1.586748329621381,3.152749490835031,2.8674104200218817,1.1492158968850699
2022-03-03,3481.113,3.7758,1.3555133079847907,1.2980273327049954,1.440875232774674,1.1526185786531629,2.093332401849848,1.5766146993318484,3.0916496945010183,2.7902438858649488,1.145735767991407
2022-03-04,3447.649,3.7563,1.3555133079847907,1.274036946277097,1.4380819366852886,1.1526811142567432,2.0736771622552395,1.5846325167037862,3.061099796334012,2.725326007923403,1.204124597207304
2022-03-07,3372.855,3.7062,1.3555133079847907,1.272830725730443,1.4310986964618249,1.1528687414255268,2.0386137951392307,1.6146993318485523,2.9551934826883914,2.6101886394987734,1.2664769065520947
2022-03-08,3293.53,3.6761,1.3545627376425855,1.2084989632422243,1.4110800744878957,1.1529312906017497,1.9753021942339861,1.6468819599109132,2.9317718940936865,2.600389714526465,1.3083351235230933
2022-03-09,3256.388,3.6647,1.3545627376425855,1.2008595664467483,1.4036312849162011,1.1529938431715931,1.9495232116501033,1.6683741648106905,3.0427698574338087,2.7008286954926306,1.1727067669172933
2022-03-10,3296.092,3.6935,1.3545627376425855,1.1952305372290293,1.4110800744878957,1.1530563991352416,1.9835988782839715,1.6178173719376392,3.005091649694501,2.6420351456587774,1.1419656283566058
2022-03-11,3309.747,3.6985,1.3545627376425855,1.183302356267672,1.414804469273743,1.1531189584928794,2.0008836367214404,1.623608017817372,2.9511201629327903,2.5820167302033856,1.1656498388829215
2022-03-14,3223.533,3.6528,1.3555133079847907,1.1570335532516494,1.4013035381750463,1.153306656931569,1.951004762373315,1.6119153674832962,2.9042769857433806,2.491376674209528,1.1160580021482278
2022-03-15,3063.965,3.5908,1.3545627376425855,1.1374659754948162,1.3673184357541899,1.1533692298670046,1.8467035914592147,1.584075723830735,3.0071283095723014,2.5611940146372296,1.0699462943071967
2022-03-16,3170.71,3.6532,1.3545627376425855,1.1728484448633365,1.3808193668528863,1.1534318061973505,1.8992492571091213,1.5734966592427617,3.1201629327902243,2.7216514110587866,1.0633727175080558
2022-03-17,3215.045,3.6818,1.3545627376425855,1.2164064090480677,1.3896648044692737,1.1534943859227904,1.9332261536947752,1.5842984409799554,3.1364562118126273,2.7473735891110977,1.1275617615467242
2022-03-18,3251.072,3.6893,1.3545627376425855,1.2071587181903864,1.4036312849162011,1.1535569690435088,1.9639436386893634,1.5907572383073498,3.203665987780041,2.8122914670526438,1.1400322234156821
2022-03-21,3253.686,3.6882,1.3555133079847907,1.2255200754005655,1.4054934823091247,1.153744738779176,1.9852779691036109,1.5830734966592428,3.2067209775967416,2.79759307959418,1.213404940923738
2022-03-22,3259.862,3.6856,1.3555133079847907,1.2363760603204523,1.414804469273743,1.1538073354828497,1.986166899537538,1.5929844097995547,3.2678207739307537,2.8539368981849567,1.2020945220193342
2022-03-23,3271.033,3.6983,1.3555133079847907,1.2495104618284638,1.4152700186219738,1.153869935582723,1.9927844927678833,1.5832962138084632,3.2158859470468433,2.8196406607818756,1.2489795918367348
2022-03-24,3250.264,3.693,1.3555133079847907,1.27095438265787,1.4143389199255119,1.1539325390789803,1.9802406966446917,1.5996659242761693,3.290224032586558,2.862510957535727,1.2261654135338347
2022-03-25,3212.24,3.6658,1.3564638783269962,1.2708203581526862,1.4124767225325883,1.1539951459718054,1.9731292531732756,1.6080178173719375,3.293279022403259,2.8392385107264935,1.2396992481203009
2022-03-28,3214.503,3.657,1.3564638783269962,1.2936045240339302,1.4175977653631284,1.154182987031532,1.970857542064351,1.5943207126948775,3.3431771894093685,2.873534748129574,1.1604296455424274
2022-03-29,3203.939,3.6556,1.3564638783269962,1.329925164938737,1.4162011173184357,1.1542456075124723,1.9648325691232904,1.584075723830735,3.394093686354379,2.927428835477273,1.1660365198711062
2022-03-30,3266.596,3.6985,1.3574144486692015,1.3614209236569275,1.4236499068901303,1.154308231390902,1.9944635835875233,1.5825167037861916,3.353360488798371,2.8821088074803445,1.195907626208378
2022-03-31,3252.203,3.6879,1.3574144486692015,1.3657097078228086,1.4287709497206702,1.1543708586670056,1.9927844927678833,1.5841870824053452,3.2973523421588595,2.82454012326803,1.1522126745435015
2022-04-01,3282.717,3.7067,1.3574144486692015,1.3641014137606033,1.435288640595903,1.1544334893409676,1.9933771130571685,1.5885300668151447,3.303462321792261,2.8331141826188,1.1479591836734695
2022-04-06,3283.426,3.6972,1.359315589353612,1.4110099905749292,1.4441340782122905,1.154746693685103,2.0044393584571485,1.5807349665924275,3.2382892057026478,2.758397379704945,1.1410955961331901
2022-04-07,3236.695,3.677,1.3602661596958174,1.3945249764373233,1.434823091247672,1.154809344750086,1.9727341729804193,1.5847438752783964,3.2382892057026478,2.7412492610034045,1.1253383458646615
2022-04-08,3251.85,3.6828,1.3602661596958174,1.3976075400565504,1.440409683426443,1.154871999214218,1.9805370067893338,1.5880846325167037,3.1924643584521384,2.7032784267357077,1.1430290010741138
2022-04-11,3167.126,3.6336,1.3602661596958174,1.3824627709707824,1.4287709497206702,1.155059983003351,1.9382634261536946,1.6006681514476615,3.1181262729124235,2.6395854144157,1.1165413533834587
2022-04-12,3213.33,3.6646,1.3602661596958174,1.385143261074458,1.4278398510242085,1.1551226510659227,1.9571285053625898,1.6083518930957683,3.114052953156823,2.6408102800372393,1.1728034371643394
2022-04-13,3186.824,3.6515,1.3612167300380227,1.3887619227144203,1.4278398510242085,1.1551853225285655,1.9485355111679623,1.6149220489977727,3.1731160896130346,2.6910297705203217,1.2007411385606874
2022-04-14,3225.641,3.6713,1.3612167300380227,1.39264863336475,1.4394785847299814,1.155247997391464,1.9727341729804193,1.6207126948775055,3.0916496945010183,2.632236220686469,1.2096348012889366
2022-04-15,3211.245,3.669,1.3612167300380227,1.39264863336475,1.437150837988827,1.1553106756548026,1.9362880251894126,1.6247216035634744,3.107942973523422,2.643260011280316,1.2163050483351234
2022-04-18,3195.524,3.6606,1.3612167300380227,1.39264863336475,1.4287709497206702,1.155498730849303,1.940930217455476,1.6339643652561247,3.105906313645621,2.6420351456587774,1.2214285714285715
2022-04-19,3194.029,3.6504,1.3612167300380227,1.3856793590951932,1.4343575418994412,1.1555614227162467,1.9622645478697234,1.6260579064587972,3.170061099796334,2.67510651744032,1.1815037593984963
2022-04-20,3151.05,3.6267,1.3612167300380227,1.3823287464655987,1.4189944134078212,1.155624117984553,1.9328310735019187,1.6064587973273943,3.1364562118126273,2.643260011280316,1.1910741138560688
2022-04-21,3079.808,3.5986,1.3612167300380227,1.3757615457115928,1.4073556797020483,1.1556868166544065,1.871889953753813,1.6211581291759465,3.079429735234216,2.57834213333877,1.205574650912997
2022-04-22,3086.919,3.6048,1.3621673003802282,1.385143261074458,1.4143389199255119,1.1557495187259916,1.8654699006198958,1.6292873051224945,3.0213849287169046,2.544045895935689,1.1895273899033296
2022-04-25,2928.512,3.5318,1.3621673003802282,1.3823287464655987,1.3882681564245811,1.155937645352983,1.740031939387976,1.6224944320712695,3.0753564154786153,2.57834213333877,1.156079484425349
2022-04-26,2886.426,3.5216,1.3631178707224334,1.4024324222431668,1.3803538175046552,1.1560003610333407,1.693412476630916,1.6071269487750557,2.9877800407331976,2.5170988522618396,1.2017078410311495
2022-04-27,2958.282,3.5657,1.3631178707224334,1.4013602262016966,1.3864059590316573,1.156063080116353,1.7604773393682966,1.6091314031180401,2.986761710794297,2.545270761557227,1.1981310418904405
2022-04-28,2975.485,3.5729,1.3631178707224334,1.4069892554194157,1.393854748603352,1.1561258026022045,1.7487237036308176,1.6061247216035635,3.0906313645621184,2.6310113550649303,1.2221052631578948
2022-04-29,3047.062,3.6106,1.3631178707224334,1.432051837888784,1.4064245810055864,1.15618852849108,1.8062078716914296,1.6273942093541203,2.9775967413441955,2.599164848904926,1.2319656283566058
2022-05-05,3067.759,3.6069,1.3631178707224334,1.4132884071630538,1.4092178770949721,1.1565649552981732,1.83336963495031,1.6179287305122494,2.9541751527494906,2.5660934771233843,1.2634801288936628
2022-05-06,3001.561,3.5691,1.3640684410646389,1.4144946277097077,1.3947858472998136,1.1566277050133855,1.8221098494539014,1.6189309576837416,2.9480651731160896,2.5391464334495346,1.2983780880773361
2022-05-09,3004.141,3.5566,1.3640684410646389,1.4144946277097077,1.3952513966480447,1.1568159745867692,1.8372216668306602,1.6222717149220491,2.855397148676171,2.431358258754137,1.2313856068743287
2022-05-10,3035.844,3.5765,1.365019011406844,1.4191854853911403,1.3957169459962757,1.1568787379210947,1.851444553773492,1.6162583518930957,2.9022403258655807,2.480352883615681,1.2068313641245971
2022-05-11,3058.703,3.5978,1.365019011406844,1.4238763430725732,1.3952513966480447,1.1569415046606606,1.8537162648824166,1.6080178173719375,2.8207739307535644,2.4289085275110596,1.2576799140708914
2022-05-12,3054.994,3.5938,1.365019011406844,1.4095357210179078,1.3943202979515827,1.157004274805651,1.8635932697038275,1.6174832962138084,2.8156822810590634,2.4289085275110596,1.2688936627282492
2022-05-13,3084.285,3.6067,1.3659695817490494,1.4292373232799247,1.4059590316573556,1.157067048356251,1.8764333759716618,1.603229398663697,2.9429735234215886,2.5526199552864592,1.308721804511278
2022-05-16,3073.749,3.5942,1.3659695817490494,1.4382169651272383,1.4092178770949721,1.157255389443557,1.878408776935944,1.5919821826280622,2.9083503054989817,2.5085247929110692,1.3284425349087003
2022-05-17,3093.697,3.613,1.3659695817490494,1.4425057492931197,1.4068901303538173,1.1573181766184435,1.8805817179966544,1.5955456570155901,2.983706720977597,2.574667536474154,1.3166487647690657
2022-05-18,3085.977,3.6064,1.3669201520912546,1.4426397737983034,1.4022346368715084,1.1573809671998634,1.877519846502017,1.5860801781737193,2.8167006109979633,2.4656544961572178,1.2706337271750805
2022-05-19,3096.965,3.6114,1.3669201520912546,1.4453202639019793,1.4050279329608937,1.1574437611880017,1.8898661025287808,1.5865256124721605,2.8085539714867616,2.4828026148587585,1.286294307196563
2022-05-20,3146.567,3.6374,1.3669201520912546,1.4489389255419416,1.4110800744878957,1.1575065585830433,1.9166327855948047,1.593652561247216,2.7973523421588595,2.4877020773449128,1.3016648764769065
2022-05-23,3146.857,3.6298,1.36787072243346,1.4308456173421302,1.4124767225325883,1.157694971211436,1.941127757551904,1.5996659242761693,2.8136456211812626,2.4791280179941424,1.2924812030075188
2022-05-24,3070.927,3.5939,1.36787072243346,1.4217319509896325,1.3999068901303537,1.1577577822359388,1.870902253271672,1.603674832962138,2.745417515274949,2.3897128276218242,1.2891944146079484
2022-05-25,3107.464,3.6002,1.36787072243346,1.4191854853911403,1.4073556797020483,1.1578205966682693,1.9058668503394667,1.6042316258351894,2.785132382892057,2.430133393132598,1.294704618689581
2022-05-26,3123.108,3.6028,1.3688212927756653,1.4224020735155511,1.4124767225325883,1.1578834145086123,1.9184106464626587,1.6099109131403118,2.870672097759674,2.4999507335602984,1.3301825993555316
2022-05-27,3130.239,3.6081,1.3697718631178708,1.4329900094250705,1.4124767225325883,1.1579462357571528,1.922361448391223,1.6164810690423161,2.990835030549898,2.5967151176618493,1.3513533834586466
2022-05-30,3149.061,3.6203,1.3688212927756653,1.4329900094250705,1.4124767225325883,1.1581347199538066,1.9363867952376266,1.6030066815144766,2.975560081466395,2.5954902520403107,1.353190118152524
2022-05-31,3186.427,3.6405,1.36787072243346,1.4321858623939678,1.4134078212290502,1.1581975548369856,1.9496219816983174,1.59988864142539,2.9470468431771897,2.5930405207972327,1.3491299677765842
2022-06-01,3182.157,3.6398,1.3669201520912546,1.4336601319509898,1.4157355679702046,1.1582603931292863,1.9614743874840106,1.5893095768374166,2.9276985743380854,2.575892402095693,1.3486466165413533
2022-06-02,3195.458,3.6455,1.3669201520912546,1.4399592836946278,1.4120111731843574,1.158323234830894,1.9648325691232904,1.5991091314031178,3.026476578411405,2.6775562486833966,1.3732975295381311
2022-06-06,3236.372,3.6769,1.3659695817490494,1.4386190386427897,1.4162011173184357,1.1585746357340945,2.004735668601791,1.594543429844098,2.9409368635437882,2.6408102800372393,1.3840279269602578
2022-06-07,3241.764,3.682,1.3659695817490494,1.441031479736098,1.419459962756052,1.1586374944850117,2.009476630916068,1.5915367483296214,2.965376782077393,2.664082726846472,1.4025886143931257
2022-06-08,3263.793,3.6974,1.3659695817490494,1.4677023562676719,1.4236499068901303,1.1587003566463459,2.0129335826035617,1.594543429844098,2.941955193482688,2.678781114304935,1.4304296455424275
2022-06-09,3238.954,3.6806,1.3659695817490494,1.470248821866164,1.4222532588454375,1.1587632222182822,1.991401712092886,1.5997772828507797,2.869653767820774,2.6016145801480035,1.4288829215896885
2022-06-10,3284.834,3.7092,1.3669201520912546,1.4697127238454288,1.4269087523277466,1.1588260912010055,2.0396014956213717,1.5952115812917596,2.7759674134419554,2.5428210303141503,1.412545649838883
2022-06-13,3255.551,3.6939,1.3669201520912546,1.4529596606974553,1.420391061452514,1.159014718615748,2.0537256125159895,1.6179287305122494,2.6568228105906315,2.4264587962679824,1.415639097744361
2022-06-14,3288.907,3.7067,1.3669201520912546,1.4589907634307258,1.4269087523277466,1.15907760124347,2.058960425071337,1.5914253897550112,2.6741344195519345,2.470553958643372,1.4201825993555317
2022-06-15,3305.407,3.725,1.3669201520912546,1.4685065032987745,1.4273743016759775,1.1591404872829043,2.0427621371642233,1.5828507795100222,2.740325865580448,2.531797239720303,1.389344790547798
2022-06-16,3285.385,3.7164,1.3669201520912546,1.4533617342130067,1.4199255121042829,1.1592033767342362,2.043255987405294,1.5861915367483297,2.617107942973523,2.4117604088095193,1.3767776584317937
2022-06-17,3316.786,3.741,1.3669201520912546,1.4477327049952875,1.4213221601489756,1.1592662695976508,2.058960425071337,1.5974387527839644,2.642566191446029,2.4411571837264456,1.3188721804511279
2022-06-20,3315.43,3.7496,1.3669201520912546,1.4477327049952875,1.419459962756052,1.1594549686622408,2.065973098494539,1.5922048997772829,2.6486761710794298,2.4485063774556775,1.3214822771213748
2022-06-21,3306.719,3.7485,1.36787072243346,1.463949670122526,1.419459962756052,1.1595178751758373,2.0486883400570695,1.5874164810690423,2.7026476578411405,2.480352883615681,1.3255424274973147
2022-06-22,3267.202,3.7307,1.36787072243346,1.4659600377002828,1.4124767225325883,1.1595807851024416,2.0291318705106756,1.5888641425389756,2.7077393075356415,2.4717788242649106,1.2852309344790547
2022-06-23,3320.149,3.7593,1.36787072243346,1.4659600377002828,1.419459962756052,1.1596436984422396,2.058762884974909,1.5898663697104676,2.745417515274949,2.5024004648033764,1.2651235230934479
2022-06-24,3349.747,3.7803,1.36787072243346,1.454836003770028,1.4199255121042829,1.1597066151954165,2.0826652366427236,1.5808463251670377,2.8370672097759675,2.588141058311079,1.2924812030075188
2022-06-27,3379.185,3.7964,1.36787072243346,1.4587227144203583,1.4245810055865922,1.1598953859370704,2.1029130965266165,1.589086859688196,2.8085539714867616,2.5673183427449224,1.30765843179377
2022-06-28,3409.21,3.8163,1.36787072243346,1.4611351555136665,1.429702048417132,1.159958316345614,2.1290871593033556,1.5805122494432071,2.7270875763747453,2.501175599181837,1.3360794844253492
2022-06-29,3361.518,3.7903,1.36787072243346,1.458186616399623,1.4273743016759775,1.160021250168462,2.0889865197284267,1.575946547884187,2.735234215885947,2.501175599181837,1.3280558539205154
2022-06-30,3398.616,3.8148,1.36787072243346,1.4541658812441092,1.4301675977653632,1.1600841874058,2.11022208009446,1.5721603563474387,2.7016293279022405,2.47300368988645,1.287937701396348
2022-07-01,3387.637,3.8105,1.36787072243346,1.4541658812441092,1.4320297951582868,1.1601471280578135,2.128296998917642,1.5593541202672607,2.711812627291242,2.463204764914141,1.2955746509129968
2022-07-04,3405.427,3.823,1.36787072243346,1.4541658812441092,1.4343575418994412,1.160335970503758,2.1605948046836563,1.5669265033407571,2.7189409368635435,2.474228555507988,1.3103651987110634
2022-07-05,3404.025,3.8258,1.36787072243346,1.4522895381715362,1.435288640595903,1.1603989248163251,2.1610886549247272,1.565033407572383,2.7617107942973527,2.5109745241541463,1.2015145005370569
2022-07-06,3355.35,3.8069,1.36787072243346,1.4513513666352498,1.4255121042830539,1.1604618825444937,2.1291859293515696,1.535968819599109,2.7871690427698574,2.5121993897756854,1.1845005370569281
2022-07-07,3364.398,3.8124,1.3688212927756653,1.4418356267672008,1.4278398510242085,1.1605248436884494,2.142124805667618,1.5148106904231626,2.8421588594704685,2.5611940146372296,1.2327389903329753
2022-07-08,3356.078,3.8062,1.3688212927756653,1.4376808671065033,1.4283054003724394,1.1605878082483776,2.13353181147299,1.510356347438753,2.844195519348269,2.564868611501845,1.254779806659506
2022-07-11,3313.584,3.7755,1.3688212927756653,1.4083295004712535,1.4217877094972065,1.160776722425849,2.1117036308176718,1.5114699331848551,2.7780040733197557,2.4889269429664513,1.2480128893662727
2022-07-12,3281.467,3.7597,1.3697718631178708,1.3997519321394911,1.4217877094972065,1.1608397006515196,2.078813204762373,1.514142538975501,2.7627291242362526,2.4570804368064474,1.1787003222341568
2022-07-13,3284.292,3.7612,1.3697718631178708,1.3860814326107447,1.4222532588454375,1.1609026822940895,2.0922459313194923,1.5044543429844097,2.758655804480652,2.4619798992926016,1.1794736842105262
2022-07-14,3281.744,3.7603,1.3707224334600758,1.3941229029217719,1.4162011173184357,1.1609656673537436,2.1138765718783823,1.5030066815144765,2.7668024439918537,2.4570804368064474,1.1660365198711062
2022-07-15,3228.061,3.74,1.3707224334600758,1.3886278982092366,1.4068901303538173,1.1610286558306677,2.085924648233789,1.4933184855233852,2.825865580448065,2.501175599181837,1.194747583243824
2022-07-18,3278.103,3.7502,1.3716730038022813,1.386483506126296,1.4180633147113593,1.1612176417669133,2.1227658762176524,1.5012249443207129,2.79938900203666,2.4950512710741446,1.2380558539205155
2022-07-19,3279.431,3.7445,1.3716730038022813,1.3650395852968897,1.419459962756052,1.161280643914771,2.1482485486568925,1.4952115812917595,2.885947046843177,2.5599691490156906,1.2489795918367348
2022-07-20,3304.724,3.7516,1.3726235741444865,1.36115287464656,1.4213221601489756,1.1613436494808254,2.1670148578175734,1.4952115812917595,2.930753564154786,2.605289177012619,1.2484962406015039
2022-07-21,3272.001,3.7342,1.373574144486692,1.3686582469368522,1.4134078212290502,1.1614066584652627,2.144989137065827,1.4841870824053451,2.9775967413441955,2.6493843393880088,1.222878625134264
2022-07-22,3269.974,3.7357,1.3726235741444865,1.362895193213949,1.4115456238361266,1.1614696708682675,2.1311613303158516,1.507349665924276,2.922606924643585,2.589365923932617,1.215918367346939
2022-07-25,3250.388,3.7276,1.373574144486692,1.3671839773798304,1.4110800744878957,1.1616587285905446,2.1239511167962215,1.5132516703786192,2.9073319755600817,2.5820167302033856,1.2285821697099892
2022-07-26,3277.436,3.7407,1.3745247148288973,1.3854113100848258,1.4185288640595903,1.161721754669676,2.1427174259569024,1.5134743875278396,2.84928716904277,2.526897777234148,1.2215252416756177
2022-07-27,3275.755,3.7309,1.3745247148288973,1.3771017907634309,1.4189944134078212,1.1617847841683029,2.1534833612122406,1.5092427616926503,2.9765784114052956,2.6261118925787756,1.256229860365199
2022-07-28,3282.576,3.7279,1.3745247148288973,1.3886278982092366,1.4213221601489756,1.1618478170866107,2.1679037882515004,1.5224944320712694,2.9918533604887987,2.6457097425233935,1.2497529538131043
2022-07-29,3253.238,3.7063,1.3754752851711027,1.376297643732328,1.4175977653631284,1.1619108534247846,2.1538784414050967,1.5403118040089085,3.0458248472505094,2.665307592468011,1.2697636949516649
2022-08-01,3259.959,3.7159,1.376425855513308,1.3681221489161168,1.4189944134078212,1.162099982960361,2.166521007576503,1.545100222717149,3.044806517311609,2.6591832643603177,1.2173684210526317
2022-08-02,3186.266,3.6833,1.3773764258555132,1.3434616399622996,1.4050279329608937,1.1621630329798567,2.0910606907409233,1.5535634743875277,3.035641547861507,2.664082726846472,1.2297422126745434
2022-08-03,3163.674,3.67,1.3783269961977185,1.3466782280867104,1.3980446927374302,1.1622260864201464,2.075948873364164,1.547327394209354,3.1313645621181263,2.7363497985172502,1.2091514500537057
2022-08-04,3189.039,3.6842,1.379277566539924,1.3335438265786994,1.4008379888268154,1.162289143281416,2.103505716815901,1.5524498886414253,3.1374745417515273,2.752273051597252,1.166423200859291
2022-08-05,3227.027,3.7068,1.3783269961977185,1.3252343072573045,1.4050279329608937,1.162352203563851,2.1311613303158516,1.5651447661469933,3.104887983706721,2.7351249328957117,1.17
2022-08-08,3236.934,3.7045,1.3783269961977185,1.3221517436380774,1.4110800744878957,1.1625414049400051,2.157829243333661,1.556458797327394,3.104887983706721,2.717976814194171,1.195810955961332
2022-08-09,3247.432,3.7097,1.3783269961977185,1.319739302544769,1.4124767225325883,1.1626044789089582,2.1761017022532716,1.561804008908686,3.0651731160896127,2.668982189332626,1.1970676691729323
2022-08-10,3230.02,3.692,1.3773764258555132,1.316656738925542,1.4101489757914338,1.162667556300005,2.176496782446128,1.5655902004454343,3.152749490835031,2.7412492610034045,1.2001611170784103
2022-08-11,3281.665,3.7236,1.3773764258555132,1.3130380772855796,1.4166666666666667,1.1627306371133312,2.2088933582603563,1.559465478841871,3.121181262729124,2.71920167981571,1.2261654135338347
2022-08-12,3276.888,3.7215,1.3773764258555132,1.333141753063148,1.4199255121042829,1.1627937213491224,2.213140470333563,1.5648106904231625,3.1873727087576373,2.7730957671634084,1.2138882921589689
2022-08-15,3276.087,3.7245,1.3802281368821292,1.342121394910462,1.4213221601489756,1.1629829945931425,2.228054747613893,1.566815144766147,3.2097759674134423,2.7914687514864878,1.176670247046187
2022-08-16,3277.885,3.7227,1.3811787072243347,1.3753594721960414,1.4236499068901303,1.1630460925206507,2.244055495424579,1.565033407572383,3.216904276985743,2.7718709015418694,1.1618796992481202
2022-08-17,3292.526,3.7358,1.3811787072243347,1.379380207351555,1.425977653631285,1.1631091938715523,2.2415862442192265,1.5590200445434297,3.1843177189409366,2.737574664138789,1.1733834586466165
2022-08-18,3277.544,3.7244,1.38212927756654,1.3848752120640906,1.4217877094972065,1.163172298646033,2.245438276099577,1.5527839643652561,3.189409368635438,2.752273051597252,1.2068313641245971
2022-08-19,3258.078,3.7115,1.38212927756654,1.397875589066918,1.4245810055865922,1.163235406844279,2.224103945685329,1.5487750556792874,3.139511201629328,2.705728157978785,1.2131149301825992
2022-08-22,3277.794,3.7269,1.38212927756654,1.4222680490103674,1.429702048417132,1.1634247519834642,2.251957099281708,1.5446547884187083,3.060081466395112,2.6604081299818567,1.2116648764769067
2022-08-23,3276.223,3.7168,1.38212927756654,1.4395572101790763,1.431564245810056,1.1634878738786278,2.259759933090623,1.5528953229398663,3.071283095723014,2.6873551736557055,1.2572932330827067
2022-08-24,3215.203,3.6861,1.38212927756654,1.444382092365693,1.4222532588454375,1.1635509991984854,2.198028652956804,1.5591314031180399,3.074338085539715,2.6861303080341674,1.2669602577873254
2022-08-25,3246.248,3.6964,1.3811787072243347,1.464485768143261,1.431564245810056,1.1636141279432224,2.204646246187149,1.56369710467706,3.1344195519348266,2.7571725140834062,1.2617400644468313
2022-08-26,3236.223,3.6954,1.3811787072243347,1.4815068803016023,1.429702048417132,1.1636772601130252,2.198818813342517,1.5654788418708239,3.004073319755601,2.668982189332626,1.2435660580021481
2022-08-29,3240.728,3.6882,1.3811787072243347,1.4693106503298776,1.4329608938547485,1.1638666771746848,2.212251539899636,1.5537861915367484,2.984725050916497,2.653058936252625,1.2748872180451127
2022-08-30,3227.22,3.6852,1.38212927756654,1.4713210179076344,1.429702048417132,1.163929823046608,2.198522503197875,1.5593541202672607,2.9551934826883914,2.64815947376647,1.245016111707841
2022-08-31,3202.138,3.681,1.38212927756654,1.4776201696512725,1.4231843575418994,1.1639929723445261,2.140346944799764,1.5511135857461025,2.9429735234215886,2.6420351456587774,1.2152416756176156
2022-09-01,3184.98,3.6697,1.38212927756654,1.4737334590009423,1.4269087523277466,1.1640561250686245,2.1382727737872673,1.5408685968819598,2.9409368635437882,2.6077389082556963,1.1776369495166488
2022-09-02,3186.478,3.6606,1.38212927756654,1.4642177191328936,1.425977653631285,1.1641192812190897,2.1571378529961627,1.5406458797327394,2.9022403258655807,2.5930405207972327,1.1909774436090226
2022-09-05,3199.912,3.6561,1.3830798479087452,1.4642177191328936,1.4329608938547485,1.1643087702305432,2.161977585358654,1.5517817371937639,2.9052953156822814,2.5869161926895403,1.19687432867884
2022-09-06,3243.447,3.672,1.3840304182509504,1.4622073515551366,1.4432029795158285,1.1643719400883337,2.1979298829085896,1.5583518930957683,2.889002036659878,2.57834213333877,1.1908807733619764
2022-09-07,3246.294,3.6745,1.3840304182509504,1.4632795475966072,1.4422718808193666,1.16443511337342,2.199213893535373,1.5527839643652561,2.95010183299389,2.6126383707418506,1.1354887218045113
2022-09-08,3235.586,3.6678,1.3840304182509504,1.4604650329877473,1.440409683426443,1.1644982900859884,2.1781758732657677,1.5621380846325168,2.9633401221995928,2.633461086308007,1.1386788399570353
2022-09-09,3262.054,3.6857,1.3830798479087452,1.470918944392083,1.446461824953445,1.164561470226225,2.175212771819345,1.5635857461024498,3.025458248472505,2.6971540986280145,1.1783136412459723
2022-09-13,3263.797,3.6879,1.3830798479087452,1.4668982092365692,1.441340782122905,1.164814225067571,2.1777807930729116,1.5608017817371937,2.8869653767820775,2.6126383707418506,1.1887540279269604
2022-09-14,3237.542,3.6692,1.3830798479087452,1.4648878416588125,1.4366852886405956,1.1648774223489375,2.1536809013086686,1.55011135857461,2.9185336048879837,2.6359108175510846,1.205574650912997
2022-09-15,3199.919,3.6515,1.3830798479087452,1.4769500471253536,1.435754189944134,1.164940623059088,2.103505716815901,1.5449888641425389,2.868635437881874,2.583241595824924,1.1621697099892587
2022-09-16,3126.398,3.6184,1.3830798479087452,1.475341753063148,1.419459962756052,1.1650038271982084,2.0583678047820526,1.541759465478842,2.8604887983706724,2.5636437458803063,1.170483351235231
2022-09-19,3115.602,3.6195,1.3830798479087452,1.4697127238454288,1.420391061452514,1.1651934601912504,2.0418732067302963,1.5405345211581292,2.885947046843177,2.5624188802587677,1.1733834586466165
2022-09-20,3122.406,3.6236,1.3830798479087452,1.472125164938737,1.4213221601489756,1.1652566780481113,2.0660718685427533,1.54554565701559,2.864562118126273,2.548945358421843,1.1573361976369496
2022-09-21,3117.177,3.6151,1.3840304182509504,1.4652899151743637,1.4245810055865922,1.1653198993348728,2.069331280133819,1.5497772828507794,2.8167006109979633,2.5072999272895307,1.1524060150375939
2022-09-22,3108.91,3.6029,1.3840304182509504,1.464485768143261,1.4241154562383613,1.1653831240517205,2.0647878579159697,1.5459910913140313,2.7932790224032584,2.470553958643372,1.1636197636949517
2022-09-23,3088.37,3.6002,1.3840304182509504,1.4643517436380773,1.4189944134078212,1.1654463521988407,2.029922030896389,1.5546770601336302,2.7525458248472505,2.431358258754137,1.1107411385606876
2022-09-26,3051.226,3.591,1.3830798479087452,1.467166258246937,1.4106145251396647,1.165636057223698,1.9983156154678738,1.5459910913140313,2.7525458248472505,2.4338079899972143,1.0896670247046187
2022-09-27,3093.862,3.609,1.3830798479087452,1.4703828463713478,1.4157355679702046,1.1656992990937696,2.043354757453508,1.5465478841870823,2.7718940936863543,2.4754534211295267,1.110451127819549
2022-09-28,3045.067,3.5823,1.38212927756654,1.452557587181904,1.4092178770949721,1.1657625443950441,1.9990070058053722,1.5462138084632517,2.840122199592668,2.514649121018762,1.1518259935553168
2022-09-29,3041.205,3.5851,1.38212927756654,1.439825259189444,1.4073556797020483,1.1658257931277083,2.0098717111089246,1.558685968819599,2.759674134419552,2.470553958643372,1.1518259935553168
2022-09-30,3024.391,3.5703,1.3811787072243347,1.441567577756833,1.4092178770949721,1.165889045291948,1.9945623536357375,1.5625835189309576,2.709775967413442,2.4411571837264456,1.130171858216971
2022-10-10,2974.145,3.5383,1.3830798479087452,1.441567577756833,1.4078212290502792,1.1665217557119605,1.9753021942339861,1.573162583518931,2.69857433808554,2.4117604088095193,1.2650268528464017
2022-10-11,2979.793,3.5435,1.3830798479087452,1.4147626767200756,1.40828677839851,1.1665850456358207,1.989426311128604,1.5707126948775056,2.669042769857434,2.34929226211105,1.2338990332975295
2022-10-12,3025.506,3.5658,1.3830798479087452,1.406051083883129,1.4157355679702046,1.1666483389934912,2.0338728328249536,1.57271714922049,2.6680244399185336,2.352966858975666,1.2185284640171858
2022-10-13,3016.356,3.5548,1.3830798479087452,1.3902361922714421,1.4106145251396647,1.1667116357851584,2.050960051165994,1.5738307349665923,2.7281059063136457,2.375014440163361,1.2411493018259936
2022-10-14,3071.987,3.5927,1.3840304182509504,1.3875557021677665,1.4180633147113593,1.1667749360110085,2.1043946472498276,1.5720489977728285,2.644602851323829,2.3198954871941235,1.2105048335123523
2022-10-17,3084.942,3.5892,1.3840304182509504,1.3579362865221491,1.4166666666666667,1.1669648572955198,2.126222827905146,1.5661469933184855,2.734215885947047,2.3823636338925924,1.207314715359828
2022-10-18,3080.957,3.5854,1.3849809885931559,1.3588744580584355,1.4162011173184357,1.167028171259965,2.135112132244416,1.5657015590200445,2.754582484725051,2.4117604088095193,1.1817937701396348
2022-10-19,3044.378,3.5659,1.3849809885931559,1.352173232799246,1.4124767225325883,1.167091488659525,2.1220744858801535,1.5625835189309576,2.7443991853360488,2.38481336513567,1.2006444683136412
2022-10-20,3035.05,3.5533,1.3840304182509504,1.3374305372290292,1.4078212290502792,1.1671548094943858,2.108938069467677,1.5567928730512248,2.7331975560081467,2.381138768271054,1.2151450053705692
2022-10-21,3038.929,3.5476,1.3840304182509504,1.337564561734213,1.4101489757914338,1.1672181337647343,2.1241486568926495,1.5580178173719377,2.7973523421588595,2.4289085275110596,1.2164017185821696
2022-10-24,2977.555,3.5066,1.3849809885931559,1.29749123468426,1.398510242085661,1.167408127190568,2.101629085899833,1.5750556792873052,2.827902240325866,2.383588499514131,1.2174650912996778
2022-10-25,2976.283,3.5076,1.3849809885931559,1.2826145146088594,1.3957169459962757,1.16747146520473,2.1022217061891175,1.5769487750556792,2.9022403258655807,2.4448317805910618,1.2283888292158969
2022-10-26,2999.504,3.5208,1.3849809885931559,1.2698821866163996,1.3947858472998136,1.1675348066553115,2.1410383351372624,1.5779510022271714,2.8360488798370675,2.421559333781828,1.2618367346938775
2022-10-27,2982.903,3.5151,1.3849809885931559,1.260634495758718,1.3952513966480447,1.1675981515424991,2.131753950605136,1.5744988864142537,2.782077393075357,2.4166598712956735,1.2737271750805585
2022-10-28,2915.926,3.4805,1.3859315589353611,1.2184167766258247,1.382216014897579,1.167661499866479,2.059948125553478,1.5724944320712693,2.872708757637475,2.4325831243756753,1.2611600429645542
2022-10-31,2893.483,3.4651,1.3859315589353611,1.1954985862393968,1.3733705772811917,1.1678515654610377,2.0640964675784708,1.5689309576837416,2.841140529531568,2.4044112150802874,1.2445327604726102
2022-11-01,2969.2,3.5101,1.3859315589353611,1.196570782280867,1.3789571694599627,1.1679149275340517,2.118024913903375,1.5699331848552338,2.823828920570265,2.4227841994033668,1.2757572502685286
2022-11-02,3003.37,3.5265,1.3849809885931559,1.2185508011310084,1.3859404096834262,1.1679782930447906,2.140445714847978,1.572383073496659,2.7331975560081467,2.3578663214618203,1.2950912996777657
2022-11-03,2997.806,3.5181,1.3859315589353611,1.2145300659754947,1.383147113594041,1.168041661993441,2.1444952868247564,1.5699331848552338,2.689409368635438,2.318670621572585,1.286294307196563
2022-11-04,3070.796,3.5644,1.3849809885931559,1.2279325164938737,1.393854748603352,1.168105034380189,2.1771881727836266,1.5722717149220489,2.7331975560081467,2.3664403808125907,1.3361761546723954
2022-11-07,3077.817,3.5689,1.3849809885931559,1.254469368520264,1.3971135940409682,1.168295172170886,2.189830738955033,1.579510022271715,2.754582484725051,2.3897128276218242,1.3354994629430719
2022-11-08,3064.493,3.5592,1.3849809885931559,1.2725626767200755,1.3971135940409682,1.168358558311891,2.178966033651481,1.5825167037861916,2.7698574338085544,2.406860946323365,1.3014715359828142
2022-11-09,3048.168,3.5454,1.3849809885931559,1.3193372290292178,1.3971135940409682,1.1684219478919264,2.179459883892551,1.615144766146993,2.706720977596741,2.3456176652464342,1.2556498388829216
2022-11-10,3036.132,3.5326,1.3840304182509504,1.3264405278039586,1.3966480446927374,1.1684853409111795,2.162668975696153,1.6122494432071268,2.9114052953156824,2.503625330424915,1.2667669172932332
2022-11-11,3087.293,3.5684,1.3830798479087452,1.3264405278039586,1.4068901303538173,1.168548737369836,2.1712619698907805,1.630957683741648,2.945010183299389,2.5624188802587677,1.2894844253490871
2022-11-14,3083.401,3.5669,1.3802281368821292,1.497589820923657,1.4068901303538173,1.1687389473840946,2.1599034143461573,1.6126948775055678,2.8808553971486766,2.4999507335602984,1.2381525241675617
2022-11-15,3134.078,3.593,1.379277566539924,1.5111262959472196,1.4115456238361266,1.1688023576022326,2.1931889205943125,1.6217149220489977,2.9052953156822814,2.5526199552864592,1.2394092373791623
2022-11-16,3119.98,3.5803,1.3783269961977185,1.5160852026390197,1.409683426443203,1.1688657712607076,2.186275017219325,1.628619153674833,2.8625254582484727,2.4975010023172217,1.2198818474758324
2022-11-17,3115.435,3.5716,1.3783269961977185,1.506301413760603,1.4068901303538173,1.1689291883597062,2.18854672832825,1.6308463251670378,2.8676171079429733,2.4889269429664513,1.1970676691729323
2022-11-18,3097.243,3.5651,1.3783269961977185,1.5163532516493874,1.4036312849162011,1.1689926088994147,2.176496782446128,1.6281737193763919,2.8828920570264764,2.503625330424915,1.1819871106337272
2022-11-21,3085.044,3.5556,1.379277566539924,1.5053632422243166,1.4036312849162011,1.1691828911646693,2.184398386303257,1.6203786191536749,2.8584521384928716,2.4681042274002953,1.1684532760472612
2022-11-22,3088.943,3.5547,1.379277566539924,1.51715739868049,1.4054934823091247,1.169246325469086,2.1667185476729314,1.6211581291759465,2.913441955193483,2.5024004648033764,1.2079914070891515
2022-11-23,3096.907,3.5592,1.3802281368821292,1.5166213006597549,1.4073556797020483,1.1693097632151463,2.1605948046836563,1.6189309576837416,2.9276985743380854,2.5158739866403006,1.1597529538131042
2022-11-24,3089.31,3.5529,1.3811787072243347,1.5166213006597549,1.4106145251396647,1.1693732044030372,2.167311167962216,1.6249443207126948,2.9246435845213847,2.5134242553972235,1.1605263157894736
2022-11-25,3101.693,3.5557,1.3811787072243347,1.562189632422243,1.4166666666666667,1.1694366490329453,2.145976837547968,1.626837416481069,2.909368635437882,2.4975010023172217,1.1589795918367347
2022-11-28,3078.549,3.5371,1.3811787072243347,1.5847057492931196,1.4143389199255119,1.16962700357664,2.1302723998819246,1.629064587973274,2.878818737270876,2.4791280179941424,1.1514393125671323
2022-11-29,3149.748,3.5764,1.3802281368821292,1.6320163996229973,1.4278398510242085,1.1696904619764845,2.1622738955032963,1.6280623608017817,2.870672097759674,2.5121993897756854,1.175703544575725
2022-11-30,3151.335,3.5779,1.3802281368821292,1.635769085768143,1.425977653631285,1.16975392381928,2.1641505264193643,1.6243875278396438,2.990835030549898,2.6138632363633896,1.2056713211600432
2022-12-01,3165.471,3.593,1.3802281368821292,1.6395217719132895,1.4241154562383613,1.1698173891052133,2.1762004723014856,1.6306236080178174,2.975560081466395,2.5954902520403107,1.2061546723952739
2022-12-02,3156.144,3.5855,1.3802281368821292,1.6282637134778513,1.4217877094972065,1.169880857834471,2.1836082259175438,1.6408685968819599,2.938900203665988,2.564868611501845,1.1801503759398497
2022-12-05,3211.814,3.6092,1.3802281368821292,1.6696772855796418,1.429702048417132,1.170071284684061,2.1947692413657385,1.6262806236080176,2.8828920570264764,2.5281226428556867,1.1485392051557464
2022-12-06,3212.533,3.6186,1.379277566539924,1.6661926484448635,1.4287709497206702,1.170134767188486,2.1866700974121818,1.6152561247216035,2.804480651731161,2.4656544961572178,1.0937271750805586
2022-12-07,3199.619,3.6195,1.3783269961977185,1.6720897266729502,1.425977653631285,1.1701982531371697,2.181929135097904,1.6110244988864144,2.79938900203666,2.4509561086987546,1.0729430719656285
2022-12-08,3197.35,3.6211,1.3783269961977185,1.6692752120640906,1.4273743016759775,1.170261742530299,2.172545980517564,1.6149220489977727,2.819755600814664,2.486477211723374,1.0490655209452202
2022-12-09,3206.95,3.6341,1.3773764258555132,1.6791930254476908,1.4283054003724394,1.1703252353680609,2.1693853389747124,1.6201559020044545,2.80142566191446,2.49015180858799,1.0545757250268528
2022-12-12,3179.042,3.6171,1.3773764258555132,1.6787909519321393,1.4199255121042829,1.1705157345510113,2.1562489225622357,1.6164810690423161,2.8340122199592668,2.5085247929110692,1.0730397422126747
2022-12-13,3176.326,3.6114,1.3754752851711027,1.685492177191329,1.4217877094972065,1.170579241169173,2.142914966053331,1.6210467706013363,2.870672097759674,2.5403712990710727,1.1003974221267456
2022-12-14,3176.525,3.616,1.376425855513308,1.6820075400565502,1.4199255121042829,1.1706427512329012,2.1346182820033457,1.6367483296213807,2.841140529531568,2.5232231803695324,1.1184747583243824
2022-12-15,3168.648,3.6176,1.376425855513308,1.6782548539114044,1.4162011173184357,1.1707062647423838,2.1491374790908195,1.619153674832962,2.740325865580448,2.449731243077216,1.096047261009667
2022-12-16,3167.858,3.617,1.376425855513308,1.6893788878416587,1.419459962756052,1.1707697816978075,2.118321224048017,1.6158129175946547,2.7311608961303464,2.455855571184909,1.0823200859291084
2022-12-19,3107.115,3.5949,1.3783269961977185,1.6869664467483505,1.4106145251396647,1.170960353241594,2.0765414936534485,1.624164810690423,2.6934826883910388,2.427683661889521,1.0966272824919443
2022-12-20,3073.766,3.5701,1.3783269961977185,1.6853581526861452,1.4064245810055864,1.1710238839826514,2.078516894617731,1.624164810690423,2.6945010183299387,2.421559333781828,1.0969172932330828
2022-12-21,3068.411,3.5686,1.379277566539924,1.6813374175306315,1.4064245810055864,1.1710874181705848,2.0557997835284856,1.640423162583519,2.7260692464358454,2.455855571184909,1.1209881847475833
2022-12-22,3054.431,3.5677,1.379277566539924,1.688038642789821,1.4022346368715084,1.171150955805581,2.02755154973925,1.6406458797327395,2.661914460285132,2.431358258754137,1.1206015037593986
2022-12-23,3045.866,3.5635,1.3802281368821292,1.6858942507068804,1.4013035381750463,1.171214496887827,2.016588074387484,1.6361915367483297,2.6720977596741347,2.427683661889521,1.1402255639097745
2022-12-26,3065.563,3.5695,1.3811787072243347,1.6858942507068804,1.4013035381750463,1.171405140819936,2.0502686608284955,1.6307349665924276,2.6720977596741347,2.4264587962679824,1.1404189044038668
2022-12-27,3095.568,3.5868,1.3811787072243347,1.6858942507068804,1.4054934823091247,1.1714686956930527,2.060738285939191,1.6325167037861914,2.6221995926680246,2.403186349458749,1.1388721804511277
2022-12-28,3087.4,3.5808,1.3811787072243347,1.6777187558906692,1.4054934823091247,1.1715322540143542,2.037527324608875,1.6366369710467705,2.593686354378819,2.3799139026495153,1.131331901181525
2022-12-29,3073.702,3.5753,1.3811787072243347,1.6795950989632424,1.4013035381750463,1.1715958157840285,2.026465079208895,1.6298440979955455,2.661914460285132,2.4350328556187524,1.1320085929108485
2022-12-30,3089.258,3.5815,1.38212927756654,1.6777187558906692,1.404096834264432,1.171659381002262,2.037428554560661,1.642316258351893,2.654786150712831,2.4240090650249053,1.1475725026852848
2023-01-03,3116.512,3.5872,1.3830798479087452,1.6785229029217719,1.4073556797020483,1.1719136763645317,2.082072616353439,1.6489977728285077,2.6303462321792264,2.4325831243756753,1.1210848549946293
2023-01-04,3123.516,3.5849,1.3840304182509504,1.687368520263902,1.4106145251396647,1.171977258828369,2.0925422414641344,1.6551224944320713,2.6313645621181263,2.453405839941832,1.0652094522019335
2023-01-05,3155.216,3.614,1.3849809885931559,1.6909871819038644,1.4120111731843574,1.1720408447418882,2.1093331496605336,1.6514476614699332,2.5835030549898166,2.430133393132598,1.0693662728249196
2023-01-06,3157.637,3.6217,1.3840304182509504,1.7010390197926486,1.4115456238361266,1.172104434105277,2.116148282987307,1.6378619153674834,2.6527494908350304,2.4546307055633707,1.0723630504833512
2023-01-09,3176.085,3.6329,1.3840304182509504,1.7034514608859566,1.4110800744878957,1.1722952228965307,2.1267166781462166,1.6536748329621382,2.6466395112016294,2.474228555507988,1.0735230934479056
2023-01-10,3169.507,3.6348,1.3830798479087452,1.6864303487276153,1.409683426443203,1.1723588260612683,2.1257289776640755,1.656347438752784,2.64765784114053,2.463204764914141,1.0640494092373791
2023-01-11,3161.838,3.6324,1.3830798479087452,1.6919253534401508,1.4110800744878957,1.1724224326768116,2.1191113844337304,1.6597995545657014,2.6965376782077395,2.5060750616679917,1.0952738990332975
2023-01-12,3163.451,3.6369,1.3830798479087452,1.6938016965127238,1.4101489757914338,1.1724860427433472,2.1258277477122896,1.6573496659242761,2.7077393075356415,2.5183237178833777,1.106294307196563
2023-01-13,3195.306,3.6552,1.3830798479087452,1.6908531573986805,1.413873370577281,1.1725496562610627,2.139556784414051,1.6579064587973273,2.7128309572301426,2.5428210303141503,1.1160580021482278
2023-01-16,3227.592,3.6772,1.3830798479087452,1.6908531573986805,1.4157355679702046,1.1727405175231598,2.15298951097117,1.668708240534521,2.706720977596741,2.5415961646926117,1.1119011815252415
2023-01-17,3224.245,3.6759,1.3830798479087452,1.6907191328934967,1.414804469273743,1.1728041448474669,2.154174751549739,1.67271714922049,2.713849287169043,2.5305723740987642,1.1257250268528465
2023-01-18,3224.406,3.6738,1.3830798479087452,1.703987558906692,1.4162011173184357,1.1728677756238897,2.1648419167568633,1.6726057906458798,2.6934826883910388,2.5109745241541463,1.1340386680988186
2023-01-19,3240.279,3.6811,1.3830798479087452,1.7110908576814325,1.4175977653631284,1.172931409852616,2.1776820230246976,1.676391982182628,2.669042769857434,2.504850196046453,1.1285284640171858
2023-01-20,3264.814,3.6915,1.3840304182509504,1.7139053722902922,1.4227188081936684,1.1729950475338333,2.1939790809800255,1.6893095768374162,2.743380855397149,2.5856913270680018,1.1466058002148227
2023-01-30,3269.318,3.7009,1.3849809885931559,1.7137713477851082,1.420391061452514,1.173631614274206,2.222128544721047,1.6898663697104677,2.8065173116089612,2.62243729571416,1.107357679914071
2023-01-31,3255.669,3.6865,1.3849809885931559,1.7125651272384543,1.4217877094972065,1.1736952899451856,2.2377342123388764,1.6736080178173718,2.84826883910387,2.6444848769018545,1.1115145005370568
2023-02-01,3284.921,3.7013,1.3849809885931559,1.717121960414703,1.4236499068901303,1.1737589690709045,2.266970146610253,1.6857461024498885,2.9042769857433806,2.7155270829510942,1.0963372717508058
2023-02-02,3285.671,3.6947,1.3859315589353611,1.7137713477851082,1.4241154562383613,1.17382265165155,2.2682541572370365,1.7021158129175946,2.989816700610998,2.7743206327849474,1.0713963480128894
2023-02-03,3263.406,3.6777,1.3859315589353611,1.7160497643732329,1.420391061452514,1.1738863376873094,2.26232795434419,1.677728285077951,2.9480651731160896,2.722876276680325,1.054672395273899
2023-02-06,3238.698,3.6585,1.3868821292775666,1.7152456173421302,1.4180633147113593,1.1740774165271464,2.263611964970973,1.6562360801781737,2.936863543788187,2.6873551736557055,1.0571858216970997
2023-02-07,3248.094,3.6599,1.3868821292775666,1.7199364750235628,1.420391061452514,1.1741411163852367,2.2816868837941553,1.6520044543429844,3.0061099796334014,2.749823320354175,1.089763694951665
2023-02-08,3232.106,3.6546,1.3868821292775666,1.717255984919887,1.4185288640595903,1.1742048196993782,2.271414798779888,1.6535634743875278,2.943991853360489,2.7143022173295552,1.1020408163265305
2023-02-09,3270.383,3.6731,1.3878326996197718,1.7194003770028274,1.4217877094972065,1.1742685264697585,2.3005519630030506,1.6576837416481067,2.923625254582485,2.7143022173295552,1.1013641245972072
2023-02-10,3260.673,3.6618,1.3878326996197718,1.7066680490103676,1.4217877094972065,1.1743322366965656,2.29334174948342,1.6503340757238307,2.9052953156822814,2.7339000672741736,1.122438238453276
2023-02-13,3284.16,3.6718,1.388783269961977,1.7129672007540058,1.4227188081936684,1.1745233881174206,2.3188244219226606,1.6550111358574608,2.9613034623217924,2.7339000672741736,1.126015037593985
2023-02-14,3293.283,3.6708,1.388783269961977,1.7104207351555136,1.4255121042830539,1.1745871121718088,2.3231703040440816,1.6521158129175946,2.980651731160896,2.7339000672741736,1.1217615467239528
2023-02-15,3280.492,3.6602,1.388783269961977,1.7041215834118757,1.4227188081936684,1.174650839683561,2.3311706779494243,1.6497772828507795,3.0061099796334014,2.7339000672741736,1.1135445757250269
2023-02-16,3249.03,3.6488,1.3897338403041823,1.707070122525919,1.4185288640595903,1.1747145706528654,2.287613086687002,1.6479955456570154,2.9613034623217924,2.7339000672741736,1.1221482277121375
2023-02-17,3224.024,3.6272,1.3897338403041823,1.7061319509896322,1.4180633147113593,1.1747783050799088,2.275661910853094,1.6455456570155902,2.9470468431771897,2.739378276005311,1.0999140708915145
2023-02-20,3290.338,3.6559,1.388783269961977,1.7061319509896322,1.4273743016759775,1.1749695291093514,2.3168490209583785,1.6525612472160356,2.946028513238289,2.739378276005311,1.1004940923737918
2023-02-21,3306.524,3.6606,1.388783269961977,1.6911212064090482,1.4320297951582868,1.1750332773692285,2.333146078913707,1.6476614699331849,2.872708757637475,2.739378276005311,1.0948872180451128
2023-02-22,3291.148,3.6471,1.388783269961977,1.6932655984919889,1.4320297951582868,1.1750970290877831,2.339072281806553,1.655902004454343,2.8818737270875765,2.739378276005311,1.0770032223415682
2023-02-23,3287.477,3.648,1.388783269961977,1.7027813383600376,1.4329608938547485,1.1751607842652028,2.3410476827708355,1.6512249443207125,2.919551934826884,2.739378276005311,1.0926638023630506
2023-02-24,3267.16,3.6325,1.388783269961977,1.6929975494816212,1.431564245810056,1.175224542901675,2.332553458624422,1.655790645879733,2.8676171079429733,2.734173977710731,1.1015574650912996
2023-02-27,3258.034,3.6264,1.388783269961977,1.7069360980207353,1.4310986964618249,1.1754158395672858,2.319910892453016,1.6521158129175946,2.9114052953156824,2.734173977710731,1.100590762620838
2023-02-28,3279.605,3.6336,1.388783269961977,1.7053278039585296,1.4324953445065176,1.1754796120418463,2.3358128702154874,1.6510022271714921,2.9063136456211813,2.734173977710731,1.1148012889366272
2023-03-01,3312.348,3.6523,1.388783269961977,1.707606220546654,1.4362197392923648,1.175543387976398,2.3572459706779494,1.6587973273942094,2.8767820773930755,2.734173977710731,1.1212781954887217
2023-03-02,3310.654,3.6485,1.388783269961977,1.6876365692742696,1.4385474860335195,1.1756071673711284,2.3507271474958182,1.6570155902004453,2.878818737270876,2.734173977710731,1.1202148227712139
2023-03-03,3328.393,3.6572,1.388783269961977,1.7037195098963243,1.440875232774674,1.1756709502262257,2.3431218537833316,1.664587973273942,2.9480651731160896,2.7347217985838443,1.1359720730397422
2023-03-06,3322.026,3.6539,1.3897338403041823,1.700636946277097,1.4390130353817505,1.1758623195555955,2.3401587523369085,1.680066815144766,2.943991853360489,2.7347217985838443,1.1437056928034373
2023-03-07,3285.099,3.6331,1.3906844106463878,1.7041215834118757,1.4366852886405956,1.175926116254037,2.297095011315556,1.678619153674833,2.9164969450101834,2.7347217985838443,1.1283351235230934
2023-03-08,3283.248,3.6285,1.3906844106463878,1.704523656927427,1.4362197392923648,1.1759899164137841,2.3162564006690936,1.6608017817371938,2.946028513238289,2.7347217985838443,1.1143179377013963
2023-03-09,3276.094,3.6246,1.391634980988593,1.7086784165881244,1.435288640595903,1.1760537200350245,2.317540411295877,1.6614699331848553,2.89918533604888,2.7347217985838443,1.1096777658431793
2023-03-10,3230.077,3.6034,1.391634980988593,1.7151115928369463,1.4273743016759775,1.176117527117946,2.2815881137459413,1.6703786191536747,2.8604887983706724,2.689252666115403,1.1107411385606876
2023-03-13,3268.696,3.6183,1.391634980988593,1.7177920829406221,1.4320297951582868,1.1763089691386757,2.290279877988783,1.6850779510022273,2.8716904276985744,2.689252666115403,1.0916004296455424
2023-03-14,3245.312,3.6112,1.391634980988593,1.6959460885956645,1.4283054003724394,1.1763727900702,2.2628218045852604,1.706792873051225,2.920570264765784,2.689252666115403,1.0542857142857143
2023-03-15,3263.315,3.6142,1.391634980988593,1.7023792648444864,1.4338919925512104,1.1764366144643446,2.2898847977959265,1.705345211581292,2.9215885947046845,2.689252666115403,0.9937701396348013
2023-03-16,3226.891,3.5953,1.3925855513307985,1.701307068803016,1.429702048417132,1.1765004423212972,2.2613402538620484,1.7209354120267262,3.0173116089613035,2.689252666115403,1.0007303974221267
2023-03-17,3250.546,3.6025,1.3925855513307985,1.7097506126295947,1.4324953445065176,1.1765642736412458,2.2775385417691627,1.7288418708240534,2.9979633401221997,2.734173977710731,0.9904833512352309
2023-03-20,3234.91,3.5963,1.3935361216730038,1.6933996229971726,1.431564245810056,1.176755788380947,2.2790200924923742,1.7927616926503342,2.9938900203665986,2.734173977710731,0.981299677765843
2023-03-21,3255.651,3.6122,1.3935361216730038,1.690585108388313,1.431564245810056,1.1768196335547587,2.3103301977762474,1.765033407572383,3.039714867617108,2.734173977710731,0.9991836734693879
2023-03-22,3265.748,3.6188,1.3944866920152093,1.696884260131951,1.4343575418994412,1.1768834821925063,2.3365042605529864,1.7361915367483296,2.9969450101832993,2.734173977710731,1.0130075187969925
2023-03-23,3286.649,3.6323,1.3944866920152093,1.699296701225259,1.435288640595903,1.176947334294377,2.3386772016136965,1.7520044543429842,3.034623217922607,2.734173977710731,1.0151342642320087
2023-03-24,3265.654,3.6278,1.3935361216730038,1.6919253534401508,1.4320297951582868,1.1770111898605593,2.3439120141690446,1.7579064587973274,3.029531568228106,2.7432130221171076,0.9943501611170784
2023-03-27,3251.397,3.6232,1.3944866920152093,1.683615834118756,1.4283054003724394,1.1772027773468545,2.346282495326183,1.749109131403118,3.020366598778004,2.7432130221171076,1.0263480128893663
2023-03-28,3245.376,3.6194,1.3944866920152093,1.683615834118756,1.4283054003724394,1.1772666467721622,2.334331319492276,1.7424276169265034,3.0071283095723014,2.7432130221171076,1.049452201933405
2023-03-29,3240.057,3.6193,1.3944866920152093,1.689244863336475,1.4264432029795158,1.1773305196627213,2.322577683754797,1.7474387527839643,3.063136456211813,2.7432130221171076,1.0547690655209452
2023-03-30,3261.249,3.631,1.3944866920152093,1.6970182846371347,1.4287709497206702,1.1773943960187196,2.3258370953458622,1.748106904231626,3.0957230142566194,2.7432130221171076,1.0581525241675618
2023-03-31,3272.86,3.6348,1.3954372623574143,1.7043896324222432,1.430633147113594,1.1774582758403456,2.3422329233494046,1.7616926503340757,3.1405295315682284,2.8094993477638712,1.0691729323308272
2023-04-03,3296.396,3.6438,1.3954372623574143,1.7086784165881244,1.4324953445065176,1.1776499361008672,2.355961960051166,1.7416481069042316,3.1354378818737274,2.8094993477638712,1.1325886143931256
2023-04-04,3312.558,3.6492,1.3954372623574143,1.7102867106503299,1.435288640595903,1.1777138297868828,2.3400599822886945,1.7569042316258352,3.1201629327902243,2.8094993477638712,1.1335553168635877
2023-04-06,3312.628,3.6467,1.3963878326996197,1.7143074458058434,1.4320297951582868,1.1778416275588046,2.328108806454787,1.7854120267260578,3.1130346232179225,2.8094993477638712,1.134908700322234
2023-04-07,3327.646,3.6562,1.3963878326996197,1.7143074458058434,1.4329608938547485,1.1779055316450873,2.335417790022631,1.7821826280623607,3.1171079429735236,2.7719736179555796,1.134908700322234
2023-04-10,3315.358,3.6541,1.3963878326996197,1.7143074458058434,1.4324953445065176,1.1780972647074788,2.309540037390534,1.7679287305122493,3.1099796334012217,2.7719736179555796,1.134232008592911
2023-04-11,3313.571,3.6506,1.397338403041825,1.7112248821866163,1.435288640595903,1.1781611826634175,2.3106265079208894,1.7747216035634743,3.094704684317719,2.7719736179555796,1.1418689581095596
2023-04-12,3327.182,3.6509,1.397338403041825,1.7110908576814325,1.440875232774674,1.1782251040872407,2.319515812260159,1.7876391982182627,3.0661914460285136,2.7719736179555796,1.161783029001074
2023-04-13,3318.364,3.6424,1.397338403041825,1.7049257304429783,1.4427374301675977,1.1782890289791366,2.3089474171012494,1.7894209354120267,3.119144602851324,2.7719736179555796,1.1600429645542427
2023-04-14,3338.153,3.6505,1.397338403041825,1.7003688972667295,1.4422718808193666,1.1783529573392928,2.3186268818262326,1.7959910913140311,3.1099796334012217,2.7653997674782143,1.157046186895811
2023-04-17,3385.61,3.6729,1.397338403041825,1.6946058435438265,1.4473929236499068,1.1785447632312078,2.3330473088654924,1.7797327394209355,3.1150712830957232,2.7653997674782143,1.1437056928034373
2023-04-18,3393.331,3.6781,1.3982889733840305,1.6951419415645617,1.4487895716945995,1.1786087054662886,2.332454688576208,1.7729398663697105,3.121181262729124,2.7653997674782143,1.1433190118152525
2023-04-19,3370.128,3.6678,1.3982889733840305,1.688574740810556,1.4492551210428304,1.1786726511705712,2.3249481649119352,1.7726057906458799,3.1171079429735236,2.7653997674782143,1.1268850698174007
2023-04-20,3367.031,3.6656,1.3982889733840305,1.699296701225259,1.4511173184357542,1.1787366003442437,2.3253432451047917,1.7744988864142537,3.1038696537678208,2.7653997674782143,1.1011707841031149
2023-04-21,3301.258,3.6367,1.3982889733840305,1.6897809613572101,1.4441340782122905,1.178800552987494,2.274476670274525,1.7684855233853007,3.0967413441955194,2.7295175002892638,1.1000107411385607
2023-04-24,3275.413,3.6222,1.3992395437262357,1.6935336475023564,1.4441340782122905,1.1789924317365967,2.274970520515596,1.7648106904231626,3.0926680244399183,2.7295175002892638,1.1083243823845328
2023-04-25,3264.872,3.6118,1.3992395437262357,1.6929975494816212,1.4445996275605215,1.1790563982600422,2.234771110892453,1.7793986636971046,3.0366598778004077,2.7295175002892638,1.1047475832438238
2023-04-26,3264.101,3.6127,1.3992395437262357,1.698090480678605,1.4455307262569832,1.179120368254007,2.2558091311620583,1.78173719376392,3.0723014256619146,2.7295175002892638,1.096433941997852
2023-04-27,3285.884,3.6275,1.4001901140684412,1.6920593779453346,1.4478584729981376,1.1791843417186796,2.270427098297747,1.7849665924276168,3.153767820773931,2.7295175002892638,1.0711063372717509
2023-04-28,3323.275,3.6392,1.4001901140684412,1.6978224316682373,1.4548417132216014,1.1792483186542482,2.292354049001279,1.7714922048997772,3.1761710794297353,2.710891590603396,1.0869602577873256
2023-05-04,3350.459,3.6391,1.4011406844106462,1.692327426955702,1.4650837988826815,1.179632253167022,2.3016384335334052,1.80913140311804,3.104887983706721,2.710891590603396,1.024607948442535
2023-05-05,3334.503,3.6336,1.4020912547528517,1.6938016965127238,1.4655493482309125,1.179696254404136,2.284946295385221,1.8174832962138086,3.1731160896130346,2.6900743974250734,1.047518796992481
2023-05-08,3395.004,3.6552,1.4020912547528517,1.6888427898209237,1.4771880819366852,1.1798882789506484,2.297095011315556,1.798218262806236,3.1822810590631363,2.7117133219130665,1.0362083780880773
2023-05-09,3357.671,3.6412,1.403041825095057,1.6862963242224316,1.472532588454376,1.179952294078504,2.271414798779888,1.8018930957683743,3.1659877800407332,2.6730919503585473,1.042201933404941
2023-05-10,3319.151,3.63,1.403041825095057,1.6887087653157398,1.4636871508379887,1.1800163126795162,2.2827733543245103,1.8076837416481069,3.2026476578411405,2.69829171052178,1.0538990332975295
2023-05-11,3309.551,3.6282,1.4039923954372624,1.6857602262016966,1.4641527001862196,1.180080334753873,2.287711856735216,1.8089086859688197,3.203665987780041,2.67637887559723,1.0418152524167563
2023-05-12,3272.362,3.6094,1.4039923954372624,1.6881726672950048,1.4599627560521415,1.1801443603017636,2.2708221784906035,1.799109131403118,3.2097759674134423,2.6788440695262414,1.0288614393125672
2023-05-15,3310.737,3.6314,1.4039923954372624,1.6888427898209237,1.4604283054003724,1.1803364577885194,2.284551215192365,1.805456570155902,3.234215885947047,2.7445825742998915,1.0334049409237378
2023-05-16,3290.987,3.6237,1.4039923954372624,1.6801311969839774,1.4562383612662941,1.1804004972324278,2.2713160287316736,1.8008908685968819,3.230142566191446,2.7525259769600408,1.033501611170784
2023-05-17,3284.232,3.6169,1.4039923954372624,1.6692752120640906,1.4548417132216014,1.180464540150812,2.285045065433435,1.7935412026726059,3.2810590631364565,2.822647048718601,1.047422126745435
2023-05-18,3297.32,3.6166,1.4039923954372624,1.6602955702167765,1.4576350093109869,1.1805285865438602,2.2966999311227,1.7905345211581292,3.3503054989816703,2.9122157614726993,1.0548657357679914
2023-05-19,3283.542,3.6124,1.4039923954372624,1.6700793590951932,1.452513966480447,1.1805926364117614,2.2973913214601986,1.7836302895322937,3.3615071283095723,2.915502686711382,1.0623093447905478
2023-05-22,3296.47,3.6204,1.4049429657794676,1.656140810556079,1.452048417132216,1.1807848068664666,2.3060830857030403,1.7902004454342983,3.3625254582484727,2.91303749278237,1.0535123523093448
2023-05-23,3246.238,3.6006,1.4058935361216731,1.6548005655042413,1.446461824953445,1.1808488706356641,2.288403247072715,1.7810690423162583,3.3279022403258653,2.8774291360299764,1.0724597207303974
2023-05-24,3204.749,3.5813,1.4058935361216731,1.657481055607917,1.4399441340782122,1.1809129378806573,2.2762545311423796,1.7922048997772828,3.3228105906313643,2.865650987258031,1.089860365198711
2023-05-25,3201.261,3.5779,1.4058935361216731,1.6432744580584353,1.4380819366852886,1.1809770086016342,2.2760569910459507,1.7869710467706013,3.4012219959266803,3.045884054512455,1.0719763694951665
2023-05-26,3212.504,3.5778,1.4049429657794676,1.6432744580584353,1.4422718808193666,1.181041082798784,2.294922070254846,1.7776169265033408,3.5,3.2110520477562505,1.074393125671321
2023-05-29,3221.448,3.5745,1.4058935361216731,1.6432744580584353,1.4450651769087524,1.1812333262491557,2.289588487651284,1.7748329621380847,3.489816700610998,3.2140650625583764,1.0755531686358755
2023-05-30,3224.213,3.5751,1.4058935361216731,1.6633781338360039,1.4455307262569832,1.1812974143528823,2.300650733051264,1.7719376391982182,3.516293279022403,3.224199748710981,1.0513856068743286
2023-05-31,3204.564,3.5616,1.4068441064638781,1.6585532516493875,1.4432029795158285,1.1813615059337248,2.2962060808816296,1.794654788418708,3.4918533604887982,3.1584612439373307,1.0255746509129968
2023-06-01,3204.635,3.5659,1.4068441064638781,1.6668627709707824,1.4422718808193666,1.1814256009918715,2.298576562038768,1.7937639198218263,3.544806517311609,3.195165242435952,1.0398818474758325
2023-06-02,3230.069,3.5853,1.4068441064638781,1.683615834118756,1.4441340782122905,1.1814896995275115,2.31112035816196,1.801002227171492,3.568228105906314,3.187495750212359,1.0636627282491944
2023-06-05,3232.441,3.5796,1.4068441064638781,1.6731619227144203,1.446461824953445,1.1816820160012766,2.3243555446226507,1.7818485523385301,3.568228105906314,3.1661307361609228,1.0790332975295382
2023-06-06,3195.34,3.5656,1.4077946768060836,1.6810693685202638,1.4427374301675977,1.1817461284487758,2.282872124372725,1.7919821826280622,3.5773930753564156,3.1822914519177785,1.0689795918367346
2023-06-07,3197.759,3.5602,1.4077946768060836,1.6773166823751178,1.4455307262569832,1.1818102443747116,2.2804028731673722,1.7934298440979957,3.5213849287169046,3.1664046465974796,1.0793233082706768
2023-06-08,3213.586,3.5711,1.4077946768060836,1.6887087653157398,1.4497206703910612,1.1818743637792724,2.2791188625405887,1.7866369710467707,3.570264765784114,3.1820175414812217,1.0761331901181526
2023-06-09,3231.406,3.579,1.4087452471482889,1.6893788878416587,1.4506517690875231,1.1819384866626472,2.2843536750959363,1.7992204899777282,3.5723014256619146,3.194343511126281,1.0679162191192266
2023-06-12,3228.834,3.5814,1.4087452471482889,1.6915232799245994,1.446927374301676,1.182130876187544,2.3040089146905443,1.8013363028953229,3.6384928716904277,3.265012403757955,1.0351450053705693
2023-06-13,3233.673,3.5881,1.4096958174904943,1.6929975494816212,1.446927374301676,1.1821950129880625,2.305786775558398,1.8080178173719375,3.6812627291242364,3.315138013647863,1.0472287862513425
2023-06-14,3228.989,3.5902,1.4106463878326996,1.6995647502356268,1.4445996275605215,1.1822591532683389,2.311910518547673,1.7965478841870823,3.7107942973523422,3.3595115043700767,1.054672395273899
2023-06-15,3252.975,3.6128,1.4096958174904943,1.7097506126295947,1.446461824953445,1.1823232970285622,2.323071533995867,1.7815144766146993,3.74847250509165,3.3315726398412755,1.0621160042964555
2023-06-16,3273.334,3.6268,1.4087452471482889,1.717255984919887,1.446461824953445,1.1823874442689204,2.333343619010135,1.7953229398663697,3.7138492871690425,3.3110293570995104,1.0741997851772287
2023-06-19,3255.806,3.6128,1.4068441064638781,1.717255984919887,1.440875232774674,1.1825799068726968,2.3241580045262227,1.7965478841870823,3.708757637474542,3.3170553867037613,1.0723630504833512
2023-06-20,3240.365,3.6077,1.4077946768060836,1.7080082940622054,1.4385474860335195,1.1826440680354853,2.3189231919708746,1.7994432071269486,3.726069246435845,3.315138013647863,1.0711063372717509
2023-06-21,3197.901,3.5873,1.4077946768060836,1.7086784165881244,1.434823091247672,1.1827082326793534,2.3025273639673323,1.7944320712694877,3.6863543788187374,3.2181737191067294,1.0930504833512353
2023-06-26,3150.619,3.5688,1.4087452471482889,1.696214137606032,1.4278398510242085,1.183029108121499,2.271809878972744,1.7917594654788418,3.654786150712831,3.1806479892984374,1.063952738990333
2023-06-27,3189.443,3.5834,1.4087452471482889,1.7017091423185675,1.435288640595903,1.1830932936558112,2.322083833513726,1.7917594654788418,3.719959266802444,3.2682993289966378,1.0610526315789472
2023-06-28,3189.376,3.5858,1.4087452471482889,1.6986265786993404,1.4385474860335195,1.1831574826725255,2.325442015153006,1.7821826280623607,3.725050916496945,3.255699448915022,1.0553490870032223
2023-06-29,3182.381,3.5802,1.4087452471482889,1.6901830348727618,1.4385474860335195,1.1832216751718307,2.353196398701171,1.7832962138084631,3.725050916496945,3.2688471498697513,1.0684962406015037
2023-06-30,3202.062,3.5903,1.4096958174904943,1.6857602262016966,1.440875232774674,1.1832858711539156,2.37216024795828,1.788530066815145,3.786150712830957,3.323903147617683,1.0814500537056928
2023-07-03,3243.975,3.6101,1.4106463878326996,1.6852241281809615,1.4455307262569832,1.1834784799987388,2.381148322345764,1.7926503340757236,3.788187372708758,3.3428029677401074,1.0847368421052632
2023-07-04,3245.349,3.612,1.4106463878326996,1.6852241281809615,1.4436685288640594,1.1835426899138326,2.3815434025386204,1.7945434298440979,3.7820773930753564,3.3433507886132214,1.0788399570354459
2023-07-05,3222.947,3.6008,1.4106463878326996,1.6711515551366634,1.4432029795158285,1.183606903312651,2.369592226704713,1.7973273942093542,3.7769857433808554,3.286103507372834,1.0912137486573577
2023-07-06,3205.575,3.5925,1.411596958174905,1.6643163053722903,1.4422718808193666,1.1836711201953831,2.363369713667224,1.7961024498886413,3.7556008146639512,3.251590792366668,1.0847368421052632
2023-07-07,3196.609,3.5874,1.411596958174905,1.6610997172478794,1.4436685288640594,1.183735340562218,2.3615918527993705,1.7935412026726059,3.740325865580448,3.2548777176053503,1.105424274973147
2023-07-10,3203.696,3.5944,1.411596958174905,1.661367766258247,1.4450651769087524,1.1839280225692292,2.362085703040441,1.7993318485523384,3.7362525458248474,3.2904860743577444,1.1150912996777658
2023-07-11,3221.367,3.6025,1.4125475285171103,1.6728938737040528,1.446927374301676,1.1839922568743653,2.381642172586835,1.7951002227171493,3.7515274949083506,3.3060989692414866,1.122438238453276
2023-07-12,3196.134,3.5961,1.4125475285171103,1.6830797360980208,1.4436685288640594,1.1840564946645495,2.3592213716422314,1.7989977728285076,3.791242362525458,3.3225335954348996,1.1334586466165415
2023-07-13,3236.48,3.6215,1.4125475285171103,1.6938016965127238,1.4487895716945995,1.1841207359399708,2.372061477910066,1.8130289532293988,3.843177189409369,3.403337174219177,1.1458324382384533
2023-07-14,3237.701,3.6223,1.4125475285171103,1.6929975494816212,1.4506517690875231,1.184184980700818,2.3675180556922166,1.8042316258351894,3.830957230142566,3.3567724000045085,1.139452201933405
2023-07-17,3209.63,3.6108,1.4125475285171103,1.6888427898209237,1.4487895716945995,1.184377735897808,2.367715595788645,1.8102449888641425,3.8665987780040734,3.406076278584746,1.1288184747583243
2023-07-18,3197.82,3.6071,1.4134980988593155,1.6903170593779455,1.4487895716945995,1.184441994602251,2.3699873068975696,1.8185968819599108,3.904276985743381,3.4019676220363926,1.1299785177228787
2023-07-19,3198.836,3.6058,1.4134980988593155,1.681605466540999,1.4511173184357542,1.184506256793066,2.3698885368493556,1.841425389755011,3.9022403258655802,3.3800547871118427,1.1434156820622987
2023-07-20,3169.522,3.597,1.4134980988593155,1.681605466540999,1.4483240223463687,1.1845705224704415,2.34331939387976,1.8371937639198217,3.815682281059063,3.2669297768138534,1.1365520945220193
2023-07-21,3167.745,3.5972,1.4144486692015208,1.6793270499528745,1.4487895716945995,1.1846347916345674,2.3339362392994194,1.8267260579064588,3.8044806517311613,3.273777537727775,1.1518259935553168
2023-07-24,3164.161,3.5906,1.4153992395437263,1.661903864278982,1.4492551210428304,1.184827620049337,2.343516933976188,1.8275055679287304,3.8116089613034623,3.2688471498697513,1.1697099892588614
2023-07-25,3231.521,3.635,1.4125475285171103,1.670213383600377,1.455772811918063,1.184891903162355,2.371567627668995,1.815924276169265,3.837067209775967,3.321437953688671,1.183533834586466
2023-07-26,3223.028,3.6313,1.4125475285171103,1.6716876531573988,1.455772811918063,1.1849561897630692,2.3505296073993898,1.8246102449888641,3.8167006109979638,3.271038433362206,1.1791836734693877
2023-07-27,3216.671,3.6275,1.4134980988593155,1.663914231856739,1.456703910614525,1.1850204798516686,2.33610918036013,1.828285077951002,3.8054989816700613,3.2924034474136423,1.1852738990332976
2023-07-28,3275.926,3.6624,1.4125475285171103,1.6694092365692743,1.4646182495344504,1.1850847734283423,2.3520111581226018,1.815812917594655,3.8767820773930755,3.3395160425014256,1.1932008592910848
2023-07-31,3291.04,3.6733,1.4125475285171103,1.6719557021677662,1.4683426443202978,1.1852776750887035,2.3584312112565184,1.814587973273942,3.8767820773930755,3.34965072865403,1.2091514500537057
2023-08-01,3290.949,3.6666,1.4125475285171103,1.659893496701225,1.4688081936685287,1.185341982619568,2.3551717996654533,1.8190423162583518,3.8665987780040734,3.3482811764712452,1.2095381310418905
2023-08-02,3261.69,3.6567,1.4125475285171103,1.6479653157398682,1.4641527001862196,1.1854062936394534,2.34717142576011,1.8199331848552338,3.788187372708758,3.2570690010978054,1.1962943071965628
2023-08-03,3280.463,3.6695,1.4134980988593155,1.6365732327992462,1.4664804469273742,1.1854706081485489,2.340751372626193,1.8119153674832962,3.7892057026476578,3.2644645828848415,1.2033512352309343
2023-08-04,3288.084,3.6765,1.4134980988593155,1.646088972667295,1.4655493482309125,1.1855349261470438,2.342628003542261,1.80913140311804,3.7657841140529533,3.2743253586008887,1.2195918367346938
2023-08-07,3268.831,3.6636,1.4144486692015208,1.6385836003770027,1.4618249534450651,1.1857279010808186,2.3245530847190787,1.8125835189309576,3.795315682281059,3.297607745708223,1.2220085929108486
2023-08-08,3260.62,3.6598,1.4144486692015208,1.6420682375117814,1.461359404096834,1.1857922330388047,2.319318272163731,1.8123608017817372,3.7718940936863548,3.252412523676339,1.2208485499462942
2023-08-09,3244.487,3.6578,1.4153992395437263,1.6458209236569274,1.4590316573556796,1.185856568487137,2.2990704122798387,1.8129175946547882,3.7311608961303464,3.1913304963241558,1.2393125671321161
2023-08-10,3254.56,3.6601,1.4153992395437263,1.6293359095193214,1.4608938547486032,1.1859209074260049,2.3044039948834003,1.807349665924276,3.7372708757637474,3.179278437115653,1.2455961331901182
2023-08-11,3189.248,3.6276,1.4153992395437263,1.6162015080113101,1.4529795158286778,1.1859852498555974,2.2691430876709635,1.8135857461024498,3.7128309572301426,3.1028574253162846,1.24047261009667
2023-08-14,3178.427,3.6165,1.4163498098859315,1.595963807728558,1.452513966480447,1.1861782980906188,2.2806991833120143,1.8165924276169265,3.7606924643584523,3.187495750212359,1.2296455424274972
2023-08-15,3176.176,3.6125,1.417300380228137,1.5816231856738925,1.455772811918063,1.1862426544850049,2.273785279937026,1.8167037861915367,3.724032586558045,3.1507917517137383,1.222685284640172
2023-08-16,3150.128,3.6028,1.417300380228137,1.5798808671065034,1.4539106145251397,1.1863070143710632,2.2548214306799177,1.8199331848552338,3.695519348268839,3.0609491285230828,1.2164017185821696
2023-08-17,3163.739,3.6094,1.417300380228137,1.5695609802073516,1.4548417132216014,1.1863713777489826,2.2816868837941553,1.819599109131403,3.6608961303462326,3.047527517131796,1.2128249194414606
2023-08-18,3131.953,3.5933,1.417300380228137,1.5703651272384542,1.452048417132216,1.1864357446189533,2.247808757256715,1.8171492204899775,3.6517311608961305,3.052183994553263,1.2155316863587542
2023-08-21,3092.978,3.5756,1.4182509505703422,1.5549523091423185,1.4478584729981376,1.1866288661830644,2.2341784906031683,1.824164810690423,3.709775967413442,3.1406570655611334,1.2268421052631577
2023-08-22,3120.334,3.5858,1.4182509505703422,1.5631278039585295,1.451582867783985,1.186693247023133,2.2415862442192265,1.823608017817372,3.702647657841141,3.119018141073141,1.2147583243823845
2023-08-23,3078.402,3.5634,1.4182509505703422,1.583231479736098,1.4492551210428304,1.1867576313562,2.209485978549641,1.8257238307349666,3.7606924643584523,3.1699654822727195,1.2066380236305048
2023-08-24,3082.244,3.5721,1.4182509505703422,1.5808190386427898,1.4473929236499068,1.1868220191824546,2.20681918724786,1.831291759465479,3.6761710794297353,3.0839576051938598,1.2000644468313642
2023-08-25,3064.075,3.5684,1.4182509505703422,1.5800148916116872,1.4473929236499068,1.1868864105020864,2.175212771819345,1.8285077951002227,3.705702647657841,3.054375278045718,1.209828141783029
2023-08-28,3098.636,3.587,1.417300380228137,1.5796128180961357,1.4529795158286778,1.1870796054231416,2.2009917544032276,1.8288418708240535,3.7311608961303464,3.0765620234068245,1.2106015037593985
2023-08-29,3135.887,3.6019,1.417300380228137,1.5893966069745522,1.4548417132216014,1.187144010718178,2.2592660828495523,1.8337416481069042,3.808553971486762,3.171335034455504,1.216595059076262
2023-08-30,3137.138,3.6014,1.4169201520912547,1.5928812441093307,1.451582867783985,1.1872084195075396,2.265488595887041,1.839977728285078,3.8279022403258653,3.2044781972788856,1.2311922663802364
2023-08-31,3119.876,3.5924,1.4171102661596957,1.608026013195099,1.4478584729981376,1.187272831791416,2.2500804683656397,1.8484409799554564,3.838085539714868,3.2326909722442436,1.2395059076262085
2023-09-01,3133.247,3.6031,1.4167300380228136,1.614995287464656,1.452048417132216,1.1873372475699966,2.26064886352455,1.8469933184855234,3.8340122199592668,3.2244736591475376,1.2667669172932332
2023-09-04,3177.06,3.6257,1.4159695817490494,1.614995287464656,1.4594972067039105,1.18753051587586,2.2924528190494935,1.8537861915367484,3.8329938900203664,3.2400865540312793,1.2787540279269602
2023-09-05,3154.369,3.613,1.4161596958174905,1.6007886899151742,1.455772811918063,1.1875949456351536,2.2826745842762963,1.8551224944320712,3.837067209775967,3.24529085232586,1.294704618689581
2023-09-06,3158.077,3.6123,1.415494296577947,1.6069538171536288,1.4553072625698322,1.1876593788900998,2.2794151726852308,1.8487750556792872,3.8126272912423627,3.2518647028032253,1.2984747583243823
2023-09-07,3122.352,3.5905,1.4146387832699618,1.602933081998115,1.452513966480447,1.187723815640888,2.246425976581718,1.8496659242761693,3.786150712830957,3.167226377907151,1.3046616541353382
2023-09-08,3116.719,3.5827,1.4140684410646387,1.6033351555136663,1.4492551210428304,1.187788255887708,2.24287025484601,1.8624721603563474,3.79837067209776,3.1639394526684677,1.306595059076262
2023-09-11,3142.779,3.5949,1.4134980988593155,1.6021289349670123,1.4539106145251397,1.1879815976062547,2.266871376562039,1.8642538975501113,3.841140529531568,3.161200348302899,1.3059183673469388
2023-09-12,3137.059,3.5925,1.4140684410646387,1.600386616399623,1.4534450651769086,1.188046051839098,2.270624638394175,1.8690423162583518,3.793279022403259,3.1255919915505053,1.3213856068743286
2023-09-13,3123.067,3.5821,1.4149239543726235,1.6032011310084824,1.4539106145251397,1.188110509568922,2.242080094460297,1.8723830734966591,3.8024439918533606,3.132713662900984,1.325735767991407
2023-09-14,3126.551,3.581,1.4153992395437263,1.5990463713477852,1.4576350093109869,1.188174970795916,2.2274621273246087,1.889532293986637,3.8319755600814664,3.131070200281643,1.3331793770139635
2023-09-15,3117.743,3.5703,1.4153992395437263,1.5932833176248822,1.4571694599627558,1.1882394355202692,2.2272645872281807,1.8711581291759465,3.764765784114053,3.059031755467185,1.3411063372717509
2023-09-18,3125.932,3.5775,1.4149239543726235,1.5914069745523092,1.4576350093109869,1.1884328506793853,2.2477099872085016,1.8680400890868596,3.7678207739307537,3.0480753380049097,1.341783029001074
2023-09-19,3124.957,3.574,1.415019011406844,1.5841696512723844,1.4599627560521415,1.188497329395075,2.2308203089638887,1.8758351893095768,3.7566191446028516,3.031914622248054,1.3462298603651988
2023-09-20,3108.568,3.5683,1.415209125475285,1.5774684260131953,1.4599627560521415,1.1885618116090733,2.2200543737085505,1.8792873051224943,3.7077393075356415,2.992745429820421,1.3325026852846402
2023-09-21,3084.701,3.5555,1.4157794676806084,1.557900848256362,1.4571694599627558,1.1886262973215695,2.2028683853192956,1.8824053452115812,3.6435845213849287,2.9363198798897048,1.329312567132116
2023-09-22,3132.432,3.5814,1.4156844106463877,1.5666124410933082,1.4599627560521415,1.1886907865327545,2.2370428220013774,1.877839643652561,3.645621181262729,2.989458504581738,1.3301825993555316
2023-09-25,3115.607,3.5727,1.415494296577947,1.5536120640904807,1.4594972067039105,1.188884275160336,2.2314129292531732,1.8927616926503341,3.6619144602851326,2.9995931907343425,1.3206122448979594
2023-09-26,3102.273,3.5641,1.4151140684410646,1.5495913289349668,1.4576350093109869,1.1889487783681714,2.224894106071042,1.8865256124721603,3.608961303462322,2.9648065652916196,1.3203222341568206
2023-09-27,3107.316,3.5671,1.415209125475285,1.5390033930254479,1.4562383612662941,1.1890132850756443,2.233684640362098,1.8436525612472159,3.6171079429735236,2.9826107436678164,1.3455531686358753
2023-09-28,3110.475,3.5644,1.4160646387832698,1.5402096135721017,1.456703910614525,1.1890777952829445,2.2596611630424084,1.782739420935412,3.65071283095723,3.045336233639341,1.3471965628356606
2023-10-09,3096.922,3.5623,1.4171102661596957,1.5402096135721017,1.4548417132216014,1.1897876386061583,2.2620316441995474,1.7479955456570158,3.7342158859470467,3.1017617835700575,1.2527497314715361
2023-10-10,3075.236,3.55,1.4167300380228136,1.5276113100848254,1.4506517690875231,1.1898521908261992,2.2359563514710223,1.7916481069042316,3.754582484725051,3.1431222594901453,1.2645435016111708
2023-10-11,3078.956,3.5514,1.4161596958174905,1.543828275212064,1.4487895716945995,1.1899167465485365,2.2252891862638986,1.7937639198218263,3.7790224032586557,3.177634974496312,1.2556498388829216
2023-10-12,3107.901,3.5681,1.4161596958174905,1.528683506126296,1.4534450651769086,1.1899813057733606,2.2467222867263605,1.7967706013363027,3.763747454175153,3.2011912720402034,1.2486895810955962
2023-10-13,3088.099,3.5536,1.416444866920152,1.534446559849199,1.452513966480447,1.190045868500861,2.2324993997835283,1.8071269487750556,3.7179226069246436,3.1332614837740977,1.2756605800214824
2023-10-16,3073.813,3.5403,1.4165399239543726,1.5225183788878416,1.4534450651769086,1.1902395777013224,2.2253879563121126,1.83184855233853,3.7606924643584523,3.150243930840624,1.2965413533834587
2023-10-17,3083.496,3.5446,1.4161596958174905,1.5079097078228088,1.4548417132216014,1.19030415444143,2.2229187051067596,1.8406458797327394,3.74847250509165,3.126413722860176,1.2903544575725028
2023-10-18,3058.71,3.5331,1.4160646387832698,1.494909330819981,1.4497206703910612,1.190368734685164,2.1908184394371744,1.854120267260579,3.6975560081466394,3.067796889437005,1.314812030075188
2023-10-19,3005.393,3.5019,1.415019011406844,1.4735994344957586,1.4422718808193666,1.190433318432715,2.16740993801043,1.8658129175946547,3.6670061099796336,3.037118920542635,1.3157787325456498
2023-10-20,2983.059,3.4925,1.415209125475285,1.4722591894439208,1.4394785847299814,1.190497905684273,2.1534833612122406,1.8888641425389754,3.615071283095723,2.9924715193838645,1.3388829215896885
2023-10-23,2939.291,3.4775,1.4156844106463877,1.4722591894439208,1.4329608938547485,1.1906916884648913,2.11022208009446,1.8797327394209353,3.6262729124236253,2.97795426624635,1.314812030075188
2023-10-24,2962.244,3.4833,1.4153041825095056,1.4882081055607919,1.4366852886405956,1.1907562897343789,2.1469645380301094,1.882293986636971,3.658859470468432,3.020958204785779,1.2838775510204081
2023-10-25,2974.114,3.4902,1.4157794676806084,1.4717230914231858,1.440875232774674,1.190820894508824,2.1836082259175438,1.8734966592427615,3.5712830957230146,2.9322112233413513,1.2785606874328679
2023-10-26,2988.299,3.4958,1.4159695817490494,1.4773521206409048,1.4436685288640594,1.190885502788417,2.19625079208895,1.8851893095768375,3.5061099796334014,2.899615881391083,1.286294307196563
2023-10-27,3017.784,3.5127,1.4161596958174905,1.4756098020735156,1.4455307262569832,1.1909501145733485,2.2262768867460396,1.8913140311804006,3.5224032586558045,2.9264591041736567,1.2918045112781955
2023-10-30,3021.553,3.5153,1.416634980988593,1.4706508953817152,1.440409683426443,1.1911439709620724,2.2224248548656895,1.8962138084632518,3.562118126272913,2.945632834732638,1.2776906552094522
2023-10-31,3018.771,3.5101,1.417015209125475,1.463413572101791,1.441340782122905,1.191208596770258,2.200004053921086,1.8961024498886414,3.5804480651731163,2.9735716992614396,1.2701503759398498
2023-11-01,3023.077,3.5089,1.4171102661596957,1.4803006597549482,1.440875232774674,1.1912732260847323,2.2047450162353637,1.8904231625835188,3.6395112016293276,3.0341059057405086,1.2585499462943073
2023-11-02,3009.406,3.5027,1.4177756653992395,1.4955794533459,1.4422718808193666,1.191337858905686,2.190620899340746,1.8937639198218261,3.69959266802444,3.0645099641983222,1.263093447905478
2023-11-03,3030.798,3.5134,1.4178707224334601,1.506569462770971,1.440409683426443,1.1914024952333093,2.2039548558496507,1.895991091314031,3.7423625254582484,3.152709124769636,1.2559398496240601
2023-11-06,3058.411,3.5325,1.4181558935361216,1.529353628652215,1.4399441340782122,1.191596425258099,2.2237088654924726,1.8875278396436526,3.7525458248472505,3.1644872735415817,1.25796992481203
2023-11-07,3057.27,3.5269,1.4179657794676805,1.5434262016965126,1.4399441340782122,1.1916610756143031,2.2257830365049687,1.875055679287305,3.784114052953157,3.1891392128317,1.2272287862513427
2023-11-08,3052.373,3.5229,1.4181558935361216,1.5660763430725733,1.4394785847299814,1.1917257294781285,2.2190666732264095,1.8690423162583518,3.7892057026476578,3.213791152121819,1.1932008592910848
2023-11-09,3053.279,3.5224,1.4182509505703422,1.5436942507068803,1.440875232774674,1.1917903868497646,2.2124490799960643,1.860022271714922,3.7586558044806515,3.20146518247676,1.1853705692803438
2023-11-10,3038.97,3.5116,1.4185361216730037,1.5383332704995287,1.4399441340782122,1.1918550477294025,2.2110662993210664,1.8665924276169263,3.840122199592668,3.2891165221749605,1.194264232008593
2023-11-13,3046.533,3.5102,1.4189163498098858,1.5386013195098962,1.440875232774674,1.1920490514182287,2.2262768867460396,1.864142538975501,3.8289205702647657,3.275421000347116,1.208764769065521
2023-11-14,3056.07,3.5108,1.4188212927756654,1.5562925541941566,1.440409683426443,1.192113726331776,2.2305239988192467,1.8712694877505567,3.9114052953156824,3.366907086157113,1.2234586466165414
2023-11-15,3072.835,3.5205,1.4190114068441062,1.5632618284637136,1.4432029795158285,1.1921784047542767,2.252747259667421,1.8747216035634744,3.9124236252545828,3.35403329563894,1.2133082706766918
2023-11-16,3050.926,3.5066,1.4193916349809885,1.5746539114043356,1.4427374301675977,1.1922430866859213,2.2404010036406574,1.8721603563474387,3.9144602851323826,3.3318465502778327,1.1749301825993557
2023-11-17,3054.366,3.5043,1.4196768060836502,1.5805509896324224,1.4422718808193666,1.1923077721268995,2.2589697727049103,1.8752783964365256,3.9134419551934827,3.34608989297879,1.1705800214822772
2023-11-20,3068.319,3.5075,1.4197718631178706,1.6013247879359096,1.4432029795158285,1.1925018495077433,2.2710197185870316,1.8552338530066814,3.9531568228105907,3.3819721601677406,1.207314715359828
2023-11-21,3067.933,3.5095,1.4196768060836502,1.6153973609802075,1.4441340782122905,1.1925665489879622,2.2611427137656204,1.855567928730512,3.919551934826884,3.321437953688671,1.2042212674543502
2023-11-22,3043.611,3.4964,1.4191064638783268,1.6088301602262016,1.4427374301675977,1.1926312519784672,2.23951207320673,1.851781737193764,3.928716904276986,3.3110293570995104,1.186530612244898
2023-11-23,3061.856,3.5052,1.4184410646387833,1.6104384542884072,1.446461824953445,1.1926959584794488,2.2655873659352554,1.8488864142538977,3.925661914460285,3.3203423119424436,1.1928141783029
2023-11-24,3040.972,3.496,1.4184410646387833,1.609366258246937,1.4455307262569832,1.1927606684910974,2.2434628751352945,1.8488864142538977,3.9164969450101834,3.302812044002804,1.1933941997851771
2023-11-27,3031.7,3.4854,1.4181558935361216,1.6125828463713479,1.4450651769087524,1.1929548195919506,2.247117366919217,1.8673719376391982,3.9124236252545828,3.3181510284499893,1.1733834586466165
2023-11-28,3038.555,3.4891,1.4184410646387833,1.611778699340245,1.4455307262569832,1.1930195436481723,2.265192285742399,1.8732739420935411,3.9226069246435844,3.310207625789839,1.1809237379162192
2023-11-29,3021.687,3.4762,1.4183460076045626,1.6182118755890669,1.4427374301675977,1.1930842712160137,2.250870628751353,1.884632516703786,3.9124236252545828,3.327463983292923,1.1950375939849625
2023-11-30,3029.673,3.4784,1.4188212927756654,1.6078919886899152,1.4436685288640594,1.1931490022956652,2.238820682869232,1.8840757238307348,3.9022403258655802,3.2984294770178937,1.187980665950591
2023-12-01,3031.636,3.4726,1.4190114068441062,1.6195521206409047,1.4455307262569832,1.193213736887317,2.2460308963888616,1.8848552338530067,3.9185336048879837,3.313494551028522,1.1811170784103115
2023-12-04,3022.914,3.4634,1.4187262357414447,1.6153973609802075,1.446461824953445,1.193407961736182,2.2472161369674306,1.9092427616926502,3.875763747454175,3.26720368725041,1.1525993555316862
2023-12-05,2972.296,3.4377,1.4186311787072243,1.6278616399622996,1.4399441340782122,1.1934727103777418,2.2162023418282,1.8828507795100222,3.8910386965376786,3.2502212401838837,1.1492158968850699
2023-12-06,2968.933,3.438,1.4184410646387833,1.6342948162111217,1.4399441340782122,1.1935374625322552,2.2318080094460298,1.8812917594654788,3.8696537678207736,3.231869240934573,1.1154779806659505
2023-12-07,2966.206,3.4359,1.4186311787072243,1.632686522148916,1.440409683426443,1.1936022181999126,2.228647367903178,1.8844097995545657,3.927698574338086,3.2948686413426542,1.0997207303974221
2023-12-08,2969.559,3.441,1.4188212927756654,1.623304806786051,1.440409683426443,1.1936669773809045,2.207016727344288,1.883184855233853,3.9399185336048883,3.3211640432521143,1.1169280343716435
2023-12-11,2991.439,3.4492,1.4193916349809885,1.6199541941564564,1.4445996275605215,1.1938612760057945,2.229635068385319,1.864922048997773,3.974541751527495,3.4189500691029187,1.124564983888292
2023-12-12,3003.438,3.4538,1.4194866920152092,1.6237068803016024,1.4478584729981376,1.1939260492420312,2.2423764046049395,1.8583518930957683,4.006109979633401,3.4446976501392657,1.1024274973147155
2023-12-13,2968.761,3.4322,1.4201520912547527,1.6392537229029218,1.4441340782122905,1.1939908259925558,2.2306227688674602,1.8518930957683741,4.05295315682281,3.4701713207390545,1.0946938775510204
2023-12-14,2958.986,3.4256,1.4204372623574144,1.6596254476908576,1.4436685288640594,1.1940556062575587,2.2305239988192467,1.885523385300668,4.045824847250509,3.5071492296742326,1.1195381310418904
2023-12-15,2942.557,3.4227,1.4211026615969582,1.667666918001885,1.440409683426443,1.194120390037231,2.223215015251402,1.8824053452115812,4.058044806517311,3.5079709609839034,1.1246616541353383
2023-12-18,2930.804,3.4171,1.4216730038022813,1.6623059377945335,1.4390130353817505,1.1943147624661696,2.1964483321853785,1.881403118040089,4.083503054989817,3.493453707846389,1.140998925886144
2023-12-19,2932.391,3.4189,1.4217680608365018,1.6637802073515553,1.4385474860335195,1.1943795603064253,2.199510203680016,1.882293986636971,4.1059063136456215,3.5118057070956996,1.1527926960257786
2023-12-20,2902.11,3.406,1.4216730038022813,1.6708835061262959,1.4366852886405956,1.1944443616623037,2.1788672636032667,1.892316258351893,4.044806517311609,3.4277152030727396,1.1569495166487649
2023-12-21,2918.715,3.4192,1.4219581749049428,1.6660586239396797,1.4366852886405956,1.1945091665339957,2.1972384925710915,1.8884187082405344,4.094704684317719,3.500575379196868,1.1482491944146078
2023-12-22,2914.775,3.4219,1.4224334600760455,1.6660586239396797,1.435288640595903,1.1945739749216921,2.179262343796123,1.9007795100222717,4.096741344195519,3.4811277382013297,1.1511493018259937
2023-12-25,2918.813,3.4241,1.422908745247148,1.6660586239396797,1.435754189944134,1.1947684211827136,2.170471809505067,1.9021158129175946,4.09979633401222,3.4726365146680664,1.146799140708915
2023-12-26,2898.879,3.4159,1.423384030418251,1.6660586239396797,1.4338919925512104,1.1948332436363345,2.146668227885467,1.9075723830734967,4.120162932790224,3.4907146034808205,1.153952738990333
2023-12-27,2914.614,3.4222,1.4243346007604563,1.6757083883129122,1.4366852886405956,1.1948980696069131,2.165533307094362,1.9141425389755011,4.128309572301426,3.510162244476359,1.1651664876476906
2023-12-28,2954.704,3.4541,1.4249049429657794,1.6757083883129122,1.435754189944134,1.1949628990946408,2.20178191478894,1.9148106904231625,4.124236252545825,3.5178317366999514,1.1444790547798067
2023-12-29,2974.935,3.4621,1.4255703422053232,1.667532893496701,1.4380819366852886,1.1950277320997085,2.2301289186263897,1.9043429844097994,4.09979633401222,3.5000275583237546,1.124564983888292
2024-01-02,2962.276,3.445,1.4255703422053232,1.6633781338360039,1.4436685288640594,1.195287099297193,2.249981698317426,1.919599109131403,4.029531568228106,3.414019681244895,1.1163480128893664
2024-01-03,2967.247,3.4446,1.4253802281368821,1.670213383600377,1.4483240223463687,1.195351949891822,2.249981698317426,1.911804008908686,3.9989816700611,3.3737548470710346,1.1283351235230934
2024-01-04,2954.349,3.4337,1.4257604562737642,1.6621719132893495,1.4506517690875231,1.1954168040049358,2.2500804683656397,1.9072383073496657,3.977596741344196,3.3611549669894183,1.1277551020408165
2024-01-05,2929.183,3.4275,1.4264258555133078,1.6554706880301604,1.4506517690875231,1.1954816616367256,2.2264744268424677,1.9061247216035635,3.984725050916497,3.361976698299089,1.1418689581095596
2024-01-08,2887.538,3.414,1.42680608365019,1.6565428840716305,1.4455307262569832,1.1956762556460587,2.1977323428121616,1.9021158129175946,4.066191446028514,3.417306606483578,1.1141245972073042
2024-01-09,2893.251,3.4159,1.427471482889734,1.6560067860508954,1.4483240223463687,1.195741127354461,2.2137330906228474,1.900445434298441,4.0733197556008145,3.416484875173907,1.1219548872180451
2024-01-10,2877.702,3.4122,1.4272813688212929,1.653058246936852,1.4455307262569832,1.1958060025824935,2.2087945882121423,1.8984409799554567,4.10285132382892,3.4093632038234283,1.1310418904403867
2024-01-11,2886.65,3.4197,1.4273764258555133,1.6596254476908576,1.4436685288640594,1.1958708813303474,2.2310178490603167,1.8987750556792873,4.109979633401221,3.4383977100984575,1.137325456498389
2024-01-12,2881.977,3.4177,1.4270912547528518,1.6592233741753062,1.4445996275605215,1.1959357635982137,2.229536298337105,1.9024498886414252,4.110997963340123,3.415663143864237,1.146799140708915
2024-01-15,2886.291,3.4196,1.4272813688212929,1.6592233741753062,1.446927374301676,1.1961304315237968,2.232005549542458,1.918596881959911,4.1130346232179225,3.420319621285703,1.1362620837808808
2024-01-16,2893.989,3.4278,1.4271863117870722,1.6434084825636193,1.4483240223463687,1.1961953278736226,2.233585870313884,1.9160356347438752,4.114052953156823,3.4674322163734863,1.1354887218045113
2024-01-17,2833.615,3.4018,1.4275665399239543,1.6401918944392082,1.4427374301675977,1.1962602277444154,2.1964483321853785,1.8956570155902004,4.093686354378819,3.4307282178748646,1.1297851772287864
2024-01-18,2845.784,3.415,1.4277566539923954,1.635903110273327,1.4390130353817505,1.196325131136367,2.1762992423496996,1.8904231625835188,4.15071283095723,3.517283915826837,1.1417722878625134
2024-01-19,2832.279,3.4127,1.4281368821292775,1.6395217719132895,1.4362197392923648,1.196390038049668,2.1582243235265177,1.9033407572383074,4.230142566191446,3.6000048676670136,1.1492158968850699
2024-01-22,2756.34,3.3881,1.4287072243346006,1.6396557964184733,1.420391061452514,1.1965847799195781,2.038021174849946,1.8992204899777283,4.231160896130347,3.5800094057983616,1.1490225563909775
2024-01-23,2770.976,3.3949,1.42861216730038,1.639789820923657,1.425977653631285,1.1966497009201873,2.050466200924924,1.8993318485523385,4.24847250509165,3.596717942428331,1.1625563909774435
2024-01-24,2820.772,3.4124,1.4287072243346006,1.6361711592836947,1.435754189944134,1.1967146254431016,2.086616038571288,1.8975501113585744,4.266802443991854,3.6361610452925213,1.164296455424275
2024-01-25,2906.109,3.4439,1.4289923954372623,1.6387176248821864,1.4487895716945995,1.1967795534885117,2.15852063367116,1.8888641425389754,4.2698574338085535,3.649582656683808,1.1783136412459723
2024-01-26,2910.223,3.4424,1.4291825095057034,1.6375114043355325,1.4539106145251397,1.1968444850566087,2.164545606612221,1.9018930957683742,4.24847250509165,3.55645310825447,1.1900107411385608
2024-01-29,2883.356,3.4329,1.429467680608365,1.6432744580584353,1.4539106145251397,1.1970393008989333,2.1127901013480272,1.9018930957683742,4.291242362525459,3.563300869168392,1.2011278195488722
2024-01-30,2830.527,3.4099,1.4302281368821292,1.6475632422243167,1.4478584729981376,1.1971042465596897,2.0629112269999017,1.9055679287305123,4.261710794297352,3.5123535279688136,1.199581095596133
2024-01-31,2788.548,3.3987,1.4307984790874524,1.6564088595664468,1.4455307262569832,1.1971691957440889,1.9915992521893142,1.9052338530066815,4.181262729124236,3.4616800972057917,1.1888506981740066
2024-02-01,2770.74,3.3988,1.4309885931558934,1.6610997172478794,1.440875232774674,1.1972341484523221,1.9691784512447112,1.905456570155902,4.228105906313646,3.477292992089534,1.1785069817400646
2024-02-02,2730.152,3.3825,1.4311787072243345,1.6514499528746465,1.4394785847299814,1.1972991046845805,1.9021135885073304,1.9188195991091315,4.294297352342158,3.496466722648514,1.1430290010741138
2024-02-05,2702.185,3.3892,1.4318441064638783,1.639789820923657,1.437150837988827,1.1974939945274181,1.7827006002164714,1.9018930957683742,4.290224032586559,3.517283915826837,1.1351020408163264
2024-02-06,2789.486,3.4341,1.4313688212927755,1.6408620169651271,1.4483240223463687,1.1975589648576888,1.8497654629538522,1.9003340757238305,4.279022403258656,3.538375019441717,1.1463157894736842
2024-02-07,2829.696,3.4531,1.4317490494296576,1.6383155513666352,1.4571694599627558,1.1976239387129408,1.871988723802027,1.9051224944320713,4.316700610997963,3.607674359890606,1.15124597207304
2024-02-08,2865.903,3.4591,1.4317490494296576,1.632686522148916,1.4590316573556796,1.197688916093365,1.9747095739447014,1.9072383073496657,4.323828920570265,3.698886535264046,1.1670032223415683
2024-02-19,2910.544,3.4754,1.4326045627376427,1.632686522148916,1.467877094972067,1.1984038999941231,2.018365935255338,1.9024498886414252,4.29837067209776,3.708199490106979,1.1926208378088077
2024-02-20,2922.73,3.4777,1.4330798479087452,1.6230367577756835,1.472532588454376,1.1984689196915381,2.028242940076749,1.9030066815144766,4.267820773930754,3.647117462754796,1.1780236305048335
2024-02-21,2950.956,3.4955,1.433365019011407,1.618747973609802,1.472532588454376,1.1985339429166126,2.0502686608284955,1.9027839643652562,4.24949083503055,3.6402697018408743,1.1778302900107411
2024-02-22,2988.358,3.5068,1.4338403041825094,1.62008821866164,1.479050279329609,1.198598969669538,2.076936573846305,1.9016703786191536,4.370672097759674,3.8016029489728735,1.1845972073039743
2024-02-23,3004.881,3.5077,1.434315589353612,1.6313462770970784,1.478584729981378,1.1986639999505064,2.1071602085998227,1.8957683741648106,4.358452138492872,3.7736640844440723,1.1728034371643394
2024-02-26,2977.022,3.4938,1.4348859315589353,1.628397737983035,1.4702048417132214,1.1988591119635792,2.1366924530158418,1.9061247216035635,4.357433808553972,3.8016029489728735,1.1699033297529537
2024-02-27,3015.481,3.5086,1.435171102661597,1.6235728557964184,1.473463687150838,1.1989241563586313,2.1793611138443376,1.9087973273942092,4.364562118126273,3.8205027690952984,1.1863372717508056
2024-02-28,2957.852,3.4907,1.435551330798479,1.627057492931197,1.4683426443202978,1.1989892042826829,2.0772328839909475,1.9043429844097994,4.3421588594704685,3.750381697336738,1.1869172932330827
2024-02-29,3015.171,3.5162,1.4359315589353612,1.6304081055607915,1.4743947858472997,1.1990542557359254,2.1443965167765424,1.9075723830734967,4.379837067209777,3.859398051086375,1.1868206229860365
2024-03-01,3027.02,3.5232,1.435361216730038,1.6388516493873706,1.4748603351955307,1.1991193107185507,2.1660271573354324,1.9170378619153674,4.441955193482689,3.9799186431714,1.2038345864661655
2024-03-04,3039.306,3.5237,1.4357414448669201,1.6345628652214892,1.477653631284916,1.1993144968446365,2.1743238413854176,1.9391982182628063,4.4215885947046845,4.027579059132296,1.2018045112781957
2024-03-05,3047.793,3.5324,1.4360266159695816,1.6438105560791705,1.4799813780260707,1.1993795659467068,2.15131042015153,1.9683741648106905,4.34521384928717,3.969236136145682,1.1997744360902256
2024-03-06,3039.931,3.5264,1.4368821292775664,1.6501097078228089,1.4804469273743017,1.199444638579117,2.1733361409032765,1.9812917594654786,4.371690427698574,4.008679239009871,1.2045112781954888
2024-03-07,3027.401,3.5188,1.436787072243346,1.6509138548539115,1.4823091247672253,1.1995097147420593,2.173533680999705,2.001893095768374,4.434826883910388,4.052778819295528,1.2009344790547798
2024-03-08,3046.019,3.5252,1.436787072243346,1.6507798303487276,1.4855679702048414,1.1995747944357245,2.199905283872872,2.005011135857461,4.3696537678207745,3.9610188230489753,1.2000644468313642
2024-03-11,3068.455,3.5431,1.4365019011406845,1.6497076343072574,1.4813780260707634,1.1997700547029748,2.227067047131752,2.010913140311804,4.35132382892057,3.9147279592708633,1.1961009667024705
2024-03-12,3055.935,3.5456,1.4358365019011405,1.6431404335532516,1.4716014897579142,1.1998351485214487,2.2342772606513828,2.0033407572383073,4.412423625254583,3.9591014499930774,1.2012244897959183
2024-03-13,3043.835,3.5359,1.4356463878326995,1.6372433553251649,1.4702048417132214,1.1999002458716035,2.2413887041227984,2.000890868596882,4.375763747454175,3.8908977512904155,1.2090547798066595
2024-03-14,3038.234,3.532,1.435361216730038,1.6257172478793591,1.4716014897579142,1.1999653467536309,2.232005549542458,2.0030066815144765,4.366598778004073,3.825159246516766,1.2273254564983889
2024-03-15,3054.636,3.5356,1.4356463878326995,1.6247790763430725,1.4720670391061452,1.2000304511677224,2.259759933090623,2.0097995545657015,4.317718940936864,3.808450709886796,1.2366058002148226
2024-03-18,3084.926,3.5503,1.4361216730038022,1.6210263901979265,1.4716014897579142,1.2002257856043002,2.2937368296762766,1.9953229398663697,4.357433808553972,3.8399504100908364,1.2453061224489796
2024-03-19,3062.756,3.5392,1.4365019011406845,1.6237068803016024,1.4692737430167597,1.2002909041485657,2.2889958673619994,1.9983296213808464,4.3696537678207745,3.810368082942694,1.2600966702470462
2024-03-20,3079.686,3.5439,1.4365019011406845,1.623304806786051,1.4702048417132214,1.2003560262258537,2.3097375774869624,2.0024498886414253,4.418533604887984,3.8667936328734105,1.245499462943072
2024-03-21,3077.113,3.5425,1.436596958174905,1.622634684260132,1.4706703910614523,1.200421151836356,2.319318272163731,2.0397550111358576,4.435845213849287,3.9404755403072103,1.244049409237379
2024-03-22,3048.034,3.5295,1.4366920152091256,1.6282637134778513,1.4692737430167597,1.200486280980264,2.3036138344976878,2.0258351893095767,4.441955193482689,3.9654013900338856,1.2376691729323308
2024-03-25,3026.306,3.5224,1.436596958174905,1.624377002827521,1.4692737430167597,1.200681689614342,2.275661910853094,2.026057906458797,4.4266802443991855,3.9538971516984964,1.2505263157894737
2024-03-26,3031.481,3.528,1.436596958174905,1.6238409048067861,1.4688081936685287,1.2007468328937911,2.2806004132638003,2.030957683741648,4.409368635437882,3.929519122844935,1.251783029001074
2024-03-27,2993.139,3.5108,1.4368821292775664,1.6287998114985862,1.4674115456238361,1.200811979707605,2.22123961428712,2.044097995545657,4.424643584521385,3.9119888549052946,1.2426960257787327
2024-03-28,3010.664,3.5158,1.436977186311787,1.628397737983035,1.4674115456238361,1.200877130055975,2.2610439437174064,2.0546770601336304,4.418533604887984,3.908154108793499,1.256906552094522
2024-03-29,3041.167,3.5231,1.4372623574144485,1.6286657869934025,1.4729981378026071,1.2009422839390935,2.2988728721834106,2.0884187082405345,4.418533604887984,3.9188366158192167,1.2612567132116004
2024-04-01,3077.379,3.5449,1.4373574144486692,1.6147272384542886,1.4757914338919924,1.2011377667988552,2.3448997146511856,2.1119153674832964,4.425661914460285,3.9782751805520586,1.2640601503759399
2024-04-02,3074.959,3.5387,1.4377376425855513,1.6097683317624882,1.4771880819366852,1.201202934822884,2.3476652760011807,2.112249443207127,4.387983706720978,3.9237670036772405,1.283297529538131
2024-04-03,3069.296,3.5353,1.4381178707224334,1.6089641847313854,1.4818435754189943,1.20126810638262,2.3437144740726166,2.1269487750556793,4.396130346232179,3.946501569911461,1.2949946294307195
2024-04-08,3047.053,3.5236,1.4386882129277567,1.6038712535344017,1.4813780260707634,1.2015940172236206,2.302033513726262,2.189977728285078,4.380855397148676,3.893636855655984,1.3004081632653062
2024-04-09,3048.537,3.5198,1.4390684410646388,1.6112426013195098,1.4799813780260707,1.201659210001628,2.3251457050083637,2.1953229398663696,4.397148676171079,3.913632317524636,1.303404940923738
2024-04-10,3027.335,3.5084,1.4391634980988592,1.592077097078228,1.4809124767225326,1.2017244063166854,2.287711856735216,2.204120267260579,4.3594704684317716,3.8520024692993395,1.2980880773361976
2024-04-11,3034.246,3.5103,1.439638783269962,1.585241847313855,1.4855679702048414,1.2017896061689852,2.3084535668601793,2.189977728285078,4.429735234215886,3.9160975114536476,1.3061117078410311
2024-04-12,3019.474,3.4984,1.440209125475285,1.5918090480678604,1.4846368715083798,1.2018548095587187,2.308354796811965,2.2387527839643653,4.357433808553972,3.8278983508823337,1.3141353383458647
2024-04-15,3057.378,3.5304,1.4405893536121672,1.5814891611687087,1.494413407821229,1.2020504409544426,2.2755631408048806,2.208129175946548,4.288187372708758,3.783250949723563,1.3031149301825995
2024-04-16,3007.068,3.5174,1.4406844106463879,1.5739837888784167,1.4916201117318435,1.2021156584958315,2.16523699694972,2.2207126948775056,4.291242362525459,3.7813335766676652,1.311235230934479
2024-04-17,3071.381,3.538,1.44106463878327,1.583231479736098,1.5013966480446927,1.202180879575614,2.2733901997441697,2.228173719376392,4.2383910386965375,3.699982177010273,1.2963480128893663
2024-04-18,3074.225,3.5407,1.441634980988593,1.5786746465598491,1.5027932960893855,1.202246104193982,2.2891934074584275,2.2234966592427616,4.214052953156823,3.6402697018408743,1.271793770139635
2024-04-19,3065.261,3.5312,1.4421102661596956,1.5805509896324224,1.504189944134078,1.202311332351128,2.2966999311227,2.2320712694877503,4.130040733197556,3.489618961734593,1.277593984962406
2024-04-22,3044.595,3.5253,1.442680608365019,1.580685014137606,1.494413407821229,1.2025070380571516,2.2767483813834497,2.1974387527839645,4.169959266802444,3.539470661187944,1.2639634801288937
2024-04-23,3021.978,3.5118,1.443060836501901,1.5809530631479736,1.4851024208566106,1.2025722803713281,2.261932874151333,2.148663697104677,4.232688391038697,3.6134264790583006,1.2722771213748658
2024-04-24,3044.822,3.5193,1.4423954372623575,1.5743858623939682,1.4864990689013036,1.2026375262252427,2.2958110006887726,2.1655902004454344,4.24582484725051,3.6430088062064434,1.281654135338346
2024-04-25,3052.9,3.5226,1.442300380228137,1.5683547596606973,1.4883612662942272,1.2027027756190867,2.293045439338778,2.164587973273942,4.222606924643585,3.7144994301477876,1.2781740064446832
2024-04-26,3088.636,3.5437,1.441444866920152,1.5731796418473138,1.4869646182495344,1.2027680285530526,2.3098363475351764,2.1825167037861917,4.287983706720977,3.819133216912514,1.2949946294307195
2024-04-29,3113.043,3.5582,1.4403041825095058,1.5770663524976438,1.4855679702048414,1.2029638085976024,2.345196024795828,2.16815144766147,4.302647657841141,3.868711005929309,1.2823308270676692
2024-04-30,3104.825,3.5488,1.44106463878327,1.5682207351555135,1.4864990689013036,1.2030290756939768,2.3288989668405,2.155902004454343,4.222810590631364,3.7857161436525755,1.2742105263157895
2024-05-06,3140.72,3.5689,1.441634980988593,1.5884584354382658,1.4916201117318435,1.2034207526416756,2.3886548460100365,2.1483296213808463,4.3704684317718945,3.909249750539726,1.2388292158968852
2024-05-07,3147.738,3.5693,1.4423954372623575,1.5924791705937793,1.4911545623836124,1.203486044529661,2.391124097215389,2.1516703786191536,4.370570264765784,3.8719979311679906,1.2301288936627282
2024-05-08,3128.48,3.5558,1.4425855513307986,1.5885924599434496,1.4911545623836124,1.2035513399600737,2.360406612220801,2.1488864142538975,4.3696537678207745,3.868711005929309,1.2270354457572503
2024-05-09,3154.32,3.5716,1.442300380228137,1.591540999057493,1.495344506517691,1.203616638933106,2.3924081078421726,2.145879732739421,4.377189409368635,3.867341453746524,1.2337056928034371
2024-05-10,3154.547,3.5722,1.442300380228137,1.5856439208294062,1.4981378026070762,1.2036819414489504,2.3844077339368295,2.1946547884187084,4.3873727087576375,3.8711761998583207,1.2379591836734694
2024-05-13,3148.021,3.5707,1.4427756653992396,1.5861800188501414,1.499068901303538,1.2038778702552755,2.373740568729706,2.1829621380846325,4.396945010183299,3.8462503501316445,1.2282921589688507
2024-05-14,3145.774,3.5691,1.443060836501901,1.5912729500471254,1.4981378026070762,1.2039431869442891,2.389445006395749,2.173830734966592,4.427393075356415,3.8895281991076307,1.2290655209452204
2024-05-15,3119.902,3.5584,1.4431558935361215,1.6018608859566448,1.4958100558659218,1.2040085071770759,2.373740568729706,2.193652561247216,4.492668024439919,3.9793708222982866,1.2269387755102041
2024-05-16,3122.401,3.5638,1.443060836501901,1.5987783223374177,1.4958100558659218,1.2040738309538277,2.36830821607793,2.210913140311804,4.482382892057027,3.9733447926940344,1.2327389903329753
2024-05-17,3154.026,3.5791,1.443060836501901,1.5943555136663525,1.5,1.204139158274737,2.3841114237921874,2.2145879732739417,4.480651731160896,3.9801925536079574,1.2439527389903329
2024-05-20,3171.145,3.5843,1.4433460076045626,1.5918090480678604,1.5032588454376163,1.204335161504333,2.393593348420742,2.263028953229399,4.510081466395111,4.035796372229003,1.2483995703544577
2024-05-21,3157.966,3.5803,1.4433460076045626,1.595963807728558,1.50512104283054,1.2044005030037956,2.3815434025386204,2.244543429844098,4.520672097759674,4.030865984370979,1.2400859291084854
2024-05-22,3158.54,3.5833,1.4434410646387832,1.595963807728558,1.5055865921787708,1.204465848048377,2.3745307291154187,2.2429844097995546,4.518635437881874,4.04565714794505,1.2268421052631577
2024-05-23,3116.387,3.5666,1.4437262357414447,1.5914069745523092,1.4981378026070762,1.20453119663827,2.3287014267440713,2.1968819599109133,4.499083503054989,4.064556968067475,1.216111707841031
2024-05-24,3088.871,3.5519,1.4438212927756653,1.5930152686145147,1.4981378026070762,1.2045965487736665,2.3187256518744466,2.1761692650334075,4.541751527494909,4.116326040576723,1.2192051557465093
2024-05-27,3124.043,3.5657,1.444106463878327,1.5928812441093307,1.5055865921787708,1.2047926264548028,2.344405864410115,2.1769487750556795,4.541038696537678,4.131938935460465,1.2254887218045114
2024-05-28,3109.572,3.555,1.4443916349809887,1.5829634307257305,1.5023277467411544,1.2048579927741383,2.316453940765522,2.181180400890869,4.555702647657841,4.191103589756751,1.2472395273899033
2024-05-29,3111.018,3.558,1.4445817490494297,1.5751900094250706,1.5032588454376163,1.2049233626399396,2.322775223851225,2.1925389755011135,4.5237270875763755,4.11933905537885,1.2489795918367348
2024-05-30,3091.678,3.5486,1.4445817490494297,1.5826953817153628,1.499068901303538,1.2049887360523988,2.3129969890780284,2.1767260579064587,4.477596741344196,4.108382637916574,1.2364124597207302
2024-05-31,3086.813,3.5439,1.444486692015209,1.5872522148916115,1.499534450651769,1.2050541130117085,2.3249481649119352,2.1838530066815145,4.475458248472505,4.044561506198822,1.2233619763694952
2024-06-03,3078.489,3.5454,1.4448669201520912,1.5990463713477852,1.4958100558659218,1.2052502651726653,2.2972925514119846,2.167037861915367,4.489511201629328,4.080169862951217,1.1946509129967777
2024-06-04,3091.199,3.5587,1.4450570342205322,1.6066857681432611,1.499068901303538,1.2053156563213017,2.298675332086982,2.183184855233853,4.501731160896131,4.0448354166353795,1.1682599355531686
2024-06-05,3065.403,3.5467,1.445342205323194,1.6128508953817153,1.4925512104283052,1.2053810510177507,2.2502780084620686,2.1706013363028953,4.591853360488798,4.200142634163128,1.1717400644468314
2024-06-06,3048.794,3.5457,1.4456273764258554,1.611912723845429,1.4939478584729982,1.2054464492622052,2.198324963101446,2.205456570155902,4.5890020366598785,4.168916844395644,1.1912674543501611
2024-06-07,3051.279,3.5398,1.445722433460076,1.5963658812441095,1.4972067039106145,1.2055118510548575,2.2279559775656796,2.2075723830734963,4.584114052953157,4.1659038295935185,1.195810955961332
2024-06-11,3028.045,3.5233,1.4461977186311787,1.599716493873704,1.4892923649906888,1.2057734937112943,2.227857207517465,2.144988864142539,4.634623217922607,4.237668363971419,1.2271321160042965
2024-06-12,3037.468,3.5249,1.446102661596958,1.6084280867106502,1.494413407821229,1.2058389132478233,2.241981324412083,2.152672605790646,4.694093686354379,4.338741315060907,1.2335123523093448
2024-06-13,3028.919,3.5178,1.4463878326996198,1.616737606032045,1.48975791433892,1.2059043363337054,2.226869507035324,2.153786191536748,4.719450101832994,4.395988596301294,1.2349624060150377
2024-06-14,3032.633,3.526,1.446768060836502,1.6218305372290291,1.48975791433892,1.2059697629691328,2.2332895601692413,2.1534521158129176,4.741853360488799,4.390510387570156,1.2396025778732547
2024-06-17,3015.891,3.521,1.4468631178707223,1.614995287464656,1.483240223463687,1.2061660641746146,2.2264744268424677,2.1580178173719373,4.797556008146639,4.4677531306791956,1.2443394199785176
2024-06-18,3030.246,3.5264,1.4472433460076044,1.6216965127238454,1.4855679702048414,1.2062315050101502,2.2524509495227787,2.15913140311804,4.795213849287169,4.50938751703584,1.2642534908700322
2024-06-19,3018.049,3.521,1.447528517110266,1.6219645617342129,1.484171322160149,1.2062969493961946,2.2297338384335332,2.16815144766147,4.795621181262729,4.505552770924044,1.2711170784103114
2024-06-20,3005.437,3.5096,1.4477186311787071,1.6182118755890669,1.4827746741154562,1.20636239733294,2.1874602577978943,2.1844097995545657,4.759877800407332,4.445566385318088,1.273920515574651
2024-06-21,2998.138,3.5077,1.447338403041825,1.618747973609802,1.4827746741154562,1.2064278488205793,2.1994114336318016,2.1924276169265036,4.747963340122199,4.394892954555067,1.2762406015037595
2024-06-24,2963.099,3.4988,1.4479087452471484,1.6219645617342129,1.477653631284916,1.2066242245907872,2.1362973728229853,2.166703786191537,4.694704684317719,4.276015825089382,1.2779806659505908
2024-06-25,2949.996,3.49,1.4482889733840305,1.621428463713478,1.478584729981378,1.2066896902839286,2.1455817573551115,2.165478841870824,4.748268839103869,4.295737376521478,1.2783673469387755
2024-06-26,2972.525,3.4995,1.4484790874524716,1.6127168708765316,1.4813780260707634,1.206755159528927,2.193485230738955,2.152115812917595,4.760386965376782,4.299846033069831,1.2745972073039742
2024-06-27,2945.852,3.4907,1.4492395437262355,1.6172737040527805,1.479050279329609,1.2068206323259758,2.1479522385122505,2.143095768374165,4.768940936863544,4.267250691119562,1.2839742212674543
2024-06-28,2967.403,3.4981,1.4494296577946766,1.6050774740810556,1.4827746741154562,1.206886108675267,2.166224697431861,2.165701559020045,4.743686354378818,4.277933198145281,1.2865843179377014
2024-07-01,2994.73,3.5066,1.4481939163498099,1.5974380772855796,1.4930167597765363,1.207082559038524,2.190620899340746,2.163251670378619,4.773319755600815,4.280946212947406,1.2981847475832438
2024-07-02,2997.011,3.5041,1.448384030418251,1.6011907634307259,1.4925512104283052,1.2071480495987132,2.1739287611925615,2.164587973273942,4.821690427698574,4.316828480136357,1.3100751879699248
2024-07-03,2982.376,3.5018,1.448574144486692,1.610572478793591,1.4883612662942272,1.2072135437121088,2.147557158319394,2.1819599109131405,4.8626272912423625,4.39544077542818,1.307561761546724
2024-07-04,2957.567,3.4929,1.4486692015209126,1.610572478793591,1.4851024208566106,1.2072790413789036,2.1115060907212437,2.191425389755011,4.861914460285132,4.3803757014175515,1.3136519871106338
2024-07-05,2949.933,3.4879,1.448384030418251,1.6182118755890669,1.483240223463687,1.2073445425992904,2.1292846993997836,2.1971046770601337,4.909775967413442,4.3896886562604855,1.3159720730397422
2024-07-08,2922.45,3.4768,1.4480988593155895,1.6188819981149858,1.4804469273743017,1.2075410675839306,2.0843443274623636,2.2025612472160354,4.919755600814664,4.429953490434347,1.2995381310418905
2024-07-09,2959.372,3.4943,1.448384030418251,1.6171396795475965,1.4855679702048414,1.2076065830206133,2.1364949129194137,2.189086859688196,4.924338085539715,4.4573445340900335,1.2908378088077335
2024-07-10,2939.364,3.4904,1.4484790874524716,1.6195521206409047,1.4771880819366852,1.2076721020118524,2.1307662501229956,2.207238307349666,4.974847250509165,4.531848172833504,1.2864876476906553
2024-07-11,2970.387,3.5051,1.4486692015209126,1.6277276154571159,1.4799813780260707,1.20773762455784,2.1920036800157434,2.211358574610245,4.869246435845214,4.4244752817032085,1.297121374865736
2024-07-12,2971.295,3.5096,1.4488593155893537,1.6304081055607915,1.479050279329609,1.2078031506587696,2.1955594017514515,2.2179287305122495,4.892260692464358,4.468848772425423,1.295671321160043
2024-07-15,2974.011,3.5096,1.4492395437262355,1.6241089538171536,1.4827746741154562,1.207999750293138,2.173533680999705,2.2192650334075723,4.904276985743381,4.463096653257728,1.2921911922663802
2024-07-16,2976.304,3.5153,1.4493346007604562,1.633490669180019,1.4813780260707634,1.2080652906157636,2.171657050083637,2.246325167037862,4.907637474541752,4.504731039614374,1.279624060150376
2024-07-17,2962.855,3.5117,1.4494296577946766,1.6333566446748349,1.4771880819366852,1.2081308344942956,2.140939565089049,2.272383073496659,4.768839103869654,4.2182207229758815,1.2766272824919442
2024-07-18,2977.133,3.5206,1.4493346007604562,1.6277276154571159,1.479050279329609,1.2081963819289265,2.142618655908688,2.2724944320712694,4.7442973523421585,4.233559707423066,1.292094522019334
2024-07-19,2982.309,3.5241,1.4494296577946766,1.6247790763430725,1.4762569832402233,1.2082619329198498,2.1343219718587028,2.213140311804009,4.703054989816701,4.176586336619237,1.281267454350161
2024-07-22,2964.216,3.5143,1.4500950570342206,1.6234388312912347,1.4716014897579142,1.208458607232302,2.1246425071337205,2.2170378619153674,4.773828920570264,4.292998272155908,1.2567132116004296
2024-07-23,2915.369,3.4826,1.4504752851711027,1.6231707822808672,1.4650837988826815,1.2085241724503233,2.076837803798091,2.2046770601336303,4.757230142566192,4.23410752829618,1.240375939849624
2024-07-24,2901.952,3.4734,1.450570342205323,1.6190160226201695,1.4646182495344504,1.2085897412256017,2.042367056971367,2.2280623608017818,4.588594704684318,4.0294964321881945,1.2395059076262085
2024-07-25,2886.742,3.4645,1.4511406844106463,1.6235728557964184,1.4632216014897577,1.20865531355833,2.0483920299124274,2.175055679287305,4.538900203665988,3.9654013900338856,1.2409559613319012
2024-07-26,2890.897,3.4722,1.4515209125475284,1.6274595664467482,1.462290502793296,1.2087208894487014,2.0923447013677063,2.1848552338530065,4.5811608961303465,4.01936174603559,1.238249194414608
2024-07-29,2891.845,3.4689,1.4522813688212928,1.6312122525918946,1.4636871508379887,1.2089176384676035,2.078813204762373,2.1978841870824053,4.591853360488798,3.9922446128164593,1.2280021482277121
2024-07-30,2879.3,3.4574,1.4527566539923953,1.635769085768143,1.4604283054003724,1.208983228590477,2.0782205844730886,2.197327394209354,4.531059063136456,3.8980194226408944,1.217561761546724
2024-07-31,2938.749,3.4898,1.452851711026616,1.6459549481621112,1.4674115456238361,1.2090488222719589,2.1535821312604546,2.2152561247216034,4.665580448065173,4.170560307014985,1.2451127819548873
2024-08-01,2932.387,3.4812,1.453422053231939,1.6503777568331763,1.4674115456238361,1.2091144195122419,2.148643628849749,2.236080178173719,4.55122199592668,3.9654013900338856,1.2489795918367348
2024-08-02,2905.338,3.4653,1.4538022813688214,1.669007163053723,1.4650837988826815,1.2091800203115193,2.119012614385516,2.2456570155902003,4.44572301425662,3.8081767994502393,1.2131149301825992
2024-08-05,2860.698,3.4473,1.4541825095057035,1.6694092365692743,1.4590316573556796,1.2093768440652486,2.066664488832038,2.2028953229398662,4.314562118126274,3.712855967528446,1.1760902255639096
2024-08-06,2867.284,3.4486,1.4538973384030418,1.6594914231856739,1.4576350093109869,1.2094424591024346,2.094320102331989,2.178173719376392,4.358757637474542,3.7857161436525755,1.1920408163265308
2024-08-07,2869.834,3.4481,1.454277566539924,1.6560067860508954,1.4594972067039105,1.2095080776995804,2.0924434714159204,2.180400890868597,4.314154786150714,3.7090212214166502,1.2112781954887217
2024-08-08,2869.901,3.4499,1.453422053231939,1.6538623939679546,1.4604283054003724,1.2095736998568791,2.0951102627177014,2.1825167037861917,4.446028513238289,3.900758527006463,1.2188184747583244
2024-08-09,2862.194,3.4456,1.4529467680608363,1.6584192271442038,1.458100558659218,1.2096393255745244,2.08473940765522,2.20445434298441,4.468329938900204,3.9062367357376004,1.2287755102040816
2024-08-12,2858.205,3.444,1.4513307984790873,1.6617698397737983,1.4604283054003724,1.2098362240914686,2.0808873757748696,2.216369710467706,4.475254582484725,3.9158236010170913,1.246079484425349
2024-08-13,2867.946,3.4481,1.4519011406844107,1.6673988689915173,1.461359404096834,1.2099018640524304,2.0914557709337798,2.2316258351893095,4.585030549898168,4.041548491396697,1.26
2024-08-14,2850.654,3.4375,1.452851711026616,1.667666918001885,1.4594972067039105,1.2099675075747045,2.07031898061596,2.2261692650334077,4.585132382892057,4.0305920739344225,1.2500429645542426
2024-08-15,2877.358,3.4493,1.4525665399239542,1.6609656927426957,1.4641527001862196,1.210033154658484,2.083257856932008,2.2212694877505568,4.693482688391039,4.170286396578429,1.2511063372717508
2024-08-16,2879.43,3.4521,1.4526615969581749,1.665120452403393,1.4636871508379887,1.2100988053039619,2.0726894617730984,2.2232739420935412,4.70193482688391,4.182886276660044,1.2412459720730398
2024-08-19,2893.674,3.4568,1.4531368821292774,1.6657905749293118,1.467877094972067,1.2102957786125204,2.072393151628456,2.246993318485523,4.758757637474542,4.239859647463875,1.2199785177228786
2024-08-20,2866.661,3.4464,1.453231939163498,1.6699453345900095,1.4618249534450651,1.2103614435067251,2.0378236347535177,2.2483296213808464,4.742871690427698,4.191651410629865,1.2003544575725027
2024-08-21,2856.584,3.443,1.453231939163498,1.6698113100848258,1.458100558659218,1.2104271119635952,2.03308267243924,2.2554565701559017,4.765987780040733,4.23328579698651,1.1973576799140708
2024-08-22,2848.772,3.4396,1.453231939163498,1.6637802073515553,1.458100558659218,1.2104927839833235,2.0116495719767786,2.248886414253897,4.684317718940936,4.12016078668852,1.1889473684210525
2024-08-23,2854.368,3.447,1.4533269961977184,1.6708835061262959,1.4590316573556796,1.2105584595661032,2.0063159893732165,2.243207126948775,4.743380855397149,4.193842694122319,1.2106981740064446
2024-08-26,2855.52,3.4457,1.4529467680608363,1.665656550424128,1.458100558659218,1.2107555076946848,2.0260699990160385,2.2557906458797325,4.684419551934827,4.104000070931664,1.228485499462943
2024-08-27,2848.731,3.4372,1.4519011406844107,1.6673988689915173,1.458100558659218,1.2108211975316039,1.9989082357571584,2.252783964365256,4.704887983706721,4.12454335367343,1.2379591836734694
2024-08-28,2837.429,3.4289,1.4524714828897338,1.6660586239396797,1.4562383612662941,1.2108868909325412,2.0060196792285745,2.250334075723831,4.64928716904277,4.075513385529749,1.2199785177228786
2024-08-29,2823.106,3.4236,1.4524714828897338,1.665656550424128,1.4487895716945995,1.2109525878976901,2.0391076453803008,2.256236080178174,4.647454175152749,4.0694873559254985,1.2256820622986038
2024-08-30,2842.214,3.4422,1.4526615969581749,1.6586872761545712,1.4487895716945995,1.2110182884272438,2.0635038472891862,2.250556792873051,4.695926680244399,4.169738575705315,1.2096348012889366
2024-09-02,2811.035,3.4207,1.4536121673003801,1.6570789820923657,1.4506517690875231,1.211215411404269,2.046219088851717,2.2396436525612473,4.690733197556009,4.130295472841125,1.1922341568206232
2024-09-03,2802.979,3.4264,1.4538973384030418,1.6652544769085766,1.446927374301676,1.2112811261933765,2.0656767883498968,2.2425389755011134,4.55061099796334,3.9056889148644864,1.17
2024-09-04,2784.278,3.4177,1.454467680608365,1.6719557021677662,1.446461824953445,1.2113468445478561,2.051651441503493,2.227728285077951,4.542973523421589,3.9013063478795766,1.1450590762620838
2024-09-05,2788.314,3.4193,1.454847908745247,1.6706154571159282,1.446461824953445,1.2114125664679014,2.058762884974909,2.243207126948775,4.536965376782078,3.877750050335685,1.1402255639097745
2024-09-06,2765.807,3.4081,1.455038022813688,1.6706154571159282,1.4427374301675977,1.211478291953705,2.0279466299321065,2.247661469933185,4.414867617107943,3.7166907136402427,1.1242749731471537
2024-09-09,2736.488,3.392,1.4556083650190115,1.6728938737040528,1.435288640595903,1.211675489807605,2.013723742989275,2.237416481069042,4.473930753564154,3.778868382738653,1.1208915145005371
2024-09-10,2744.192,3.3931,1.456083650190114,1.6791930254476908,1.4362197392923648,1.2117412295583794,2.022810587424973,2.246881959910913,4.520773930753564,3.8446068875123034,1.1044575725026853
2024-09-11,2721.795,3.3869,1.456273764258555,1.6797291234684262,1.4278398510242085,1.2118069728758798,2.021724116894618,2.258240534521158,4.6185336048879835,3.9875881353949927,1.1023308270676693
2024-09-12,2717.123,3.3822,1.4565589353612167,1.6793270499528745,1.4283054003724394,1.2118727197602999,2.0173782347731968,2.2552338530066813,4.6629327902240325,4.00265320940562,1.1328786251342642
2024-09-13,2704.09,3.3771,1.4572243346007603,1.6770486333647503,1.4264432029795158,1.2119384702118337,1.993278343008954,2.2845211581291758,4.674134419551935,4.028674700878525,1.1334586466165415
2024-09-18,2717.281,3.3833,1.4584600760456272,1.6714196041470313,1.4310986964618249,1.212267275982976,2.0005873265767984,2.2825167037861918,4.6251527494908355,3.9341756002664017,1.1437056928034373
2024-09-19,2736.022,3.3945,1.4584600760456272,1.6728938737040528,1.431564245810056,1.2123330478412542,2.0369347043195907,2.2857461024498886,4.74765784114053,4.063735236757804,1.1677765843179377
2024-09-20,2736.814,3.3953,1.458745247148289,1.664584354382658,1.4310986964618249,1.2123988232680005,2.0295269507035325,2.3053452115812916,4.717515274949084,4.010596612065769,1.1607196562835662
2024-09-23,2748.918,3.4012,1.4590304182509504,1.6621719132893495,1.435288640595903,1.2125961709609863,2.026168769064253,2.320935412026726,4.724439918533605,4.004296672024962,1.1538560687432868
2024-09-24,2863.126,3.4585,1.4580798479087451,1.6633781338360039,1.4534450651769086,1.212661960663542,2.093826252090918,2.320378619153675,4.744093686354378,4.082908967316785,1.169033297529538
2024-09-25,2896.306,3.4794,1.4592205323193914,1.653728369462771,1.4599627560521415,1.2127277539355346,2.106567588310538,2.3338530066815144,4.733503054989817,4.0919480117231615,1.155499462943072
2024-09-26,3000.953,3.541,1.4577946768060837,1.6564088595664468,1.4743947858472997,1.2127935507771568,2.173039830758634,2.3394209354120266,4.7753564154786154,4.194938335868548,1.1194414607948442
2024-09-27,3087.529,3.6036,1.4540874524714829,1.654264467483506,1.4813780260707634,1.212859351188603,2.2591673128013383,2.3394209354120266,4.7356415478615075,4.176860247055793,1.1143179377013963
2024-09-30,3336.497,3.7268,1.4525665399239542,1.6521200754005654,1.5144320297951583,1.2130567738438214,2.4553246285545605,2.3314031180400887,4.74460285132383,4.298202570450489,1.126015037593985
2024-10-08,3489.775,3.8158,1.4511406844106463,1.6515839773798302,1.5223463687150838,1.213583391378281,2.601207989766801,2.3248329621380845,4.7895112016293275,4.591560648002902,1.2184317937701397
2024-10-09,3258.858,3.6901,1.450570342205323,1.6443466540999059,1.4823091247672253,1.2136492346427228,2.4129522778707075,2.305122494432071,4.817617107942974,4.616212587293021,1.2037379162191193
2024-10-10,3301.926,3.7108,1.4526615969581749,1.6487694627709708,1.498603351955307,1.2137150814795068,2.4308296565974614,2.312917594654788,4.820061099796334,4.547461067717245,1.2222986036519872
2024-10-11,3217.738,3.6669,1.4538973384030418,1.6456868991517437,1.4883612662942272,1.2137809318888273,2.360406612220801,2.3375278396436525,4.825560081466395,4.519796113625001,1.2350590762620839
2024-10-14,3284.323,3.6957,1.4553231939163496,1.6458209236569274,1.5013966480446927,1.2139785045539446,2.4121621174849945,2.351224944320713,4.863136456211812,4.605530080267304,1.2178517722878626
2024-10-15,3201.292,3.6531,1.4561787072243346,1.6541304429783223,1.48975791433892,1.2140443692553484,2.3662340450654336,2.3602449888641424,4.804684317718942,4.412423222494706,1.1680665950590763
2024-10-16,3202.948,3.6436,1.455893536121673,1.6633781338360039,1.4948789571694598,1.214110237530258,2.365937734920791,2.3858574610244987,4.828615071283096,4.412149312058149,1.1714500537056929
2024-10-17,3169.384,3.6247,1.4571292775665399,1.6576150801131007,1.4869646182495344,1.2141761093788668,2.349048056676178,2.3967706013363026,4.834114052953157,4.487748592547847,1.1713533834586467
2024-10-18,3261.563,3.6776,1.4567490494296578,1.6593573986804901,1.4916201117318435,1.2142419848013688,2.409692866279642,2.4128062360801783,4.867006109979633,4.562800052164431,1.1637164339419979
2024-10-21,3268.11,3.683,1.4568441064638782,1.6442126295947217,1.48975791433892,1.214439632514174,2.4245083735117583,2.4393095768374167,4.857942973523421,4.549104530336587,1.1637164339419979
2024-10-22,3285.867,3.6927,1.4556083650190115,1.6486354382657868,1.4930167597765363,1.2145055222341885,2.4480156449867163,2.4430957683741648,4.877291242362526,4.54800888859036,1.1851772287862514
2024-10-23,3302.803,3.6962,1.4547528517110266,1.646088972667295,1.4939478584729982,1.214571415529066,2.456707409229558,2.4566815144766148,4.804480651731161,4.490761607349972,1.1903007518796993
2024-10-24,3280.263,3.6793,1.4547528517110266,1.6507798303487276,1.4911545623836124,1.2146373123990002,2.4447562333956507,2.435968819599109,4.845112016293279,4.524452591046468,1.1815037593984963
2024-10-25,3299.7,3.687,1.4545627376425856,1.6438105560791705,1.4911545623836124,1.214703212844185,2.481696231427728,2.4305122494432068,4.861099796334012,4.5630739626009875,1.1883673469387757
2024-10-28,3322.198,3.6904,1.4539923954372624,1.6450167766258248,1.4934823091247673,1.2149009356331852,2.520216550231231,2.4422048997772827,4.8736252545824845,4.539791575493653,1.1429323308270676
2024-10-29,3286.407,3.6748,1.4541825095057035,1.6483673892554194,1.4860335195530727,1.2149668503813136,2.47646141887238,2.4606904231625837,4.918737270875764,4.598682319353382,1.1282384532760472
2024-10-30,3266.238,3.6629,1.4541825095057035,1.6476972667295005,1.4809124767225326,1.2150327687056626,2.47814050969202,2.4884187082405345,4.887169042769857,4.515687457076648,1.1468958109559613
2024-10-31,3279.824,3.6623,1.4547528517110266,1.6471611687087655,1.4771880819366852,1.2150986906064265,2.49256093673128,2.478619153674833,4.7612016293279025,4.3773626866154265,1.1609129967776586
2024-11-01,3272.014,3.6632,1.4555133079847906,1.632150424128181,1.4809124767225326,1.2151646160837992,2.45315168749385,2.4537861915367483,4.787169042769857,4.368871463082163,1.16593984962406
2024-11-04,3310.207,3.6853,1.455893536121673,1.6470271442035818,1.4851024208566106,1.2153624139775117,2.4965117386598448,2.437750556792873,4.774847250509166,4.38667564145836,1.1846938775510205
2024-11-05,3386.987,3.7235,1.4563688212927757,1.646088972667295,1.4906890130353816,1.2154283537632606,2.5386865492472697,2.4385300668151446,4.824745417515275,4.457070623653477,1.1936842105263157
2024-11-06,3383.806,3.7124,1.456463878326996,1.6238409048067861,1.4883612662942272,1.2154942971265887,2.545007832332973,2.442761692650334,4.9537678207739315,4.584986797525537,1.1900107411385608
2024-11-07,3470.661,3.762,1.4569391634980988,1.6498416588124412,1.499068901303538,1.2155602440676905,2.5901457443668208,2.385968819599109,5.072199592668024,4.734267985449034,1.2000644468313642
2024-11-08,3452.297,3.7435,1.457319391634981,1.6513159283694627,1.4930167597765363,1.2156261945867592,2.5834293810882616,2.3975501113585747,5.061201629327902,4.729063687154454,1.1836305048335123
2024-11-11,3470.066,3.751,1.4580798479087451,1.6580171536286523,1.4902234636871508,1.2158240676137124,2.6282709829774675,2.399109131403118,5.080855397148676,4.7405679254898425,1.1663265306122448
2024-11-12,3421.97,3.7332,1.45893536121673,1.6455528746465597,1.4864990689013036,1.2158900324465929,2.6088132834792876,2.3590200445434295,5.081466395112017,4.703316106118108,1.158012889366273
2024-11-13,3439.278,3.7459,1.4585551330798479,1.6408620169651271,1.4892923649906888,1.2159560008584112,2.620764459313195,2.3589086859688195,5.076883910386965,4.647712287497063,1.1624597207303973
2024-11-14,3379.839,3.7184,1.458745247148289,1.6444806786050896,1.4823091247672253,1.216021972849362,2.558045478697235,2.312360801781737,5.0418533604887985,4.603886617647962,1.1615896885069819
2024-11-15,3330.726,3.6914,1.4583650190114068,1.6430064090480678,1.4809124767225326,1.2160879484196392,2.519327619797304,2.3145879732739423,4.924032586558045,4.4707661454813215,1.153372717508056
2024-11-18,3323.849,3.6843,1.4577946768060837,1.644078605089538,1.4864990689013036,1.2162858966083723,2.478930670077733,2.34097995545657,4.95193482688391,4.477613906395243,1.1629430719656284
2024-11-19,3346.01,3.6924,1.4583650190114068,1.6478312912346844,1.4869646182495344,1.216351886497898,2.5327603463544226,2.3732739420935416,4.983808553971487,4.541161127676437,1.1780236305048335
2024-11-20,3367.989,3.6966,1.4581749049429658,1.646088972667295,1.4883612662942272,1.216417879967721,2.562095050674013,2.3766146993318484,4.980244399185336,4.521165665807786,1.180247046186896
2024-11-21,3370.404,3.6969,1.4590304182509504,1.6450167766258248,1.4874301675977653,1.216483877018036,2.5683175637115023,2.4074610244988865,4.99928716904277,4.58389115577931,1.1827604726100966
2024-11-22,3267.192,3.6481,1.4595057034220533,1.647429217719133,1.4739292364990688,1.2165498776490373,2.4830790121027255,2.435968819599109,5.006109979633401,4.558143574742964,1.198421052631579
2024-11-25,3263.76,3.6405,1.460551330798479,1.6657905749293118,1.4743947858472997,1.2167479010281006,2.5122161763258877,2.4089086859688194,5.012321792260693,4.549652351209701,1.182373791621912
2024-11-26,3259.757,3.6391,1.46074144486692,1.662573986804901,1.4748603351955307,1.2168139159837892,2.497696979238414,2.371492204899777,5.038900203665988,4.52253521799057,1.1731901181525242
2024-11-27,3309.779,3.6654,1.4604562737642586,1.6699453345900095,1.4804469273743017,1.2168799345211354,2.5322664961133525,2.396213808463252,5.001527494908351,4.485557309055392,1.1670032223415683
2024-11-28,3295.698,3.6517,1.4620722433460076,1.66820301602262,1.478584729981378,1.2169459566403336,2.5282169241365735,2.3885300668151443,4.99562118126273,4.473231339410333,1.16796992481203
2024-11-29,3326.456,3.6679,1.463212927756654,1.6783888784165881,1.4818435754189943,1.2170119823415777,2.5633790613007967,2.4006681514476615,5.038187372708758,4.535135098072186,1.1692266380236305
2024-12-02,3363.982,3.6813,1.4658745247148288,1.677852780395853,1.483240223463687,1.2172100809395323,2.606640342418577,2.3935412026726057,5.092260692464359,4.630182019557422,1.1631364124597208
2024-12-03,3378.806,3.6843,1.4658745247148288,1.6757083883129122,1.4883612662942272,1.217276120970905,2.608121893141789,2.407683741648107,5.115274949083504,4.64606882487772,1.1816970998925886
2024-12-04,3364.65,3.6772,1.4677756653992395,1.6812033930254475,1.488826815642458,1.2173421645852964,2.574836386893634,2.4046770601336305,5.173014256619145,4.757824282992926,1.1840171858216972
2024-12-05,3368.855,3.672,1.4679657794676806,1.6805332704995288,1.4874301675977653,1.2174082117828997,2.595281786873955,2.4052338530066812,5.153767820773931,4.677020704208648,1.1621697099892587
2024-12-06,3404.076,3.6939,1.4673954372623574,1.6818735155513664,1.4939478584729982,1.2174742625639103,2.624517721145331,2.397104677060134,5.19786150712831,4.707150852229904,1.1532760472610097
2024-12-09,3402.534,3.6918,1.469106463878327,1.6781208294062204,1.494413407821229,1.2176724364093274,2.631629164616747,2.40924276169265,5.157942973523422,4.665790376309816,1.1621697099892587
2024-12-10,3422.661,3.7037,1.4722433460076045,1.6762444863336474,1.4948789571694598,1.2177385015259097,2.640518468956017,2.4188195991091312,5.142464358452139,4.607995274196315,1.1663265306122448
2024-12-11,3432.49,3.7035,1.4724334600760456,1.6707494816211121,1.4976722532588453,1.2178045702268714,2.6686679326970384,2.4385300668151446,5.231059063136456,4.702494374808437,1.1800537056928033
2024-12-12,3461.5,3.7202,1.4726235741444866,1.665924599434496,1.5,1.2178706425124064,2.691977664075568,2.4538975501113582,5.197657841140529,4.676746793772091,1.1861439312567132
2024-12-13,3391.878,3.684,1.474144486692015,1.6605636192271442,1.4916201117318435,1.2179367183827094,2.656124136573846,2.429955456570156,5.236863543788187,4.783571864029272,1.1962943071965628
2024-12-16,3386.331,3.6752,1.4758555133079847,1.6610997172478794,1.494413407821229,1.218134967504172,2.641703709534586,2.4129175946547883,5.310081466395112,4.8284931756246,1.1970676691729323
2024-12-17,3361.485,3.6782,1.4754752851711026,1.6623059377945335,1.4930167597765363,1.2182010577154925,2.5853060120043296,2.412583518930958,5.288289205702648,4.761932939541279,1.1894307196562834
2024-12-18,3382.208,3.6866,1.474334600760456,1.65051178133836,1.495344506517691,1.2182671515125534,2.597355957886451,2.405902004454343,5.1020366598778,4.642781899639039,1.1922341568206232
2024-12-19,3370.033,3.689,1.4742395437262357,1.6444806786050896,1.4911545623836124,1.2183332488955496,2.6210607694578374,2.3973273942093543,5.0788187372708755,4.600873602845836,1.1845005370569281
2024-12-20,3368.069,3.6823,1.4760456273764258,1.648501413760603,1.4874301675977653,1.2183993498646752,2.6320242448096036,2.3876391982182628,5.119755600814663,4.662503451071133,1.179860365198711
2024-12-23,3351.257,3.6832,1.4762357414448668,1.6409960414703109,1.488826815642458,1.2185976742907767,2.571280665157926,2.412583518930958,5.173217922606924,4.716737717509394,1.1799570354457571
2024-12-24,3393.528,3.7037,1.4750950570342205,1.6420682375117814,1.494413407821229,1.2186637896063672,2.605948952081078,2.405011135857461,5.240529531568228,4.758919924739153,1.1856605800214821
2024-12-25,3393.35,3.7037,1.474809885931559,1.6420682375117814,1.4967411545623834,1.2187299085090606,2.577601948243629,2.4067928730512254,5.240122199592668,4.754537357754243,1.1880773361976371
2024-12-26,3398.077,3.7065,1.4750950570342205,1.6427383600377004,1.494413407821229,1.2187960309990509,2.6088132834792876,2.411692650334076,5.235539714867618,4.784941416212057,1.1874973147153598
2024-12-27,3400.142,3.7059,1.4759505703422053,1.6371093308199811,1.4958100558659218,1.2188621570765332,2.627184512447112,2.413363028953229,5.1652749490835035,4.738102731560831,1.193297529538131
2024-12-30,3407.326,3.7133,1.4759505703422053,1.6470271442035818,1.5013966480446927,1.219060556835878,2.613554245793565,2.4052338530066812,5.096843177189409,4.682772823376342,1.2061546723952739
2024-12-31,3351.763,3.6858,1.4768060836501902,1.6424703110273327,1.4976722532588453,1.2191266972652746,2.559823339565089,2.3987750556792875,5.04572301425662,4.603064886338292,1.2135016111707841
2025-01-02,3262.561,3.641,1.4783269961977186,1.644078605089538,1.4864990689013036,1.219258988889658,2.507573984059825,2.4262806236080174,5.035539714867617,4.582247693159969,1.2263587540279268
2025-01-03,3211.43,3.6266,1.478422053231939,1.6399238454288407,1.4823091247672253,1.2193251400850342,2.4489045754206438,2.4452115812917596,5.1181262729124235,4.652642675355086,1.2309022556390978
2025-01-06,3206.923,3.6248,1.478897338403042,1.6363051837888785,1.483240223463687,1.2195236152062374,2.457596339663485,2.434966592427617,5.171894093686355,4.757002551683255,1.246466165413534
2025-01-07,3229.644,3.6386,1.478422053231939,1.6282637134778513,1.4818435754189943,1.2195897807589793,2.492363396634852,2.4366369710467706,5.082993890020367,4.747963507276879,1.2494629430719657
2025-01-08,3230.168,3.6373,1.4785171102661596,1.6278616399622996,1.4818435754189943,1.2196559499015496,2.489202755092,2.449443207126949,5.0851323828920565,4.711259508778257,1.2500429645542426
2025-01-09,3211.393,3.6322,1.4783269961977186,1.628397737983035,1.4748603351955307,1.2197221226341428,2.486931043983076,2.4572383073496655,5.084826883910386,4.718655090565292,1.2461761546723953
2025-01-10,3168.524,3.6131,1.478231939163498,1.6220985862393966,1.4688081936685287,1.2197882989569537,2.440212811177802,2.4708240534521155,5.009470468431772,4.657025242339996,1.2722771213748658
2025-01-13,3160.755,3.6077,1.4781368821292775,1.6199541941564564,1.4650837988826815,1.2199868494686419,2.4434722227688677,2.482739420935412,4.995010183299389,4.632647213486434,1.2886143931256713
2025-01-14,3240.94,3.6477,1.4779467680608365,1.6183459000942508,1.4739292364990688,1.2200530401542722,2.5375013086687,2.4652561247216034,4.988289205702648,4.69181186778272,1.2930612244897959
2025-01-15,3227.117,3.6357,1.4779467680608365,1.635232987747408,1.4743947858472997,1.2201192344310943,2.5386865492472697,2.4728285077951004,5.096435845213849,4.751250432515561,1.3102685284640172
2025-01-16,3236.032,3.6387,1.4777566539923954,1.639789820923657,1.4781191806331468,1.2201854322993033,2.5494524845026074,2.483184855233853,5.063238289205703,4.741115746362957,1.3109452201933405
2025-01-17,3241.821,3.6451,1.4776615969581748,1.6396557964184733,1.4771880819366852,1.2202516337590938,2.5710831250614974,2.486080178173719,5.141751527494908,4.850679920985707,1.3105585392051557
2025-01-20,3244.378,3.6567,1.4775665399239544,1.6399238454288407,1.4762569832402233,1.2204502596899036,2.602887080586441,2.4839643652561247,5.141446028513238,4.857527681899629,1.29828141783029
2025-01-21,3242.623,3.6599,1.4777566539923954,1.6434084825636193,1.472532588454376,1.2205164755179692,2.608319433238217,2.489532293986637,5.156517311608961,4.940248633739805,1.2880343716433942
2025-01-22,3213.624,3.6478,1.4778517110266158,1.6396557964184733,1.4683426443202978,1.2205826949385905,2.5978498081275214,2.507238307349666,5.218228105906314,5.02570868994555,1.2825241675617616
2025-01-23,3230.164,3.6528,1.4777566539923954,1.6348309142318567,1.473463687150838,1.220648917951963,2.594096546295385,2.509688195991091,5.225661914460285,4.9714744235072885,1.2730504833512353
2025-01-24,3252.626,3.6638,1.4777566539923954,1.6379134778510838,1.477653631284916,1.2207151445582811,2.6240238709042605,2.5153674832962136,5.195010183299389,4.96517448346648,1.2674436090225563
2025-01-27,3250.601,3.6569,1.4781368821292775,1.6495736098020735,1.483240223463687,1.2209138459368605,2.618789058348913,2.5065701559020046,5.040631364562119,4.578139036611615,1.254296455424275
2025-02-05,3229.488,3.6432,1.478707224334601,1.6669967954759661,1.4739292364990688,1.2215101441548422,2.6124677752632097,2.6008908685968817,5.158757637474542,4.738376641997388,1.2330290010741138
2025-02-06,3270.659,3.662,1.478897338403042,1.665924599434496,1.4748603351955307,1.2215764174871993,2.657111837055987,2.599665924276169,5.181160896130347,4.805484698953822,1.2275187969924812
2025-02-07,3303.667,3.6829,1.4790874524714828,1.659893496701225,1.4781191806331468,1.221642694415232,2.692471514316639,2.6052338530066814,5.111201629327902,4.796993475420559,1.227905477980666
2025-02-10,3322.17,3.6852,1.4790874524714828,1.6592233741753062,1.477653631284916,1.221841546775337,2.7110402833808918,2.644543429844098,5.173625254582484,4.8616363384479815,1.2420193340494092
2025-02-11,3318.057,3.6794,1.4790874524714828,1.655068614514609,1.4799813780260707,1.2219078380880246,2.7170652563219524,2.660801781737194,5.159572301425662,4.799732579786128,1.2505263157894737
2025-02-12,3346.385,3.6927,1.4790874524714828,1.6452848256361923,1.4804469273743017,1.2219741329973635,2.739189747121913,2.647661469933185,5.1652749490835035,4.845749533127682,1.2541997851772289
2025-02-13,3332.483,3.6881,1.4790874524714828,1.6569449575871817,1.4799813780260707,1.222040431503549,2.712225523959461,2.661135857461024,5.237678207739307,4.84164087657933,1.23312567132116
2025-02-14,3346.724,3.7009,1.478897338403042,1.6623059377945335,1.4809124767225326,1.222106733606776,2.724769320082653,2.671937639198218,5.256619144602851,4.829314906934271,1.2302255639097743
2025-02-17,3355.83,3.7037,1.4788022813688213,1.662573986804901,1.4799813780260707,1.2223056615006593,2.746004880448686,2.6331848552338526,5.256211812627291,4.874236218529599,1.2308055853920516
2025-02-18,3324.491,3.6901,1.4785171102661596,1.6545325164938736,1.479050279329609,1.222371977994005,2.698595257305914,2.6565701559020045,5.2662932790224035,4.8914925760326815,1.2416326530612245
2025-02-19,3351.539,3.6993,1.478422053231939,1.6560067860508954,1.4781191806331468,1.2224382980853683,2.7406712978451244,2.67271714922049,5.269959266802443,4.959696274735343,1.2495596133190119
2025-02-20,3350.783,3.6959,1.4783269961977186,1.658821300659755,1.4767225325884543,1.2225046217749442,2.761511778018302,2.681291759465479,5.245723014256619,4.934222604135553,1.2508163265306123
2025-02-21,3379.113,3.7169,1.4780418250950569,1.6665947219604147,1.4743947858472997,1.2225709490629284,2.7964763750860966,2.6599109131403114,5.138085539714868,4.941070365049476,1.2402792696025777
2025-02-24,3373.028,3.7127,1.4777566539923954,1.6703474081055607,1.4743947858472997,1.2227699525192817,2.8078349306307193,2.6669265033407568,5.077596741344196,4.867388457615676,1.238732545649839
2025-02-25,3346.04,3.6951,1.4775665399239544,1.6810693685202638,1.4706703910614523,1.2228362942028503,2.794105893928958,2.6661469933184856,5.015987780040733,4.798910848476457,1.2121482277121376
2025-02-26,3380.214,3.7067,1.4776615969581748,1.684956079170594,1.4757914338919924,1.2229026394858034,2.8406265866378035,2.643652561247216,5.026476578411406,4.903270724804627,1.2002577873254565
2025-02-27,3388.062,3.7098,1.4775665399239544,1.683615834118756,1.478584729981378,1.222968988368336,2.8292680310931813,2.6324053452115814,4.891853360488798,4.696742255640743,1.2079914070891515
2025-02-28,3320.897,3.6801,1.4775665399239544,1.6888427898209237,1.4757914338919924,1.2230353408506434,2.758943756764735,2.610690423162583,4.968329938900204,4.607447453323202,1.208184747583244
2025-03-03,3316.925,3.6794,1.4778517110266158,1.6933996229971726,1.4762569832402233,1.2232344198981684,2.770697392502214,2.612694877505568,4.8614052953156826,4.459261907145931,1.2008378088077336
2025-03-04,3324.21,3.6784,1.4779467680608365,1.6862963242224316,1.4762569832402233,1.2233007867815286,2.799044396339663,2.6430957683741645,4.844297352342159,4.498705010010122,1.1759935553168634
2025-03-05,3341.965,3.6854,1.4781368821292775,1.6828116870876533,1.4781191806331468,1.2233671572656406,2.8079337006789338,2.650890868596882,4.906822810590632,4.582247693159969,1.1526960257787324
2025-03-06,3381.098,3.7062,1.4780418250950569,1.6818735155513664,1.477653631284916,1.2234335313506992,2.846947869723507,2.643763919821826,4.7717922606924645,4.536504650254971,1.1496025778732546
2025-03-07,3372.546,3.6997,1.4777566539923954,1.6806672950047126,1.4781191806331468,1.2234999090369,2.8456638590967236,2.6425389755011137,4.807128309572302,4.56115658954509,1.162266380236305
2025-03-10,3366.163,3.6944,1.4777566539923954,1.6881726672950048,1.4781191806331468,1.2236990637043101,2.85159006198957,2.6520044543429844,4.628818737270875,4.425023102576322,1.1552094522019334
2025-03-11,3379.828,3.698,1.4772813688212927,1.6834818096135722,1.4813780260707634,1.2237654557970339,2.856726104496704,2.6324053452115814,4.616700610997963,4.4266665651956645,1.1553061224489796
2025-03-12,3371.924,3.695,1.4779467680608365,1.67986314797361,1.479050279329609,1.2238318514918771,2.8727268523073897,2.6424276169265033,4.665784114052953,4.463644474130842,1.1657465091299677
2025-03-13,3358.729,3.6897,1.478231939163498,1.684688030160226,1.4813780260707634,1.2238982507890348,2.8513925218931417,2.65924276169265,4.581670061099796,4.3896886562604855,1.1612030075187971
2025-03-14,3419.562,3.7301,1.478422053231939,1.681605466540999,1.4846368715083798,1.2239646536887028,2.8924808619502116,2.6949888641425392,4.692057026476578,4.51733091969599,1.1657465091299677
2025-03-17,3426.129,3.7285,1.4783269961977186,1.682945711592837,1.4860335195530727,1.2241638840047224,2.8977156745055597,2.70456570155902,4.714765784114054,4.535956829381856,1.1713533834586467
2025-03-18,3429.759,3.734,1.4785171102661596,1.6852241281809615,1.4855679702048414,1.2242303013163855,2.9204327855948047,2.7247216035634745,4.642260692464358,4.547187157280688,1.1718367346938776
2025-03-19,3426.429,3.7353,1.4788022813688213,1.6879046182846373,1.4869646182495344,1.2242967222315364,2.9140127324608875,2.751224944320713,4.69725050916497,4.515413546640092,1.1661331901181524
2025-03-20,3408.948,3.7224,1.4793726235741445,1.6896469368520264,1.4860335195530727,1.2243631467503702,2.913617652268031,2.7576837416481066,4.686354378818738,4.486379040365063,1.1805370569280345
2025-03-21,3364.831,3.7009,1.4794676806083649,1.6881726672950048,1.484171322160149,1.2244295748730825,2.8753936436091707,2.7477728285077947,4.70213849287169,4.375719223996085,1.1899140708915146
2025-03-24,3370.028,3.7111,1.479657794676806,1.682275589066918,1.4860335195530727,1.2246288808664463,2.858602735412772,2.7446547884187082,4.793075356415479,4.459809728019046,1.1979377013963481
2025-03-25,3369.976,3.7102,1.479847908745247,1.683615834118756,1.4892923649906888,1.2246953234066282,2.8494171209288597,2.739977728285078,4.817107942973524,4.39900161110342,1.198421052631579
2025-03-26,3368.697,3.7061,1.4799429657794676,1.6795950989632424,1.4883612662942272,1.2247617695516664,2.863343697727049,2.7517817371937636,4.730957230142566,4.325045793233063,1.2113748657357681
2025-03-27,3373.749,3.7127,1.480038022813688,1.679059000942507,1.4883612662942272,1.2248282193017566,2.856726104496704,2.757238307349666,4.702851323828921,4.303132958308513,1.2102148227712137
2025-03-28,3351.307,3.707,1.4801330798479087,1.6877705937794534,1.4855679702048414,1.2248946726570942,2.8313422021056773,2.8016703786191535,4.578920570264766,4.21137296206196,1.2045112781954888
2025-03-31,3335.746,3.6963,1.480228136882129,1.6929975494816212,1.484171322160149,1.225094054356548,2.8066496900521503,2.8384187082405345,4.578411405295316,4.185625381025613,1.2215252416756177
2025-04-01,3348.435,3.6969,1.4803231939163497,1.6967502356267672,1.4869646182495344,1.2251605221348318,2.8270950900324707,2.8583518930957683,4.614460285132383,4.204525201148037,1.2365091299677764
2025-04-02,3350.127,3.6963,1.4804182509505701,1.6995647502356268,1.488826815642458,1.2252269935193412,2.8358856243235264,2.8466592427616924,4.651425661914461,4.237120543098306,1.236219119226638
2025-04-03,3342.008,3.6844,1.4810836501901141,1.707740245051838,1.488826815642458,1.2252934685102717,2.7847227393486174,2.8695991091314035,4.410794297352343,4.011144432938884,1.1786036519871108
2025-04-07,3096.576,3.5671,1.4834600760456274,1.696214137606032,1.4590316573556796,1.2255594045421203,2.5079690642526815,2.7789532293986636,4.144602851323829,3.6734128646642565,1.0767132116004297
2025-04-08,3145.549,3.589,1.4826996197718632,1.6879046182846373,1.4683426443202978,1.2256258975680925,2.461645911640264,2.788307349665924,4.072301425661915,3.6197264190991087,1.0751664876476907
2025-04-09,3186.81,3.6003,1.4829847908745246,1.687502544769086,1.4692737430167597,1.22569239420166,2.490190455574141,2.8290645879732743,4.522810590631364,4.025935596512955,1.0383351235230935
2025-04-10,3223.638,3.622,1.4831749049429657,1.6786569274269556,1.4729981378026071,1.2257588944430187,2.556465157925809,2.87739420935412,4.358757637474542,3.907332377483828,1.0800966702470463
2025-04-11,3238.227,3.6279,1.4830798479087453,1.67597643732328,1.4720670391061452,1.2258253982923644,2.5657495424579357,2.937305122494432,4.432281059063136,4.0489440731837325,1.073233082706767
2025-04-14,3262.808,3.6347,1.4831749049429657,1.684688030160226,1.4748603351955307,1.22602493149028,2.6014055298632295,2.9580178173719376,4.458146639511202,4.079348131641546,1.085703544575725
2025-04-15,3267.662,3.6377,1.4831749049429657,1.6876365692742696,1.477653631284916,1.226091449773531,2.6159247269507033,2.9597995545657017,4.463951120162934,4.05086144623963,1.088313641245972
2025-04-16,3276.004,3.6393,1.4835551330798478,1.6928635249764372,1.4804469273743017,1.2261579716657476,2.5782933385811275,3.0306236080178173,4.337881873727088,3.9673187630897835,1.0888936627282493
2025-04-17,3280.341,3.6388,1.4833650190114067,1.687368520263902,1.479050279329609,1.226224497167126,2.585009701859687,3.0494432071269486,4.335336048879837,3.9681404943994547,1.1249516648764768
2025-04-18,3276.73,3.6397,1.4834600760456274,1.687234495758718,1.4804469273743017,1.2262910262778612,2.594590396536456,3.0574610244988865,4.334317718940937,3.9574579873737368,1.1283351235230934
2025-04-21,3291.434,3.6476,1.4832699619771863,1.678924976437323,1.4799813780260707,1.2264906352681708,2.6378516776542362,3.1151447661469933,4.231771894093686,3.9237670036772405,1.1209881847475833
2025-04-22,3299.757,3.6506,1.4834600760456274,1.6810693685202638,1.4813780260707634,1.226557178818294,2.6507905539702845,3.194209354120267,4.3366598778004075,3.984849031029424,1.1216648764769066
2025-04-23,3296.355,3.6543,1.4831749049429657,1.685492177191329,1.4804469273743017,1.2266237259787542,2.6769646167470236,3.0597995545657017,4.432382892057026,4.072774281164182,1.1198281417830291
2025-04-24,3297.288,3.6552,1.4830798479087453,1.6907191328934967,1.4823091247672253,1.226690276749747,2.670742103709535,3.0770601336302894,4.54867617107943,4.147825740780764,1.111031149301826
2025-04-25,3295.06,3.6579,1.4831749049429657,1.6964821866163997,1.4823091247672253,1.226756831131468,2.6760756863130966,3.0525612472160355,4.59551934826884,4.179873261857919,1.1205048335123524
2025-04-28,3288.415,3.6542,1.4834600760456274,1.6991626767200754,1.4823091247672253,1.2269565159429603,2.6373578274131653,3.0239420935412027,4.592769857433809,4.1669994713397465,1.1092910848549946
2025-04-29,3286.655,3.6509,1.4838403041825095,1.7023792648444864,1.4813780260707634,1.227023084769554,2.6453582013185084,3.032182628062361,4.619450101832994,4.17631242618268,1.1015574650912996
2025-04-30,3279.031,3.6488,1.4840304182509505,1.701307068803016,1.4781191806331468,1.227089657207856,2.6527659549345666,3.0316258351893093,4.624236252545825,4.208907768132947,1.0657894736842106
2025-05-06,3316.114,3.6622,1.4842205323193916,1.6908531573986805,1.4809124767225326,1.2274891676945086,2.7049165403916167,3.078062360801782,4.6735234215885955,4.295737376521478,1.0684962406015037
2025-05-07,3342.665,3.6724,1.4843155893536122,1.6935336475023564,1.484171322160149,1.2275557654202536,2.707089481452327,3.1016703786191533,4.691446028513239,4.33928913593402,1.0564124597207305
2025-05-08,3351.996,3.6816,1.484790874524715,1.687368520263902,1.4860335195530727,1.2276223667592747,2.7234853094558695,3.05924276169265,4.739205702647658,4.391879939752941,1.061825993555317
2025-05-09,3341.999,3.6796,1.4850760456273764,1.6881726672950048,1.488826815642458,1.2276889717117678,2.70787964183804,3.050890868596882,4.739103869653769,4.358736776929558,1.0796133190118153
2025-05-12,3369.245,3.698,1.484790874524715,1.6812033930254475,1.4902234636871508,1.2278888082520392,2.739584827314769,2.9546770601336303,4.923319755600814,4.548282799026917,1.1071643394199786
2025-05-13,3374.871,3.7002,1.4851711026615968,1.6794610744580585,1.4934823091247673,1.2279554276603806,2.742054078520122,2.967817371937639,4.994399185336048,4.594025841931915,1.115767991407089
2025-05-14,3403.948,3.722,1.4851711026615968,1.6730278982092366,1.4958100558659218,1.2280220506831745,2.7389922070254844,2.948663697104677,5.020162932790225,4.621416885587602,1.1195381310418904
2025-05-15,3380.821,3.7084,1.4851711026615968,1.6817394910461827,1.4939478584729982,1.2280886773206168,2.7127193742005313,2.861024498886414,5.024236252545824,4.563347873037545,1.0953705692803437
2025-05-16,3367.462,3.7003,1.484980988593156,1.6782548539114044,1.4916201117318435,1.2281553075729037,2.7361278756272753,2.9034521158129176,5.04572301425662,4.576495573992275,1.0980773361976368
2025-05-19,3367.583,3.697,1.4852661596958174,1.680399245994345,1.4930167597765363,1.2283552200207928,2.745511030207616,2.932628062360802,5.04887983706721,4.574578200936376,1.1039742212674544
2025-05-20,3380.478,3.7051,1.4854562737642585,1.6762444863336474,1.4948789571694598,1.2284218647344192,2.768030601200433,2.9298440979955456,5.031771894093687,4.584986797525537,1.1041675617615467
2025-05-21,3387.574,3.7133,1.4854562737642585,1.6652544769085766,1.4976722532588453,1.228488513063871,2.7692158417790025,3.0063474387527838,4.9659877800407335,4.523083038863684,1.1081310418904404
2025-05-22,3380.189,3.7119,1.485551330798479,1.6707494816211121,1.498603351955307,1.228555165009344,2.7461036504969005,3.025389755011136,4.970672097759674,4.491309428223086,1.0913104189044038
2025-05-23,3348.372,3.6984,1.485551330798479,1.6726258246936851,1.494413407821229,1.2286218205710349,2.7312881432647838,3.0160356347438753,4.9258655804480656,4.448579400120214,1.0950805585392052
2025-05-26,3346.839,3.6899,1.48574144486692,1.6711515551366634,1.4911545623836124,1.228821808955375,2.7376094263504873,3.0087973273942095,4.920875763747454,4.451044594049225,1.099624060150376
2025-05-27,3340.687,3.6821,1.4856463878326995,1.6802652214891611,1.4902234636871508,1.2288884789838985,2.737214346157631,2.9893095768374165,5.0363543788187375,4.528835158031378,1.0906337271750806
2025-05-28,3339.932,3.6826,1.485551330798479,1.6773166823751178,1.4916201117318435,1.2289551526296205,2.739288517170127,2.99097995545657,5.015478615071284,4.481448652507039,1.0997207303974221
2025-05-29,3363.446,3.6914,1.4852661596958174,1.6838838831291234,1.4925512104283052,1.2290218298927378,2.768820761586146,2.965033407572383,5.025560081466396,4.529930799777605,1.1004940923737918
2025-05-30,3347.487,3.6854,1.485551330798479,1.6834818096135722,1.4939478584729982,1.2290885107734462,2.7406712978451244,2.9874164810690425,5.016802443991853,4.458166265399704,1.0759398496240602
2025-06-03,3361.976,3.6917,1.4856463878326995,1.6785229029217719,1.4967411545623834,1.2293552704761181,2.760721617632589,3.026614699331849,5.093177189409369,4.5682782608955685,1.1183780880773362
2025-06-04,3376.203,3.6986,1.48574144486692,1.688574740810556,1.498603351955307,1.2294219694477273,2.7863030601200434,3.028841870824053,5.108859470468431,4.613199572490896,1.1133512352309345
2025-06-05,3384.099,3.7027,1.48574144486692,1.6864303487276153,1.4967411545623834,1.2294886720381053,2.8001308668700187,3.035634743875278,5.066496945010183,4.641960168329368,1.1189581095596133
2025-06-06,3385.358,3.7032,1.486121673003802,1.6769146088595666,1.4972067039106145,1.2295553782474486,2.807538620486077,3.0306236080178173,5.113136456211812,4.6553817797206545,1.1304618689581096
2025-06-09,3399.772,3.7075,1.486406844106464,1.6799971724787937,1.4981378026070762,1.229755518591235,2.826403699694972,3.0001113585746104,5.122606924643585,4.750154790769334,1.1409022556390978
2025-06-10,3384.816,3.6988,1.486406844106464,1.68093534401508,1.4981378026070762,1.2298222392784037,2.811291882318213,3.0014476614699332,5.154480651731161,4.776450192678794,1.1515359828141785
2025-06-11,3402.316,3.713,1.486596958174905,1.6838838831291234,1.5,1.2298889635855197,2.83934257601102,3.0101336302895323,5.134419551934827,4.770150252637986,1.1606229860365198
2025-06-12,3402.658,3.7143,1.486596958174905,1.6900490103675776,1.5018621973929236,1.2299556915127792,2.8517876020859982,3.032850779510022,5.14541751527495,4.744128761165082,1.1816970998925886
2025-06-13,3376.996,3.7047,1.486596958174905,1.6850901036757777,1.4981378026070762,1.230022423060379,2.8189959460789136,3.0776169265033406,5.078207739307535,4.658942615395894,1.2484962406015039
2025-06-16,3388.729,3.7103,1.4866920152091254,1.6812033930254475,1.499534450651769,1.2302226394271822,2.8239344484896196,3.064031180400891,5.1489816700611,4.764945954343405,1.234672395273899
2025-06-17,3387.405,3.7092,1.486977186311787,1.6861622997172478,1.499068901303538,1.2302893854581063,2.8197861064646266,3.042873051224944,5.096435845213849,4.7304332393372395,1.259516648764769
2025-06-18,3388.809,3.7102,1.4870722433460075,1.686698397737983,1.5,1.230356135110353,2.8191934861753416,3.037750556792873,5.096945010183299,4.769054610891758,1.2722771213748658
2025-06-19,3362.108,3.6957,1.4871673003802282,1.6861622997172478,1.4981378026070762,1.230422888384118,2.7864018301682574,3.0212694877505566,5.094704684317719,4.766863327399303,1.29828141783029
2025-06-20,3359.895,3.6999,1.4871673003802282,1.686028275212064,1.499534450651769,1.2304896452795981,2.773858034045065,3.020155902004454,5.070977596741344,4.756454730810141,1.2849409237379161
2025-06-23,3381.582,3.7036,1.4873574144486692,1.6891108388312912,1.5013966480446927,1.2306899376982958,2.7927231132539605,3.0223830734966595,5.124745417515275,4.825754071259031,1.28078410311493
2025-06-24,3420.566,3.7227,1.4872623574144486,1.6921934024505183,1.5037243947858472,1.2307567090826022,2.8537630030502803,2.989086859688196,5.198778004073319,4.945726842470943,1.155499462943072
2025-06-25,3455.974,3.7465,1.4871673003802282,1.693131573986805,1.5069832402234637,1.2308234840896064,2.8759862638984552,2.996436525612472,5.210488798370672,5.017217466412287,1.160139634801289
2025-06-26,3448.453,3.7418,1.4871673003802282,1.695678039585297,1.5079143389199254,1.2308902627195053,2.8598867460395554,3.00456570155902,5.256211812627291,5.032282540422915,1.1569495166487649
2025-06-27,3424.227,3.7328,1.4873574144486692,1.6932655984919889,1.504189944134078,1.2309570449724947,2.8823075469841584,2.9663697104677063,5.276374745417515,5.053373644037794,1.1541460794844254
2025-06-30,3444.426,3.7392,1.4873574144486692,1.6971523091423186,1.5037243947858472,1.2311574134719747,2.9157905933287416,2.968819599109131,5.307230142566192,5.0648778823731835,1.1477658431793771
2025-07-01,3457.747,3.7425,1.4876425855513307,1.6959460885956645,1.5079143389199254,1.2312242102192938,2.9449277575519037,3.0008908685968816,5.257942973523421,5.019956570777856,1.153372717508056
2025-07-02,3454.792,3.7421,1.4880228136882128,1.6935336475023564,1.51024208566108,1.231291010590687,2.9451252976483318,2.994432071269488,5.29562118126273,5.026530421255221,1.1650698174006446
2025-07-03,3461.151,3.7524,1.488212927756654,1.6887087653157398,1.510707635009311,1.2313578145863504,2.9796948145232705,3.014587973273942,5.345723014256619,5.065425703246297,1.1773469387755102
2025-07-04,3472.319,3.7565,1.4884980988593155,1.6891108388312912,1.5144320297951583,1.231424622206481,2.958459254157237,2.9981069042316255,5.346537678207739,5.079121225074141,1.172610096670247
2025-07-07,3473.127,3.7517,1.4886882129277565,1.6853581526861452,1.5167597765363128,1.231625066815643,2.9707067401357863,2.9821826280623607,5.302647657841141,5.010369705498365,1.1795703544575724
2025-07-08,3497.475,3.7635,1.4884980988593155,1.6850901036757777,1.5167597765363128,1.2316918889356088,3.010609839614287,2.996325167037862,5.307942973523422,5.095829761704111,1.1964876476906552
2025-07-09,3493.05,3.7616,1.4884980988593155,1.6903170593779455,1.5186219739292364,1.2317587146810252,3.001325455082161,2.965367483296214,5.345112016293279,5.084325523368722,1.2012244897959183
2025-07-10,3509.682,3.7697,1.4883079847908744,1.689244863336475,1.5223463687150838,1.2318255440520887,3.00972090918036,2.9889755011135857,5.334623217922607,5.1078818209126124,1.1898174006444682
2025-07-11,3510.177,3.7763,1.4883079847908744,1.683615834118756,1.5190875232774672,1.2318923770489962,3.020585614483912,2.989086859688196,5.320672097759674,5.133081581075846,1.1981310418904405
2025-07-14,3519.65,3.7787,1.488212927756654,1.6824096135721018,1.5223463687150838,1.2320928977967498,3.058809623142773,3.017817371937639,5.338798370672098,5.1089774626588405,1.1931041890440386
2025-07-15,3504.999,3.777,1.4884980988593155,1.6793270499528745,1.5186219739292364,1.2321597452990003,3.0627604250713376,3.012806236080178,5.3453156822810595,5.1900549518796755,1.1830504833512352
2025-07-16,3503.777,3.7709,1.4885931558935361,1.6817394910461827,1.516294227188082,1.2322265964280783,3.07411898061596,2.9989977728285075,5.35213849287169,5.184576743148538,1.1768635875402793
2025-07-17,3516.826,3.779,1.4887832699619772,1.6808013195098963,1.516294227188082,1.232293451184181,3.084983685919512,2.993875278396436,5.387270875763748,5.252232620978086,1.1848872180451129
2025-07-18,3534.483,3.7893,1.4888783269961976,1.6837498586239397,1.5186219739292364,1.2323603095675046,3.078662402833809,3.002672605790646,5.385845213849287,5.248671785302847,1.1955209452201934
2025-07-21,3559.791,3.8042,1.4886882129277565,1.688038642789821,1.5232774674115455,1.232560906482771,3.1242941651087275,3.0175946547884185,5.4140529531568236,5.23963274089647,1.192137486573577
2025-07-22,3581.861,3.8209,1.4884980988593155,1.6893788878416587,1.5279329608938548,1.2326277793769476,3.1501719177408245,3.0297327394209352,5.382892057026476,5.221554652083716,1.1816004296455425
2025-07-23,3582.298,3.823,1.4880228136882128,1.6861622997172478,1.5270018621973926,1.2326946558993293,3.137134271376562,3.061024498886414,5.40183299389002,5.205120025890304,1.1784103114930184
2025-07-24,3605.727,3.835,1.4872623574144486,1.684956079170594,1.5270018621973926,1.2327615360501132,3.1637034143461578,3.0103563474387527,5.413645621181263,5.246206591373835,1.1912674543501611
2025-07-25,3593.655,3.8267,1.4871673003802282,1.6869664467483505,1.5246741154562382,1.232828419829496,3.1722964085407854,3.0048997772828505,5.427393075356416,5.307014708289461,1.1859505907626207
2025-07-28,3597.937,3.828,1.4876425855513307,1.6861622997172478,1.520949720670391,1.2330290929412073,3.1903713273639673,2.9953229398663694,5.44908350305499,5.378231421794249,1.1972610096670246
2025-07-29,3609.711,3.8318,1.4872623574144486,1.6946058435438265,1.5200186219739291,1.233095991236955,3.2016311128603756,2.980066815144766,5.441344195519348,5.456021985776402,1.2185284640171858
2025-07-30,3615.717,3.8318,1.4875475285171103,1.6895129123468424,1.521880819366853,1.233162893162286,3.188099616255043,2.9875278396436524,5.444602851323829,5.417126703785325,1.2457894736842106
2025-07-31,3573.208,3.8005,1.4880228136882128,1.6909871819038644,1.5135009310986962,1.2332297987173975,3.15007314769261,2.978285077951002,5.419348268839103,5.3522099303213455,1.2380558539205155
2025-08-01,3559.952,3.7935,1.4883079847908744,1.7015751178133838,1.5135009310986962,1.2332967079024861,3.1622218636229458,2.9781737193763917,5.312932790224033,5.278254112450989,1.2193984962406015
2025-08-04,3583.309,3.801,1.4884980988593155,1.7018431668237513,1.5158286778398509,1.2334974572395856,3.192939348617534,3.0115812917594655,5.404378818737271,5.3932964958048775,1.2004511278195489
2025-08-05,3617.598,3.8152,1.4885931558935361,1.7015751178133838,1.520949720670391,1.233564380946553,3.2235580635639085,3.0267260579064588,5.362830957230143,5.365631541712633,1.1836305048335123
2025-08-06,3633.995,3.8204,1.4886882129277565,1.7010390197926486,1.5228119180633146,1.2336313082844828,3.2504235166781466,3.0242761692650335,5.434215885947047,5.371657571316884,1.1785069817400646
2025-08-07,3639.667,3.8202,1.4888783269961976,1.6996987747408105,1.5237430167597765,1.2336982392535714,3.2434108432549444,3.0346325167037858,5.4471486761710795,5.403157271520924,1.1645864661654137
2025-08-08,3635.128,3.8178,1.4889733840304182,1.6983585296889727,1.5246741154562382,1.2337651738540163,3.267510735019187,3.0391982182628063,5.50040733197556,5.395761689733889,1.1578195488721805
2025-08-11,3647.547,3.8218,1.4887832699619772,1.699430725730443,1.5228119180633146,1.233965999445458,3.301586401653055,3.0104677060133627,5.482993890020366,5.411922405490745,1.1579162191192267
2025-08-12,3665.918,3.8305,1.4884980988593155,1.6984925541941567,1.5242085661080074,1.2340329485732977,3.3044507330512647,3.0014476614699332,5.554786150712831,5.579281682226997,1.159656283566058
2025-08-13,3683.465,3.8438,1.4885931558935361,1.7015751178133838,1.5232774674115455,1.2340999013334786,3.3368473088654924,3.006570155902004,5.552342158859471,5.648581022675885,1.1438023630504834
2025-08-14,3666.443,3.8431,1.488403041825095,1.6976884071630536,1.519553072625698,1.2341668577261982,3.297042979435206,3.007461024498886,5.5469450101832996,5.63680287390394,1.153469387755102
2025-08-15,3696.771,3.8546,1.4883079847908744,1.6960801131008483,1.52048417132216,1.234233817751653,3.3554160779297453,3.001002227171492,5.521283095723014,5.6302290234265735,1.1509559613319014
2025-08-18,3728.027,3.8659,1.4874524714828896,1.6942037700282753,1.52048417132216,1.234434719626402,3.3833680015743384,3.0044543429844097,5.517413441955194,5.656524425336035,1.1499892588614393
2025-08-19,3727.288,3.8571,1.4873574144486692,1.6972863336475024,1.5200186219739291,1.2345016941847702,3.3890966643707565,2.9989977728285075,5.444195519348269,5.552164549007865,1.1466058002148227
2025-08-20,3766.21,3.8798,1.4873574144486692,1.6990286522148916,1.5246741154562382,1.2345686723768592,3.4387779986224536,2.9880846325167036,5.4140529531568236,5.56668180214538,1.1553061224489796
2025-08-21,3771.099,3.8852,1.4874524714828896,1.6946058435438265,1.5274674115456237,1.2346356542028665,3.444111581226016,2.9953229398663694,5.383808553971487,5.540660310672476,1.1654564983888291
2025-08-22,3825.759,3.9198,1.4874524714828896,1.699966823751178,1.5270018621973926,1.2347026396629894,3.4618901899045555,2.994432071269488,5.467718940936863,5.790740539248904,1.1722234156820621
2025-08-25,3883.562,3.9564,1.4879277566539924,1.6955440150801129,1.5311918063314711,1.234903617850022,3.487274092295582,3.009576837416481,5.4400203665987785,5.835661850844231,1.1748335123523095
2025-08-26,3868.382,3.9503,1.488212927756654,1.6964821866163997,1.5311918063314711,1.234970617848578,3.5040650004919804,3.014587973273942,5.463543788187373,5.824705433381957,1.168936627282492
2025-08-27,3800.35,3.923,1.4883079847908744,1.6959460885956645,1.520949720670391,1.2350376214822354,3.447864843058152,3.0183741648106905,5.467209775967413,5.864696357119259,1.1641997851772288
2025-08-28,3843.597,3.9517,1.4880228136882128,1.6979564561734213,1.5232774674115455,1.2351046287511915,3.474631526124176,3.025055679287305,5.495315682281059,6.043833782627456,1.1675832438238454
2025-08-29,3857.927,3.9664,1.4881178707224334,1.6955440150801129,1.5232774674115455,1.2351716396556434,3.490138423693791,3.0320712694877505,5.427189409368636,5.880857072876115,1.171546723952739
2025-09-01,3875.53,3.9743,1.4883079847908744,1.6967502356267672,1.5223463687150838,1.2353726941839462,3.514830935747319,3.0820712694877503,5.429735234215886,5.927421847090784,1.1727067669172933
2025-09-02,3858.133,3.957,1.4885931558935361,1.6947398680490102,1.5228119180633146,1.2354397196323539,3.4399632392010235,3.1040089086859686,5.389103869653767,5.808544717625101,1.193780880773362
2025-09-03,3813.557,3.9429,1.4890684410646386,1.6990286522148916,1.5181564245810055,1.2355067487172435,3.4097396044475055,3.1388641425389756,5.431771894093686,5.813201195046568,1.178796992481203
2025-09-04,3765.876,3.9049,1.4892585551330797,1.7017091423185675,1.5181564245810055,1.235573781438813,3.367762333956509,3.1403118040089084,5.478309572301425,5.697610990819566,1.1637164339419979
2025-09-05,3812.514,3.9434,1.4887832699619772,1.7085443920829406,1.5190875232774672,1.2356408177972587,3.4653471415920496,3.148775055679287,5.483604887983707,5.8416878804484815,1.144672395273899
2025-09-08,3826.841,3.9449,1.4883079847908744,1.7118950047125354,1.5223463687150838,1.2358419486958303,3.5137444652169636,3.185077951002227,5.506924643584521,5.804709971513305,1.1506659505907626
2025-09-09,3807.292,3.9353,1.4880228136882128,1.7085443920829406,1.5237430167597765,1.2359089996037567,3.476606927088458,3.225612472160356,5.522810590631365,5.806353434132645,1.153372717508056
2025-09-10,3812.221,3.9402,1.4872623574144486,1.712699151743638,1.521880819366853,1.2359760541495461,3.4713721145331107,3.2179287305122495,5.528004073319756,5.840044417829141,1.1670032223415683
2025-09-11,3875.309,3.9827,1.4871673003802282,1.7143074458058434,1.5246741154562382,1.2360431123333968,3.522238689363377,3.206347438752784,5.558859470468432,5.9937081727375485,1.1557894736842105
2025-09-12,3870.598,3.9726,1.4874524714828896,1.7118950047125354,1.5223463687150838,1.2361101741555054,3.512657994686608,3.2203786191536747,5.580448065173116,6.0254817833781456,1.1549194414607948
2025-09-15,3860.504,3.9739,1.4877376425855513,1.7148435438265788,1.5200186219739291,1.2363113814533548,3.506336711600905,3.2121380846325165,5.625254582484725,6.052598916597277,1.1574328678839958
2025-09-16,3861.865,3.9709,1.4881178707224334,1.7152456173421302,1.5186219739292364,1.2363784578304704,3.5328070845222865,3.2512249443207124,5.618228105906314,6.077250855887395,1.1760902255639096
2025-09-17,3876.341,3.9831,1.4885931558935361,1.7121630537229031,1.5190875232774672,1.2364455378468313,3.5691544622650793,3.226837416481069,5.605091649694501,6.121624346609609,1.1763802363050484
2025-09-18,3831.656,3.9653,1.488212927756654,1.7116269557021677,1.51024208566108,1.236512621502635,3.536955426547279,3.198663697104677,5.663238289205703,6.313909473072535,1.1703866809881849
2025-09-19,3820.089,3.9678,1.4875475285171103,1.7116269557021677,1.5139664804469273,1.2365797087980788,3.524214090327659,3.2056792873051223,5.704887983706721,6.29500965295011,1.1558861439312567
2025-09-22,3828.576,3.9761,1.4879277566539924,1.7102867106503299,1.51024208566108,1.236780992524226,3.5261894912919414,3.2538975501113585,5.734623217922607,6.383756634394539,1.1538560687432868
2025-09-23,3821.833,3.9758,1.4872623574144486,1.7118950047125354,1.5116387337057726,1.2368480943802054,3.50692933189019,3.2969933184855233,5.690224032586558,6.350065650698043,1.1696133190118152
2025-09-24,3853.642,3.9947,1.486121673003802,1.7102867106503299,1.5135009310986962,1.2369151998768124,3.562734409131162,3.319933184855234,5.673421588594705,6.404026006699747,1.1809237379162192
2025-09-25,3853.302,4.0034,1.4860266159695816,1.7105547596606974,1.5116387337057726,1.2369823090142444,3.562833179179376,3.301670378619154,5.6515274949083505,6.442647378254267,1.1918474758324384
2025-09-26,3828.106,3.9859,1.486406844106464,1.7109568331762488,1.5125698324022345,1.2370494217926995,3.5496967627669,3.306347438752784,5.677494908350306,6.389508753562232,1.203544575725027
2025-09-29,3862.532,4.0115,1.4863117870722433,1.7128331762488218,1.5148975791433892,1.2372507819761758,3.584167509593624,3.3429844097995542,5.69745417515275,6.451412512224087,1.1737701396348013
2025-09-30,3882.777,4.0168,1.4868821292775665,1.7110908576814325,1.5144320297951583,1.2373179093206972,3.5953285250418183,3.3779510022271713,5.710997963340122,6.543720329343754,1.1553061224489796
2025-10-09,3933.972,4.0418,1.4875475285171103,1.7144414703110271,1.5176908752327745,1.2379222193355766,3.6401701269310247,3.530512249443207,5.806720977596742,6.843652257373533,1.1450590762620838
2025-10-10,3897.028,4.0099,1.4874524714828896,1.720472573044298,1.5223463687150838,1.2379893831090965,3.6155763849257108,3.4793986636971046,5.6012219959266805,6.4933208090172885,1.1071643394199786
2025-10-13,3889.502,3.9986,1.488212927756654,1.7194003770028274,1.5200186219739291,1.2381908962943688,3.589797402341828,3.5861915367483297,5.718940936863543,6.702314472110184,1.116154672395274
2025-10-14,3865.229,3.9756,1.488403041825095,1.7202045240339303,1.5242085661080074,1.238258074645023,3.5513758535865394,3.641759465478842,5.681059063136456,6.488664331595822,1.087830290010741
2025-10-15,3912.21,4.0032,1.488403041825095,1.7198024505183787,1.5274674115456237,1.238325256640455,3.6235767588310535,3.7084632516703784,5.717515274949084,6.623154355945248,1.0871535982814178
2025-10-16,3916.228,4.0064,1.4889733840304182,1.7228850141376062,1.5288640595903165,1.2383924422808625,3.5837724294007676,3.743429844097996,5.69511201629328,6.639862892575218,1.0812567132116004
2025-10-17,3839.755,3.9665,1.4899239543726235,1.720472573044298,1.5246741154562382,1.2384596315664436,3.485496231427728,3.85,5.730651731160896,6.562072328593064,1.070719656283566
2025-10-20,3863.893,3.9759,1.4895437262357414,1.7227509896324225,1.5274674115456237,1.2386612212962047,3.524214090327659,3.7687082405345214,5.805295315682281,6.670814771906144,1.0694629430719658
2025-10-21,3916.332,4.0072,1.4901140684410648,1.7232870876531574,1.5283985102420856,1.238728425164457,3.5828834989668406,3.817706013363029,5.79938900203666,6.749427067197968,1.076326530612245
2025-10-22,3913.758,4.0031,1.4902091254752852,1.7246273327049952,1.5288640595903165,1.2387956326788718,3.5669815212043687,3.673273942093541,5.743686354378819,6.682592920678091,1.0982706766917294
2025-10-23,3922.41,4.0074,1.4902091254752852,1.7208746465598492,1.5330540037243947,1.2388628438396467,3.57685852602578,3.6436525612472157,5.790936863543789,6.726144680090632,1.1290118152524167
2025-10-24,3950.312,4.0335,1.490019011406844,1.7211426955702167,1.53072625698324,1.2389300586469796,3.6146874544917837,3.625612472160356,5.85,6.953216431996283,1.1347153598281416
2025-10-27,3996.945,4.0561,1.4903992395437262,1.7216787935909519,1.5335195530726256,1.2391317249503049,3.654590553970284,3.606347438752784,5.9510183299389,7.129888663575469,1.131138560687433
2025-10-28,3988.224,4.0442,1.4917300380228136,1.722080867106503,1.53072625698324,1.2391989543458484,3.6377996457738857,3.4783964365256126,5.992973523421589,7.148240662824778,1.1103544575725028
2025-10-29,4016.331,4.0673,1.4919201520912546,1.716451837888784,1.5302607076350092,1.2392661873889392,3.6618995375381287,3.535412026726058,6.0158859470468435,7.1989140935878,1.1171213748657358
2025-10-30,3986.901,4.0472,1.492680608365019,1.715379641847314,1.5283985102420856,1.2393334240797753,3.5988842467775264,3.5141425389755008,5.930244399185336,7.089076008528492,1.115187969924812
2025-10-31,3954.79,4.018,1.4935361216730036,1.7161837888784166,1.5279329608938548,1.2394006644185545,3.584365049690052,3.569042316258352,5.959368635437882,6.99649428097227,1.118764769065521
2025-11-03,3976.521,4.0181,1.493916349809886,1.7144414703110271,1.531657355679702,1.2396024073245302,3.5876244612811177,3.56347438752784,5.983095723014257,6.995672549662597,1.125048335123523
2025-11-04,3960.186,4.003,1.4938212927756653,1.7165858623939678,1.5330540037243947,1.2396696622570613,3.5326095444258585,3.55022271714922,5.862932790224033,6.819000318083415,1.1199248120300753
2025-11-05,3969.248,4.0072,1.4940114068441064,1.7120290292177192,1.5349162011173185,1.2397369208385254,3.5722163337597164,3.5252783964365255,5.904989816700612,6.889395300278531,1.1152846401718581
2025-11-06,4007.76,4.0331,1.4932509505703422,1.716451837888784,1.537243947858473,1.2398041830691202,3.604119059332874,3.555122494432071,5.7903258655804475,6.962255476402659,1.1045542427497315
2025-11-07,3997.556,4.0258,1.49287072243346,1.7151115928369463,1.5386405959031657,1.2398714489490437,3.59513098494539,3.556347438752784,5.772097759674134,6.884738822857064,1.1091944146079484
2025-11-10,4018.597,4.027,1.4933460076045626,1.7145754948162113,1.541433891992551,1.2400732684867675,3.5781425366525634,3.6190423162583514,5.898268839103869,6.992659534860474,1.111031149301826
2025-11-11,4002.758,4.0097,1.4934410646387832,1.7155136663524977,1.5409683426443201,1.2401405489659862,3.564512269999016,3.666369710467706,5.881160896130346,6.843104436500418,1.126498388829216
2025-11-12,4000.14,4.0122,1.4938212927756653,1.7175240339302547,1.541433891992551,1.2402078330955242,3.550091842959756,3.6589086859688194,5.875661914460285,6.884738822857064,1.1024274973147155
2025-11-13,4029.501,4.0322,1.4936311787072243,1.7157817153628652,1.5437616387337056,1.2402751208755787,3.586933070943619,3.7124721603563473,5.7588594704684315,6.781748498711679,1.0938238453276048
2025-11-14,3990.492,4.004,1.4937262357414447,1.7128331762488218,1.5400372439478582,1.2403424123063487,3.5486102922365443,3.673162583518931,5.758757637474542,6.70806659127788,1.1109344790547797
2025-11-17,3972.035,3.9904,1.494296577946768,1.714039396795476,1.5367783985102421,1.2405443085049288,3.5273747318705104,3.6070155902004455,5.7104887983706725,6.64397154912357,1.1090977443609022
2025-11-18,3939.813,3.9784,1.4943916349809885,1.716451837888784,1.5302607076350092,1.2406116145405393,3.4738413657384632,3.5532293986636967,5.646639511201629,6.5754939399843515,1.1129645542427498
2025-11-19,3946.742,3.9877,1.494106463878327,1.715379641847314,1.5321229050279328,1.240678924227855,3.4309751648135394,3.6211581291759463,5.678105906313646,6.624249997691475,1.1058109559613318
2025-11-20,3931.051,3.9812,1.494106463878327,1.719668426013195,1.5311918063314711,1.240746237567075,3.4113199252189315,3.6026726057906457,5.5479633401222,6.461547198376691,1.0967239527389905
2025-11-21,3834.891,3.9376,1.493916349809886,1.7202045240339303,1.5223463687150838,1.2408135545583963,3.295758968808423,3.581403118040089,5.587576374745418,6.342396158474451,1.0796133190118153
2025-11-24,3836.766,3.9358,1.494106463878327,1.7219468426013194,1.519553072625698,1.2410155274469523,3.3364522286726364,3.5860801781737193,5.729429735234215,6.522629225728875,1.088796992481203
2025-11-25,3870.023,3.9536,1.4935361216730036,1.7232870876531574,1.5223463687150838,1.241082859048662,3.379417199645774,3.6455456570155897,5.760386965376782,6.562620149466179,1.0772932330827067
2025-11-26,3864.184,3.9656,1.4923954372623573,1.7231530631479737,1.52048417132216,1.2411501943034642,3.3656881629440125,3.645100222717149,5.807841140529531,6.7272403218368595,1.082610096670247
2025-11-27,3875.259,3.9639,1.4919201520912546,1.7228850141376062,1.520949720670391,1.2412175332115574,3.384652012201122,3.6544543429844096,5.8064154786150715,6.704231845166083,1.088700322234157
2025-11-28,3888.596,3.9685,1.4925855513307984,1.7214107445805844,1.521880819366853,1.2412848757731396,3.4156658073403525,3.6710467706013366,5.8508146639511205,6.789417990935271,1.0966272824919443
2025-12-01,3914.006,3.9866,1.4927756653992394,1.715915739868049,1.525139664804469,1.241486925380802,3.4526058053724293,3.710467706013363,5.827800407331976,6.82639589987045,1.100204081632653
2025-12-02,3897.712,3.981,1.492300380228137,1.7167198868991516,1.525139664804469,1.2415542825583221,3.4354198169831744,3.6974387527839645,5.877800407331976,6.855430406145479,1.09546723952739
2025-12-03,3878.0,3.9734,1.4920152091254753,1.717390009425071,1.5242085661080074,1.2416216433903227,3.43146901505461,3.6793986636971048,5.886761710794298,6.912677687385864,1.0942105263157893
2025-12-04,3875.793,3.9799,1.4909695817490494,1.7148435438265788,1.5228119180633146,1.2416890078770015,3.417937518449277,3.6758351893095766,5.879022403258656,6.942260014534008,1.1029108485499464
2025-12-05,3902.808,3.9952,1.4914448669201519,1.7128331762488218,1.5237430167597765,1.2417563760185573,3.4617914198563415,3.702004454342984,5.905295315682282,7.012107175856011,1.1078410311493017
2025-12-08,3924.078,4.0113,1.4914448669201519,1.7114929311969838,1.5223463687150838,1.241958502374468,3.481841739643806,3.6934298440979956,5.891038696537678,7.143584185403311,1.0992373791621912
2025-12-09,3909.522,4.0056,1.491825095057034,1.7102867106503299,1.5181564245810055,1.2420258851375134,3.46416190101348,3.6670378619153676,5.90010183299389,7.15864925941394,1.0853168635875403
2025-12-10,3900.496,4.0033,1.4920152091254753,1.7124311027332706,1.5181564245810055,1.2420932715564277,3.473940135786677,3.681403118040089,5.921995926680244,7.241370211254115,1.0833834586466167
2025-12-11,3873.318,3.9884,1.492490494296578,1.7105547596606974,1.51536312849162,1.2421606616314083,3.4292960739938994,3.687527839643652,5.897454175152749,7.152897140246244,1.0720730397422127
2025-12-12,3889.346,4.0023,1.492300380228137,1.7066680490103676,1.51536312849162,1.2422280553626541,3.4495439338777922,3.7316258351893095,5.782586558044806,6.977594460849845,1.0700429645542429
2025-12-15,3867.921,3.9927,1.491825095057034,1.7081423185673892,1.5167597765363128,1.2424302584959652,3.452309495227787,3.780400890868597,5.75427698574338,6.880630166308711,1.0583458646616541
2025-12-16,3824.812,3.9704,1.4920152091254753,1.7089464655984918,1.5144320297951583,1.2424976668542551,3.4016404604939487,3.7357461024498884,5.763645621181263,6.8258480789973355,1.0374650912996777
2025-12-17,3870.278,4.0063,1.492490494296578,1.7078742695570217,1.516294227188082,1.2425650788698017,3.4526058053724293,3.7648106904231624,5.65213849287169,6.778735483909553,1.0496455424274975
2025-12-18,3876.371,3.9968,1.492680608365019,1.7102867106503299,1.52048417132216,1.242632494542804,3.4438152710813736,3.7752783964365255,5.736252545824847,6.822561153758654,1.0492588614393126
2025-12-19,3890.448,4.0032,1.4931558935361215,1.7074721960414703,1.52048417132216,1.24269991387346,3.4826319000295185,3.7748329621380847,5.807026476578411,6.925277567467481,1.05109559613319
2025-12-22,3917.364,4.0219,1.4930608365019011,1.707070122525919,1.5181564245810055,1.2429021938133358,3.512559224638394,3.8393095768374166,5.835437881873728,7.071545740588853,1.0720730397422127
2025-12-23,3919.979,4.0281,1.4935361216730036,1.7062659754948162,1.5186219739292364,1.2429696277765918,3.517201416904457,3.89554565701559,5.8637474541751535,7.131806036631365,1.07796992481203
2025-12-24,3940.947,4.0322,1.4936311787072243,1.7074721960414703,1.519553072625698,1.2430370653984941,3.560857778215094,3.8994432071269487,5.8759674134419555,7.167140482947202,1.0824167561761546
2025-12-25,3959.621,4.0354,1.4935361216730036,1.7059979264844485,1.520949720670391,1.2431045066792412,3.5964149955721734,3.8804008908685965,5.870570264765784,7.1572797072311545,1.08203007518797
2025-12-26,3963.679,4.0394,1.4936311787072243,1.7053278039585296,1.521880819366853,1.2431719516190314,3.590686332775755,3.896993318485523,5.865274949083503,7.146049379332323,1.0741997851772287
2025-12-29,3965.28,4.0331,1.4930608365019011,1.7068020735155514,1.521880819366853,1.2433743083946467,3.586044140509692,3.8857461024498883,5.836048879837067,7.168510035129987,1.070139634801289
2025-12-30,3965.116,4.0336,1.4930608365019011,1.7065340245051839,1.5223463687150838,1.2434417679725953,3.5911801830168257,3.7996659242761694,5.822810590631365,7.176453437790137,1.0737164339419978
2025-12-31,3968.84,4.0245,1.4933460076045626,1.7021112158341187,1.5223463687150838,1.2435092312105798,3.593056813932894,3.7729398663697107,5.770468431771894,7.088254277218823,1.0709129967776583
2026-01-05,4023.417,4.0629,1.4938212927756653,1.7022452403393025,1.5242085661080074,1.2438466023079913,3.6370094853881727,3.842427616926503,5.79908350305499,7.384625369573363,1.070236305048335
2026-01-06,4083.667,4.0907,1.4932509505703422,1.7001008482563618,1.5293296089385475,1.2439140875103618,3.6652577191774083,3.8783964365256125,5.84959266802444,7.486246141535962,1.0658861439312568
2026-01-07,4085.772,4.0871,1.4929657794676805,1.702647313854854,1.5279329608938548,1.2439815763741584,3.6761224244809605,3.866815144766147,5.854175152749491,7.463785485738298,1.046358754027927
2026-01-08,4082.979,4.0689,1.4934410646387832,1.7015751178133838,1.5265363128491618,1.24404906889958,3.6868883597362982,3.8528953229398666,5.821079429735235,7.373395041674529,1.063952738990333
2026-01-09,4120.426,4.0779,1.4937262357414447,1.7009049952874644,1.5283985102420856,1.244116565086825,3.7340016727344287,3.8796213808463254,5.874949083503055,7.523771871344254,1.0921804511278195
2026-01-12,4165.287,4.0882,1.4942015209125474,1.7001008482563618,1.5293296089385475,1.2443190756214884,3.773015841779002,3.9572383073496655,5.878105906313646,7.546780348015032,1.0911170784103115
2026-01-13,4138.759,4.0786,1.4944866920152091,1.7001008482563618,1.5283985102420856,1.2443865864580141,3.730841031191577,3.9640311804008905,5.866904276985744,7.482959216297279,1.1219548872180451
2026-01-14,4126.093,4.0757,1.4946768060836502,1.7038535344015082,1.5246741154562382,1.2444541009573573,3.738545094952278,4.012583518930957,5.805906313645621,7.492272171140214,1.1243716433942
2026-01-15,4112.601,4.0828,1.4947718631178706,1.7009049952874644,1.5246741154562382,1.244521619119716,3.760175735511168,3.998663697104677,5.820061099796334,7.638814254698143,1.0989473684210527
2026-01-16,4101.913,4.0772,1.4953422053231937,1.6979564561734213,1.520949720670391,1.244589140945289,3.798004663977172,3.992761692650334,5.816904276985744,7.771112995555113,1.1015574650912996
2026-01-19,4114.0,4.0808,1.4954372623574144,1.6975543826578698,1.525139664804469,1.2447917284032826,3.844624126734232,4.041536748329621,5.814663951120163,7.7686478016261,1.0998174006444683
2026-01-20,4113.649,4.0751,1.4958174904942967,1.6909871819038644,1.5321229050279328,1.244859264883701,3.83208033061104,4.08184855233853,5.685845213849287,7.617175330210149,1.106294307196563
2026-01-21,4116.94,4.0796,1.4961026615969581,1.695007917059378,1.5293296089385475,1.244926805028328,3.877712092885959,4.200779510022271,5.7643584521384925,7.807543083617177,1.1156713211600429
2026-01-22,4122.576,4.0851,1.4961977186311788,1.696214137606032,1.5325884543761636,1.2449943488373618,3.890354659057365,4.186525612472161,5.809979633401222,7.85109484302972,1.1077443609022555
2026-01-23,4136.164,4.0745,1.4965779467680609,1.695678039585297,1.531657355679702,1.2450618963110018,3.9324306995965754,4.2860801781737194,5.823116089613035,7.743448041462869,1.1233082706766917
2026-01-26,4132.605,4.0785,1.496768060836502,1.695678039585297,1.5353817504655494,1.2452645607215453,3.8947993112269996,4.414810690423162,5.841649694501019,7.707017953400804,1.1230182599355532
2026-01-27,4139.904,4.0809,1.4966730038022813,1.6933996229971726,1.5321229050279328,1.2453321228555971,3.8927251402145036,4.415478841870824,5.893482688391039,7.9001248111734,1.1387755102040815
2026-01-28,4151.238,4.0867,1.496768060836502,1.6909871819038644,1.537243947858473,1.245399688655249,3.8758354619698907,4.564365256124721,5.905295315682282,8.024206238933665,1.1555961331901181
2026-01-29,4157.985,4.0981,1.4968631178707223,1.6919253534401508,1.5432960893854748,1.2454672581207002,3.8303024697431862,4.787527839643652,5.873930753564155,7.920942004351724,1.1894307196562834
2026-01-30,4117.948,4.079,1.4968631178707223,1.6891108388312912,1.5400372439478582,1.245534831252149,3.8235861064646266,4.498663697104677,5.793788187372709,7.838221052511548,1.1957142857142857
2026-02-02,4015.746,4.0353,1.4968631178707223,1.687234495758718,1.525139664804469,1.2457375726444726,3.7109882515005412,3.987305122494432,5.835845213849288,7.801517054012926,1.1381954887218044
2026-02-03,4067.738,4.0538,1.496768060836502,1.6862963242224316,1.5293296089385475,1.2458051604419025,3.7841768572271968,4.238864142538976,5.740427698574338,7.711126609949156,1.1540494092373792
2026-02-04,4102.202,4.0682,1.496768060836502,1.6838838831291234,1.5409683426443201,1.2458727519063246,3.7990911345075276,4.402561247216036,5.634928716904277,7.4180424428333005,1.1674865735767992
2026-02-05,4075.917,4.059,1.4970532319391634,1.6917913289349669,1.5400372439478582,1.2459403470379384,3.750595040834399,4.273385300668151,5.559572301425662,7.357234325917673,1.162363050483351
2026-02-06,4065.583,4.0491,1.497528517110266,1.6911212064090482,1.5391061452513966,1.2460079458369426,3.7688674997540095,4.225612472160356,5.678105906313646,7.569788824685809,1.173673469387755
2026-02-09,4123.09,4.0779,1.4980038022813689,1.6901830348727618,1.5432960893854748,1.2462107642402875,3.8129189412575024,4.31369710467706,5.716802443991853,7.744543683209096,1.1742534908700322
2026-02-10,4128.373,4.0791,1.4980988593155893,1.6939357210179076,1.5446927374301676,1.2462783777108433,3.813314021450359,4.317149220489977,5.681466395112016,7.697978908994427,1.1785069817400646
2026-02-11,4131.985,4.0755,1.4984790874524714,1.6913892554194156,1.547951582867784,1.2463459948497844,3.831092630128899,4.340645879732739,5.69623217922607,7.730026430071581,1.1922341568206232
2026-02-12,4134.018,4.0788,1.498764258555133,1.6984925541941567,1.5465549348230911,1.2464136156573102,3.8538097412181442,4.339309576837416,5.581873727087577,7.708935326456702,1.1685499462943072
2026-02-13,4082.073,4.0548,1.498764258555133,1.7011730442978323,1.5386405959031657,1.2464812401336194,3.825166427236052,4.285189309576837,5.587780040733198,7.7330394448737065,1.1563694951664876
2026-02-24,4117.409,4.0739,1.4993346007604562,1.7042556079170594,1.5456238361266292,1.2472253515696667,3.8774157827413167,4.432293986636971,5.642260692464359,7.893550960696037,1.2205585392051557
2026-02-25,4147.231,4.0858,1.4989543726235741,1.7017091423185675,1.547020484171322,1.2472930200869068,3.9057627865787663,4.424387527839643,5.715274949083503,8.033245283340042,1.2061546723952739
2026-02-26,4146.631,4.0846,1.498384030418251,1.7015751178133838,1.5465549348230911,1.247360692275519,3.9375667421037095,4.419933184855234,5.643075356415479,7.9105334077625615,1.2113748657357681
2026-02-27,4162.882,4.0756,1.4986692015209124,1.704523656927427,1.5498137802607077,1.2474283681357021,3.9547527304929644,4.414253897550111,5.6267820773930755,7.843699261242684,1.2235553168635875
2026-03-02,4182.591,4.0815,1.4992395437262356,1.700636946277097,1.5558659217877095,1.2476314177476713,3.884724766309161,4.623385300668151,5.633503054989816,7.849451380410379,1.303888292158969
2026-03-03,4122.676,4.0544,1.4993346007604562,1.6958120640904808,1.558193668528864,1.2476991082961313,3.7580027944504577,4.565144766146993,5.562729124236252,7.516102379120662,1.3470032223415682
2026-03-04,4082.474,4.0318,1.4996197718631177,1.6951419415645617,1.5512104283054002,1.2477668025171587,3.729655790613008,4.452561247216035,5.64867617107943,7.588688644808235,1.3502900107411386
2026-03-05,4108.567,4.0496,1.499809885931559,1.6907191328934967,1.5507448789571694,1.2478345004109528,3.7734109219718586,4.439420935412027,5.624439918533605,7.581566973457755,1.3914715359828143
2026-03-06,4124.194,4.0553,1.499809885931559,1.6907191328934967,1.552607076350093,1.2479022019777124,3.8303024697431862,4.4007795100222715,5.541344195519349,7.4796722910585975,1.4870784103114931
2026-03-09,4096.602,4.0397,1.4990494296577945,1.6960801131008483,1.5507448789571694,1.24810532871778,3.7976095837843156,4.403452115812917,5.622301425661914,7.571432287305151,1.5838453276047262
2026-03-10,4123.138,4.0638,1.4992395437262356,1.6891108388312912,1.5484171322160147,1.2481730449783957,3.8574642330020663,4.421269487750557,5.608146639511202,7.739065474477958,1.504092373791622
2026-03-11,4133.433,4.0767,1.4991444866920152,1.6834818096135722,1.5549348230912474,1.2482407649129743,3.85706915280921,4.442984409799554,5.6054989816700616,7.735230728366161,1.5212030075187972
2026-03-12,4129.103,4.0721,1.4993346007604562,1.682945711592837,1.559124767225326,1.2483084885217142,3.8490687789038667,4.426837416481069,5.511812627291243,7.552532467182726,1.6458109559613319
2026-03-13,4095.449,4.0689,1.4994296577946766,1.6828116870876533,1.5577281191806331,1.248376215804815,3.817067283282495,4.3695991091314035,5.480346232179227,7.530619632258176,1.6797422126745436
2026-03-16,4084.786,4.0696,1.4992395437262356,1.6868324222431668,1.5549348230912474,1.2485794197022777,3.7983997441700286,4.305790645879733,5.545519348268839,7.714139624751283,1.6762620837808808
2026-03-17,4049.907,4.0556,1.4994296577946766,1.686028275212064,1.5507448789571694,1.2486471616848163,3.729853330709436,4.309576837416481,5.566700610997963,7.641827269500267,1.686702470461869
2026-03-18,4062.984,4.0647,1.4999049429657796,1.6824096135721018,1.5488826815642458,1.2487149073427128,3.7579040244022432,4.293763919821826,5.483401221995926,7.709757057766373,1.715703544575725
2026-03-19,4006.552,4.0366,1.5,1.6850901036757777,1.5451582867783984,1.2487826566761666,3.655281944307783,4.103006681514477,5.471995926680244,7.676339984506434,1.7294307196562835
2026-03-20,3957.053,4.0311,1.5000950570342204,1.675842412818096,1.5432960893854748,1.248850409685377,3.5990817868739544,4.022383073496659,5.363849287169042,7.60484936056509,1.7447046186895812
2026-03-23,3813.283,3.9666,1.5,1.6814714420358152,1.5274674115456237,1.2490536907695429,3.4366050575617435,3.5870824053452117,5.438492871690428,7.507885066023956,1.6560580021482278
2026-03-24,3881.28,3.9932,1.500190114068441,1.677852780395853,1.536312849162011,1.2491214584837746,3.536659116402637,3.7848552338530066,5.389511201629328,7.628679568545538,1.6598281417830292
2026-03-25,3931.838,4.0212,1.500380228136882,1.6802652214891611,1.5391061452513966,1.2491892298747602,3.595723605234675,3.92249443207127,5.423116089613035,7.749747981503677,1.6275402792696025
2026-03-26,3889.084,3.9981,1.5005703422053231,1.6783888784165881,1.5391061452513966,1.2492570049426992,3.555129115418676,3.8354120267260576,5.303360488798371,7.4662506796673105,1.6922126745435015
2026-03-27,3913.724,4.0058,1.5008555133079846,1.6779868049010367,1.5395716945996274,1.2493247836877912,3.5925629636918233,3.8407572383073494,5.208655804480651,7.404620831442013,1.7382277121374867
2026-03-30,3923.287,3.9998,1.5015209125475284,1.6861622997172478,1.5437616387337056,1.2495281419879798,3.5909826429203973,3.896993318485523,5.173217922606924,7.2137052571618705,1.7827926960257787
2026-03-31,3891.861,3.9823,1.501615969581749,1.687234495758718,1.5405027932960893,1.2495959354436788,3.5432767096329827,3.9373051224944318,5.345621181262729,7.3399779684145905,1.7610418904403868
2026-04-01,3948.552,4.0137,1.5015209125475284,1.6838838831291234,1.5409683426443201,1.249663732577528,3.605798150152514,4.046213808463252,5.39745417515275,7.600192883143622,1.6755853920515575
2026-04-02,3919.285,3.9941,1.501615969581749,1.6802652214891611,1.5409683426443201,1.2497315333897276,3.552659864213323,3.972383073496659,5.392769857433809,7.474194082327459,1.7660687432867883
2026-04-03,3880.097,3.9805,1.5021863117870722,1.6797291234684262,1.5330540037243947,1.2497993378804766,3.5030773000098394,3.996436525612472,5.39613034623218,7.511719812135752,1.7644253490870032
2026-04-07,3890.165,3.9792,1.502851711026616,1.6806672950047126,1.5344506517690872,1.2500705926329623,3.5261894912919414,3.9728285077951004,5.425254582484725,7.64867503041419,1.7977765843179376
2026-04-08,3994.998,4.0419,1.5031368821292774,1.6797291234684262,1.5409683426443201,1.2501384155194537,3.6538003935845715,4.093763919821827,5.568024439918534,8.143631189272464,1.6262835660580022
2026-04-09,3966.171,4.0313,1.5031368821292774,1.6795950989632424,1.537243947858473,1.2502062420856928,3.641849217750664,4.0048997772828505,5.604989816700611,8.243060677742609,1.6641783029001074
2026-04-10,3986.225,4.0629,1.5036121673003802,1.6773166823751178,1.5391061452513966,1.2502740723318786,3.6807646167470236,4.0458797327394205,5.6126272912423625,8.445754400794696,1.6522878625134265
2026-04-13,3988.558,4.0669,1.5041825095057033,1.6791930254476908,1.5386405959031657,1.2504775851521148,3.67059130178097,4.026169265033407,5.671283095723015,8.531762277873556,1.7093233082706767
2026-04-14,4026.626,4.0894,1.504657794676806,1.6814714420358152,1.5400372439478582,1.2505454301200853,3.708123920102332,4.049220489977729,5.767311608961304,8.716104001676333,1.6539312567132116
2026-04-15,4027.21,4.0845,1.5047528517110265,1.6787909519321393,1.5423649906890131,1.250613278769001,3.7042718882219816,4.076948775055679,5.84684317718941,8.696930271117353,1.6487110633727176
2026-04-16,4055.547,4.1097,1.504847908745247,1.6773166823751178,1.5432960893854748,1.250681131099062,3.7488171799665455,4.088084632516703,5.877494908350306,8.7944423865316,1.6762620837808808
2026-04-17,4051.425,4.1089,1.5054182509505705,1.6821415645617344,1.541433891992551,1.2507489871104678,3.7423971268326284,4.067260579064588,5.952545824847251,8.953310439734587,1.5723415682062298
2026-04-20,4082.127,4.1161,1.505703422053232,1.6833477851083882,1.542830540037244,1.2509525772347512,3.755829853389747,4.071603563474388,5.936659877800407,9.00124476613204,1.6305370569280344
2026-04-21,4085.077,4.1219,1.5059885931558936,1.678924976437323,1.547951582867784,1.2510204479735336,3.7453602282790515,4.058017817371938,5.908044806517312,8.998779572203027,1.6804189044038669
2026-04-22,4106.258,4.1385,1.5064638783269961,1.6795950989632424,1.5484171322160147,1.2510883223946594,3.7633363770540194,4.051002227171492,6.0088594704684315,9.25105108427191,1.708936627282492
2026-04-23,4093.25,4.1317,1.5061787072243344,1.6786569274269556,1.5488826815642458,1.2511562004983288,3.7140501229951783,4.008017817371938,5.9769857433808555,9.274059560942689,1.7545649838882922
2026-04-24,4079.9,4.1241,1.5059885931558936,1.6806672950047126,1.547020484171322,1.2512240822847411,3.7098030109219717,3.9912026726057905,6.091242362525459,9.558652504525282,1.7602685284640172
2026-04-27,4086.344,4.1219,1.5057984790874526,1.67597643732328,1.5442271880819367,1.2514277497424358,3.7146427432844633,4.006013363028953,6.081262729124236,9.646029933786926,1.7853061224489797
2026-04-28,4078.637,4.1198,1.506083650190114,1.6761104618284637,1.5493482309124766,1.2514956462618192,3.665652799370265,3.944320712694877,6.021995926680244,9.458401284745467,1.8247475832438238
2026-04-29,4107.514,4.1415,1.5063688212927755,1.6708835061262959,1.5516759776536313,1.2515635464649446,3.7140501229951783,3.900890868596882,6.0560081466395115,9.577552324647707,1.9149409237379162
2026-04-30,4112.159,4.1349,1.5063688212927755,1.6743681432610746,1.5498137802607077,1.2516314503520125,3.7016050969202006,3.912360801781737,6.114460285132384,9.893097147561226,1.916390977443609
2026-05-06,4160.174,4.1625,1.5061787072243344,1.6763785108388312,1.5512104283054002,1.2520389510483982,3.762842526812949,3.96380846325167,6.35244399185336,10.414074797892404,1.7936197636949516
2026-05-07,4180.092,4.1694,1.506273764258555,1.6727598491988689,1.5446927374301676,1.2521068807286582,3.7901030601200434,4.010022271714922,6.339409368635438,10.388327216856057,1.7603651987110633
2026-05-08,4179.952,4.1546,1.5063688212927755,1.675306314797361,1.5437616387337056,1.2521748140944597,3.8065976581717997,3.9863028953229396,6.480549898167006,10.53897795696234,1.7768958109559614
2026-05-11,4225.021,4.185,1.5067490494296576,1.6726258246936851,1.5446927374301676,1.2523786363071125,3.8540072813145727,3.961024498886414,6.495824847250509,10.841922899794243,1.8291944146079486
2026-05-12,4214.489,4.1845,1.5070342205323193,1.66820301602262,1.5432960893854748,1.2524465844170793,3.822005785693201,3.9728285077951004,6.437372708757638,10.78714081248287,1.883716433941998
2026-05-13,4242.572,4.2059,1.5074144486692016,1.6680689915174363,1.541433891992551,1.2525145362135879,3.8539085112663582,3.9762806236080177,6.503156822810591,11.04899918983124,1.8649624060150376
2026-05-14,4177.918,4.1733,1.5074144486692016,1.6671308199811499,1.5367783985102421,1.2525824916968376,3.7847694775164813,3.970935412026726,6.547148676171079,10.98928671466184,1.8572287862513426
2026-05-15,4135.389,4.1473,1.507509505703422,1.6582852026390198,1.5353817504655494,1.2526504508670286,3.7544470727147496,3.8847438752783967,6.444297352342159,10.71236326330284,1.9057572502685285
2026-05-18,4131.528,4.1371,1.5077946768060837,1.6589553251649387,1.5335195530726256,1.252854350501251,3.7333102823969297,3.8585746102449887,6.417718940936863,10.641146549798053,1.9331149301825994
2026-05-19,4169.538,4.1419,1.5083650190114068,1.6510478793590952,1.5353817504655494,1.2529223244212082,3.752076591557611,3.853118040089087,6.372810590631365,10.743315142633769,1.9509989258861442
2026-05-20,4162.185,4.144,1.5084600760456273,1.6593573986804901,1.5335195530726256,1.252990302029107,3.7479282495326185,3.8024498886414255,6.478105906313646,11.26374497209183,1.8766595059076263
2026-05-21,4077.277,4.1123,1.5084600760456273,1.660831668237512,1.5274674115456237,1.2530582833251478,3.656072104693496,3.8287305122494435,6.481670061099797,11.04817745852157,1.8891299677765843
2026-05-22,4112.9,4.1355,1.5084600760456273,1.663914231856739,1.5270018621973926,1.2531262683095303,3.720667716225524,3.830066815144766,6.512118126272912,11.291409926184077,1.8554887218045113
2026-05-25,4152.569,4.1644,1.508745247148289,1.663110084825636,1.5302607076350092,1.2533302453947306,3.72274188723802,3.8486636971046773,6.507230142566192,11.476299470859965,1.8417615467239528
2026-05-26,4145.373,4.1749,1.509125475285171,1.669007163053723,1.5293296089385475,1.253398245134482,3.7094079307291152,3.8299554565701555,6.616191446028513,11.680910566967952,1.7976799140708914
2026-05-27,4093.727,4.1619,1.5096958174904942,1.6700793590951932,1.526070763500931,1.253466248563576,3.6595290563809897,3.7933184855233852,6.608146639511202,11.614350330884632,1.7428678839957035
2026-05-28,4098.636,4.1643,1.5100760456273763,1.6728938737040528,1.526070763500931,1.2535342556822124,3.673455633179179,3.713140311804009,6.6589613034623225,11.767466264919925,1.7436412459720732
2026-05-29,4068.569,4.1636,1.510361216730038,1.672223751178134,1.5311918063314711,1.2536022664905921,3.588612161763259,3.800668151447661,6.6762729124236255,11.499855768403858,1.712126745435016
2026-06-01,4057.74,4.1464,1.5109315589353611,1.6712855796418475,1.5409683426443201,1.2538063210561898,3.62733002066319,3.7869710467706015,6.710488798370672,11.352765863972815,1.7809559613319013
2026-06-02,4075.102,4.1774,1.5111216730038022,1.673295947219604,1.5395716945996274,1.2538743466255429,3.6303918921578275,3.808574610244989,6.743788187372709,11.798692054687407,1.781342642320086
2026-06-03,4083.974,4.1864,1.5111216730038022,1.6686050895381717,1.5391061452513966,1.25394237588564,3.620613657384631,3.755679287305122,6.724439918533605,12.012342195201773,1.8265843179377013
2026-06-04,4057.781,4.1716,1.5115019011406845,1.6711515551366634,1.536312849162011,1.2540104088366812,3.577846226507921,3.7611358574610243,6.691955193482689,11.993990195952462,1.7883029001074116
2026-06-05,4027.736,4.1335,1.5114068441064639,1.665924599434496,1.5353817504655494,1.2540784454788667,3.589106012004329,3.7597995545657015,6.371486761710795,11.285109986143267,1.7537916219119227
2026-06-08,3959.338,4.0925,1.5110266159695815,1.6632441093308201,1.5302607076350092,1.2542825775542932,3.4732487454491787,3.633518930957684,6.472301425661915,11.34783547611479,1.7816326530612245
2026-06-09,4010.031,4.1265,1.510551330798479,1.6665947219604147,1.53072625698324,1.2543506289630595,3.5372517366919216,3.647216035634744,6.391955193482689,11.563129079248496,1.7283673469387755
2026-06-10,3993.226,4.1101,1.5100760456273763,1.663110084825636,1.5283985102420856,1.2544186840639715,3.5075219521794745,3.5335189309576833,6.2607942973523425,11.287301269635721,1.7542749731471536
2026-06-11,3987.015,4.1011,1.509315589353612,1.6726258246936851,1.526070763500931,1.2544867428572295,3.4777921676670274,3.4567928730512247,6.462729124236253,11.665845492957324,1.7391944146079483
2026-06-12,4031.513,4.1274,1.509315589353612,1.6704814326107444,1.5325884543761636,1.2545548053430342,3.532016924136574,3.5021158129175944,6.4966395112016295,11.700084297526933,1.6658216970998927
2026-06-15,4096.472,4.1727,1.5095057034220531,1.6708835061262959,1.5283985102420856,1.254759014957731,3.6371082554363867,3.615924276169265,6.688594704684318,12.335830420775439,1.6023093447905479
2026-06-16,4091.892,4.1691,1.5099809885931559,1.6749042412818096,1.521880819366853,1.2548270922157254,3.677702745252386,3.629621380846325,6.564663951120163,12.184905770232604,1.5512674543501612
2026-06-17,4108.076,4.1902,1.510361216730038,1.6730278982092366,1.5181564245810055,1.254895173167268,3.7022964872576996,3.624832962138085,6.4979633401222,12.47004653468831,1.538216970998926
2026-06-18,4090.481,4.1959,1.51074144486692,1.6769146088595666,1.5093109869646182,1.2549632578125591,3.698246915280921,3.6125835189309576,6.6597759674134425,12.970206991841167,1.5183029001074113
2026-06-22,4163.097,4.2469,1.5108365019011405,1.6728938737040528,1.5139664804469273,1.2552356333352201,3.7721269113450755,3.527839643652561,6.6491853360488795,13.209056892518761,1.5133727175080558
2026-06-23,4106.252,4.1922,1.510551330798479,1.6742341187558907,1.5116387337057726,1.2553037364522615,3.724223437961232,3.469933184855234,6.4361507128309565,12.694927003101505,1.4952953813104188
2026-06-24,4110.813,4.2065,1.5106463878326994,1.6842859566446748,1.5065176908752327,1.2553718432642538,3.740125415723704,3.4503340757238306,6.409063136456212,13.012389199070926,1.4517937701396348
2026-06-25,4120.281,4.2386,1.5111216730038022,1.6842859566446748,1.5018621973929236,1.255439953771398,3.725309908491587,3.375167037861915,6.461812627291243,13.520493058883927,1.4688077336197638
2026-06-26,4027.265,4.1778,1.5113117870722435,1.6841519321394909,1.4934823091247673,1.2555080679738948,3.606489540490013,3.407349665924276,6.386354378818737,13.136196716394632,1.4282062298603653
2026-06-29,4073.902,4.2038,1.5116920152091256,1.684688030160226,1.4967411545623834,1.2557124327555031,3.6121194332382167,3.4212694877505565,6.531568228105906,13.492006373482011,1.448796992481203
2026-06-30,4094.397,4.224,1.5116920152091256,1.675842412818096,1.488826815642458,1.2557805617414137,3.684122798386303,3.388530066815145,6.633910386965377,14.085570289500764,1.4439634801288936
2026-07-01,4112.445,4.2157,1.5112167300380228,1.6727598491988689,1.495344506517691,1.255848694423679,3.7257049886844436,3.352115812917595,6.530651731160896,13.58431419060168,1.409548872180451
2026-07-02,4028.904,4.155,1.5113117870722435,1.6727598491988689,1.498603351955307,1.2559168308025002,3.7094079307291152,3.4218262806236077,6.424032586558044,12.62097118523115,1.4051987110633728
2026-07-03,4043.643,4.1687,1.5114068441064639,1.6719557021677662,1.504189944134078,1.2559849708780768,3.7425946669290564,3.513028953229399,6.4215885947046845,12.629736319200969,1.4165091299677766
2026-07-06,4041.238,4.1711,1.511787072243346,1.673295947219604,1.5116387337057726,1.2561894132873488,3.7220504969005215,3.502227171492205,6.504684317718941,12.651375243688962,1.421825993555317
2026-07-07,3990.235,4.148,1.511787072243346,1.6667287464655984,1.5037243947858472,1.256257568151955,3.680369536554167,3.4816258351893095,6.391242362525459,12.378560448878313,1.4587540279269602
2026-07-08,3970.88,4.1332,1.5118821292775666,1.665120452403393,1.5060521415270016,1.2563257267143204,3.609650182032864,3.4763919821826277,6.410590631364562,12.504011428821364,1.5322234156820622
2026-07-09,4036.588,4.1831,1.5120722433460076,1.6657905749293118,1.5013966480446927,1.256393888974645,3.6311820525435405,3.464587973273942,6.510081466395112,13.183035401045856,1.4895918367346939
2026-07-10,3996.162,4.1441,1.5122623574144485,1.6647183788878417,1.5013966480446927,1.25646205493313,3.6179468660828493,3.461247216035635,6.527596741344196,12.74012222513339,1.4754779806659506
2026-07-13,3913.794,4.1088,1.5122623574144485,1.6600275212064088,1.5,1.2566665749995523,3.488360562825937,3.419487750556793,6.403869653767821,12.230374902701044,1.5596777658431793
2026-07-14,3967.126,4.1548,1.5123574144486691,1.661903864278982,1.51024208566108,1.2567347557526842,3.557302056479386,3.3928730512249445,6.474847250509165,12.549206650853248,1.611106337271751
2026-07-15,3955.578,4.1528,1.5125475285171102,1.663110084825636,1.5148975791433892,1.2568029402049798,3.547227511561547,3.387861915367483,6.44928716904277,12.229279260954817,1.6112996777658433
2026-07-16,3882.413,4.1138,1.5124524714828895,1.663110084825636,1.509776536312849,1.2568711283566394,3.5049539309259075,3.3842984409799555,6.345926680244399,11.7485664447975,1.6083029001074114
2026-07-17,3764.155,4.0416,1.5126425855513306,1.6648524033930254,1.5037243947858472,1.256939320207864,3.3494898750368987,3.3642538975501113,6.252749490835031,11.045164443719445,1.6436842105263156
2026-07-20,3796.281,4.0722,1.5126425855513306,1.661367766258247,1.5176908752327745,1.2571439179609343,3.3178834596083835,3.366369710467706,6.255295315682281,10.887939853135798,1.6563480128893664
2026-07-21,3864.367,4.1319,1.5128326996197716,1.6582852026390198,1.5125698324022345,1.257212124612426,3.3962081078421726,3.4189309576837412,6.372097759674134,11.796226860758397,1.69250268528464
2026-07-22,3867.034,4.1199,1.5131178707224335,1.6564088595664468,1.5181564245810055,1.2572803349644859,3.3768491783922068,3.4662583518930954,6.340835030549899,11.657354269424061,1.7170569280343717
2026-07-23,3876.777,4.1251,1.513212927756654,1.6533262959472197,1.5228119180633146,1.2573485490173153,3.437691528092099,3.4553452115812915,6.220061099796334,11.443430218473141,1.776315789473684
2026-07-24,3814.198,4.0949,1.513403041825095,1.6552026390197927,1.5139664804469273,1.257416766771115,3.360650890485093,3.406458797327394,6.15091649694501,11.203210765612761,1.7470247046186895
2026-07-27,3858.245,4.1222,1.513593155893536,1.6580171536286523,1.5176908752327745,1.2576214422403427,3.4473709928170817,3.4462138084632516,6.128716904276986,11.270044912132638,1.6514178302900107
2026-07-28,3813.315,4.0652,1.513403041825095,1.663110084825636,1.5176908752327745,1.2576896748000312,3.4076654334350094,3.4052338530066817,6.070366598778004,10.51076518199698,1.6002792696025778
2026-07-29,3828.469,4.0818,1.513403041825095,1.652522148916117,1.5246741154562382,1.2577579110616937,3.4783847879563123,3.399554565701559,5.943686354378819,10.262602326476452,1.6816756176154672
2026-07-30,3804.693,4.0609,1.5136882129277567,1.6521200754005654,1.5302607076350092,1.2578261510255313,3.428012063367116,3.395879732739421,6.140427698574338,10.125647108198013,1.669591836734694
2026-07-31,3832.262,4.0789,1.513783269961977,1.6463570216776624,1.5293296089385475,1.257894394691745,3.474631526124176,3.412360801781737,6.176985743380856,10.39764017169899,1.6787755102040816
2026-08-03,3809.663,4.0585,1.5139733840304181,1.6521200754005654,1.5279329608938548,1.2580991479066506,3.4958670864902097,3.403897550111359,6.285539714867617,10.219324477500466,1.6114930182599356
2026-08-04,3822.285,4.0844,1.5142585551330798,1.6594914231856739,1.520949720670391,1.2581674063843769,3.5215472990258783,3.4080178173719378,6.495213849287169,10.829323019712625,1.5578410311493018
2026-08-05,3878.43,4.1088,1.5143536121673002,1.6597594721960414,1.520949720670391,1.2582356685654836,3.583377349207911,3.485523385300668,6.439613034623218,10.964908685808279,1.542470461868958
2026-08-06,3900.352,4.105,1.5144486692015209,1.6597594721960414,1.526070763500931,1.2583039344501719,3.588908471907901,3.567817371937639,6.439613034623218,10.964908685808279,1.542470461868958
